"NETWORK NUMBER","V(N)","A(N)","L(N)","isBinary","isTreeBased","V(PN)","A(PN)","L(PN)","isBinary","isTreeBased","V(FN)","A(FN)","L(FN)","isBinary","isTreeBased","Measure1 FOLD","Measure1 PP","RV Input","RV PN","RV FN","TV Input","TV PN","TV FN","PL Input","PL PN","PL FN","HN Input","HN PN","HN FN","FOLD TIME","PP TIME"
"0","25","28","10","True","True","25","28","10","True","True","25","28","10","True","True","0.0","0.0","3","3","3","12","12","12","[1, 1, 1, 1, 2, 2, 1, 2, 2, 2]","[1, 1, 1, 1, 2, 2, 1, 2, 2, 2]","[1, 1, 1, 1, 2, 2, 1, 2, 2, 2]","3","3","3","0.0010006427764892578","0.0009987354278564453"
"1","38","46","10","True","False","29","32","10","True","True","33","38","10","True","True","0.05750179965986557","0.1183539331306287","9","3","5","18","12","14","[1, 9, 9, 1, 1, 1, 4, 10, 10, 3]","[1, 1, 1, 1, 1, 1, 3, 3, 3, 3]","[1, 3, 3, 1, 1, 1, 1, 3, 3, 1]","9","3","5","1.0331323146820068","0.053765058517456055"
"2","38","46","10","True","False","31","32","10","True","True","33","37","10","True","True","0.07130979507112567","0.10497357651520256","9","2","5","18","11","13","[1, 19, 19, 3, 3, 3, 2, 1, 1, 1]","[0, 0, 0, 0, 0, 1, 1, 1, 2, 2]","[1, 12, 12, 3, 3, 3, 2, 1, 1, 1]","9","2","5","0.35007572174072266","0.05259251594543457"
"3","30","37","10","True","True","30","37","10","True","True","30","37","10","True","True","0.0","0.0","3","3","3","15","15","15","[1, 1, 1, 2, 4, 4, 3, 3, 3, 1]","[1, 1, 1, 2, 4, 4, 3, 3, 3, 1]","[1, 1, 1, 2, 4, 4, 3, 3, 3, 1]","3","3","3","0.001003265380859375","0.0009982585906982422"
"4","25","27","10","True","True","25","27","10","True","True","25","27","10","True","True","0.0","0.0","3","3","3","11","11","11","[1, 1, 1, 1, 2, 2, 2, 3, 3, 3]","[1, 1, 1, 1, 2, 2, 2, 3, 3, 3]","[1, 1, 1, 1, 2, 2, 2, 3, 3, 3]","3","3","3","0.0","0.0009982585906982422"
"5","38","46","10","True","False","30","35","10","True","True","36","44","10","True","False","0.012903977681324341","0.1011930398299582","9","5","8","18","14","17","[1, 1, 2, 2, 2, 7, 16, 7, 1, 1]","[]","[1, 1, 2, 2, 1, 5, 11, 5, 1, 1]","9","5","8","10.642029762268066","0.07556414604187012"
"6","25","27","10","True","True","25","27","10","True","True","25","27","10","True","True","0.0","0.0","3","3","3","11","11","11","[1, 3, 3, 2, 4, 4, 4, 2, 1, 1]","[1, 3, 3, 2, 4, 4, 4, 2, 1, 1]","[1, 3, 3, 2, 4, 4, 4, 2, 1, 1]","3","3","3","0.0010004043579101562","0.0010001659393310547"
"7","25","28","10","True","True","25","28","10","True","True","25","28","10","True","True","0.0","0.0","3","3","3","12","12","12","[1, 1, 1, 1, 1, 2, 2, 2, 2, 2]","[1, 1, 1, 1, 1, 2, 2, 2, 2, 2]","[1, 1, 1, 1, 1, 2, 2, 2, 2, 2]","3","3","3","0.0009992122650146484","0.0010018348693847656"
"8","32","40","10","True","False","31","39","10","True","False","31","39","10","True","False","0.013435656625464087","0.013435656625464087","5","5","5","16","15","15","[1, 1, 1, 2, 2, 4, 4, 9, 2, 2]","[1, 1, 1, 2, 2, 4, 4, 9, 2, 2]","[1, 1, 1, 2, 2, 4, 4, 9, 2, 2]","5","5","5","0.18203091621398926","0.015985488891601562"
"9","25","28","10","True","True","25","28","10","True","True","25","28","10","True","True","0.0","0.0","3","3","3","12","12","12","[1, 1, 1, 2, 2, 2, 2, 1, 1, 1]","[1, 1, 1, 2, 2, 2, 2, 1, 1, 1]","[1, 1, 1, 2, 2, 2, 2, 1, 1, 1]","3","3","3","0.0010089874267578125","0.000993967056274414"
"10","30","38","10","True","True","30","38","10","True","True","30","38","10","True","True","0.0","0.0","3","3","3","16","16","16","[1, 1, 1, 1, 1, 1, 1, 3, 3, 3]","[1, 1, 1, 1, 1, 1, 1, 3, 3, 3]","[1, 1, 1, 1, 1, 1, 1, 3, 3, 3]","3","3","3","0.0010001659393310547","0.001135110855102539"
"11","38","46","10","True","False","30","33","10","True","True","34","39","10","True","False","0.05277335820908391","0.11330093013450371","9","4","6","18","12","14","[1, 4, 4, 3, 3, 3, 2, 2, 7, 1]","[1, 2, 2, 1, 2, 2, 2, 3, 3, 4]","[1, 3, 3, 2, 2, 2, 2, 2, 4, 1]","9","4","6","6.843648910522461","0.05874824523925781"
"12","25","27","10","True","True","25","27","10","True","True","25","27","10","True","True","0.0","0.0","3","3","3","11","11","11","[1, 2, 2, 3, 3, 3, 3, 2, 1, 1]","[1, 2, 2, 3, 3, 3, 3, 2, 1, 1]","[1, 2, 2, 3, 3, 3, 3, 2, 1, 1]","3","3","3","0.0009996891021728516","0.0010001659393310547"
"13","38","46","10","True","False","32","36","10","True","True","32","36","10","True","True","0.08586150133979109","0.08586150133979109","9","4","4","18","14","14","[1, 1, 1, 3, 3, 3, 1, 2, 10, 6]","[1, 1, 1, 1, 1, 2, 2, 2, 3, 7]","[1, 1, 1, 2, 2, 2, 1, 1, 7, 3]","9","4","4","0.4834270477294922","0.060796499252319336"
"14","25","27","10","True","True","25","27","10","True","True","25","27","10","True","True","0.0","0.0","3","3","3","11","11","11","[1, 1, 2, 5, 5, 5, 5, 1, 1, 1]","[1, 1, 2, 5, 5, 5, 5, 1, 1, 1]","[1, 1, 2, 5, 5, 5, 5, 1, 1, 1]","3","3","3","0.0010030269622802734","0.0"
"15","25","27","10","True","True","25","27","10","True","True","25","27","10","True","True","0.0","0.0","3","3","3","11","11","11","[1, 1, 1, 1, 3, 3, 3, 3, 3, 1]","[1, 1, 1, 1, 3, 3, 3, 3, 3, 1]","[1, 1, 1, 1, 3, 3, 3, 3, 3, 1]","3","3","3","0.0","0.0009944438934326172"
"16","25","27","10","True","True","25","27","10","True","True","25","27","10","True","True","0.0","0.0","3","3","3","11","11","11","[1, 1, 1, 1, 1, 1, 4, 4, 4, 1]","[1, 1, 1, 1, 1, 1, 4, 4, 4, 1]","[1, 1, 1, 1, 1, 1, 4, 4, 4, 1]","3","3","3","0.0011742115020751953","0.0010037422180175781"
"17","38","46","10","True","False","30","33","10","True","True","32","36","10","True","True","0.07234053120778638","0.10275390509026339","9","2","3","18","13","14","[7, 1, 1, 1, 1, 8, 4, 4, 4, 1]","[1, 1, 1, 1, 1, 1, 1, 1, 2, 2]","[2, 1, 1, 1, 1, 2, 1, 1, 1, 1]","9","2","3","0.33498144149780273","0.05273747444152832"
"18","25","28","10","True","True","25","28","10","True","True","25","28","10","True","True","0.0","0.0","3","3","3","12","12","12","[1, 1, 1, 1, 3, 3, 3, 3, 2, 2]","[1, 1, 1, 1, 3, 3, 3, 3, 2, 2]","[1, 1, 1, 1, 3, 3, 3, 3, 2, 2]","3","3","3","0.0","0.0009996891021728516"
"19","38","46","10","True","False","29","29","11","True","True","33","37","10","True","True","0.06917039538612713","0.13656135826057791","9","2","5","18","10","13","[1, 13, 13, 2, 2, 2, 2, 2, 1, 1]","[0, 0, 0, 0, 1, 1, 1, 1, 1, 3, 3]","[1, 6, 6, 1, 1, 1, 1, 1, 1, 1]","9","2","5","0.48023557662963867","0.054689884185791016"
"20","32","40","10","True","False","31","40","10","True","False","31","40","10","True","False","0.0","0.0","5","5","5","16","16","16","[4, 4, 2, 9, 9, 11, 11, 1, 1, 1]","[2, 2, 1, 6, 6, 7, 7, 1, 1, 1]","[2, 2, 1, 6, 6, 7, 7, 1, 1, 1]","5","5","5","0.7472455501556396","0.014184713363647461"
"21","25","27","10","True","True","25","27","10","True","True","25","27","10","True","True","0.0","0.0","3","3","3","11","11","11","[1, 1, 1, 2, 2, 5, 5, 4, 4, 4]","[1, 1, 1, 2, 2, 5, 5, 4, 4, 4]","[1, 1, 1, 2, 2, 5, 5, 4, 4, 4]","3","3","3","0.0009980201721191406","0.0"
"22","32","40","10","True","False","31","40","10","True","False","31","40","10","True","False","0.0","0.0","5","5","5","16","16","16","[1, 1, 1, 3, 3, 4, 4, 11, 1, 1]","[1, 1, 1, 2, 2, 2, 2, 5, 1, 1]","[1, 1, 1, 2, 2, 2, 2, 5, 1, 1]","5","5","5","0.17594313621520996","0.018572092056274414"
"23","25","28","10","True","True","25","28","10","True","True","25","28","10","True","True","0.0","0.0","3","3","3","12","12","12","[1, 1, 1, 1, 2, 2, 2, 2, 2, 1]","[1, 1, 1, 1, 2, 2, 2, 2, 2, 1]","[1, 1, 1, 1, 2, 2, 2, 2, 2, 1]","3","3","3","0.0009946823120117188","0.00099945068359375"
"24","25","28","10","True","True","25","28","10","True","True","25","28","10","True","True","0.0","0.0","3","3","3","12","12","12","[1, 1, 1, 1, 1, 2, 2, 1, 1, 1]","[1, 1, 1, 1, 1, 2, 2, 1, 1, 1]","[1, 1, 1, 1, 1, 2, 2, 1, 1, 1]","3","3","3","0.0010204315185546875","0.0009965896606445312"
"25","25","28","10","True","True","25","28","10","True","True","25","28","10","True","True","0.0","0.0","3","3","3","12","12","12","[1, 1, 1, 1, 2, 2, 2, 2, 1, 1]","[1, 1, 1, 1, 2, 2, 2, 2, 1, 1]","[1, 1, 1, 1, 2, 2, 2, 2, 1, 1]","3","3","3","0.001005411148071289","0.0"
"26","38","46","10","True","False","29","31","11","True","True","30","33","10","True","True","0.10223331514406353","0.12183843697673336","9","2","3","18","12","12","[10, 2, 11, 11, 4, 4, 4, 4, 4, 1]","[1, 1, 1, 1, 1, 1, 1, 1, 2, 2, 2]","[2, 1, 2, 2, 1, 1, 1, 1, 1, 1]","9","2","3","0.25887322425842285","0.0537717342376709"
"27","38","46","10","True","False","30","32","10","True","False","32","34","10","True","True","0.08470850565809795","0.11449115440982471","9","3","2","18","11","12","[1, 1, 1, 2, 2, 2, 11, 11, 11, 2]","[1, 1, 1, 1, 1, 1, 1, 4, 4, 4]","[1, 1, 1, 1, 1, 1, 2, 2, 2, 1]","9","3","2","0.9041264057159424","0.06280779838562012"
"28","25","28","10","True","True","25","28","10","True","True","25","28","10","True","True","0.0","0.0","3","3","3","12","12","12","[1, 1, 1, 1, 1, 1, 2, 2, 2, 2]","[1, 1, 1, 1, 1, 1, 2, 2, 2, 2]","[1, 1, 1, 1, 1, 1, 2, 2, 2, 2]","3","3","3","0.0010006427764892578","0.0010025501251220703"
"29","38","46","10","True","False","30","34","10","True","True","34","40","10","True","True","0.041917249679431445","0.10171302689860584","9","4","6","18","13","15","[1, 1, 1, 3, 21, 14, 6, 6, 3, 1]","[1, 1, 1, 1, 1, 1, 2, 2, 5, 7]","[1, 1, 1, 1, 7, 5, 2, 2, 1, 1]","9","4","6","1.0588881969451904","0.057906150817871094"
"30","25","27","10","True","True","25","27","10","True","True","25","27","10","True","True","0.0","0.0","3","3","3","11","11","11","[1, 1, 3, 3, 3, 3, 1, 1, 1, 1]","[1, 1, 3, 3, 3, 3, 1, 1, 1, 1]","[1, 1, 3, 3, 3, 3, 1, 1, 1, 1]","3","3","3","0.0010006427764892578","0.0"
"31","38","46","10","True","False","28","31","10","True","True","32","37","10","True","True","0.07083075445902154","0.13261749127560163","9","3","5","18","12","14","[1, 1, 1, 7, 7, 3, 3, 3, 5, 5]","[1, 1, 1, 2, 2, 2, 4, 4, 5, 5]","[1, 1, 1, 5, 5, 2, 2, 2, 4, 4]","9","3","5","0.5740172863006592","0.11886787414550781"
"32","32","40","10","True","False","31","40","10","True","False","31","40","10","True","False","0.0","0.0","5","5","5","16","16","16","[1, 1, 2, 2, 9, 11, 11, 11, 9, 2]","[1, 1, 1, 1, 5, 6, 6, 6, 5, 1]","[1, 1, 1, 1, 5, 6, 6, 6, 5, 1]","5","5","5","0.18644404411315918","0.01599574089050293"
"33","25","28","10","True","True","25","28","10","True","True","25","28","10","True","True","0.0","0.0","3","3","3","12","12","12","[1, 1, 1, 1, 1, 3, 3, 3, 1, 1]","[1, 1, 1, 1, 1, 3, 3, 3, 1, 1]","[1, 1, 1, 1, 1, 3, 3, 3, 1, 1]","3","3","3","0.0","0.0010039806365966797"
"34","30","38","10","True","True","30","38","10","True","True","30","38","10","True","True","0.0","0.0","3","3","3","16","16","16","[1, 1, 1, 1, 1, 2, 3, 3, 3, 2]","[1, 1, 1, 1, 1, 2, 3, 3, 3, 2]","[1, 1, 1, 1, 1, 2, 3, 3, 3, 2]","3","3","3","0.0009996891021728516","0.0009982585906982422"
"35","38","46","10","True","False","34","40","10","True","True","36","43","10","True","False","0.024997168596067487","0.05388743479615221","9","7","8","18","15","16","[1, 27, 4, 4, 22, 22, 8, 2, 2, 1]","[1, 1, 2, 2, 4, 4, 8, 22, 22, 26]","[1, 26, 4, 4, 22, 22, 8, 2, 2, 1]","9","7","8","10.751041650772095","0.09005594253540039"
"36","38","46","10","True","False","32","37","10","True","True","34","40","10","True","True","0.042405048647718435","0.07183699941966093","9","5","6","18","14","15","[1, 2, 6, 2, 5, 3, 3, 3, 1, 1]","[2, 2, 2, 1, 1, 1, 2, 2, 3, 5]","[1, 2, 5, 2, 3, 2, 2, 2, 1, 1]","9","5","6","0.44533300399780273","0.056120872497558594"
"37","25","28","10","True","True","25","28","10","True","True","25","28","10","True","True","0.0","0.0","3","3","3","12","12","12","[1, 1, 1, 1, 2, 2, 1, 2, 2, 2]","[1, 1, 1, 1, 2, 2, 1, 2, 2, 2]","[1, 1, 1, 1, 2, 2, 1, 2, 2, 2]","3","3","3","0.00099945068359375","0.0010025501251220703"
"38","25","28","10","True","True","25","28","10","True","True","25","28","10","True","True","0.0","0.0","3","3","3","12","12","12","[1, 1, 1, 1, 1, 3, 3, 3, 3, 1]","[1, 1, 1, 1, 1, 3, 3, 3, 3, 1]","[1, 1, 1, 1, 1, 3, 3, 3, 3, 1]","3","3","3","0.0","0.00099945068359375"
"39","32","40","10","True","False","31","40","10","True","False","31","40","10","True","False","0.0","0.0","5","5","5","16","16","16","[1, 1, 8, 8, 7, 1, 1, 1, 1, 1]","[1, 1, 3, 3, 3, 1, 1, 1, 1, 1]","[1, 1, 3, 3, 3, 1, 1, 1, 1, 1]","5","5","5","0.18618559837341309","0.016601085662841797"
"40","25","28","10","True","True","25","28","10","True","True","25","28","10","True","True","0.0","0.0","3","3","3","12","12","12","[1, 1, 1, 1, 2, 3, 3, 3, 3, 3]","[1, 1, 1, 1, 2, 3, 3, 3, 3, 3]","[1, 1, 1, 1, 2, 3, 3, 3, 3, 3]","3","3","3","0.0009984970092773438","0.0009958744049072266"
"41","25","27","10","True","True","25","27","10","True","True","25","27","10","True","True","0.0","0.0","3","3","3","11","11","11","[1, 1, 1, 2, 2, 1, 1, 3, 3, 3]","[1, 1, 1, 2, 2, 1, 1, 3, 3, 3]","[1, 1, 1, 2, 2, 1, 1, 3, 3, 3]","3","3","3","0.0009906291961669922","0.00099945068359375"
"42","30","37","10","True","True","30","37","10","True","True","30","37","10","True","True","0.0","0.0","3","3","3","15","15","15","[1, 2, 2, 1, 1, 4, 4, 4, 1, 1]","[1, 2, 2, 1, 1, 4, 4, 4, 1, 1]","[1, 2, 2, 1, 1, 4, 4, 4, 1, 1]","3","3","3","0.0","0.0010006427764892578"
"43","32","40","10","True","False","31","39","10","True","False","31","39","10","True","False","0.01170194183985307","0.01170194183985307","5","5","5","16","15","15","[1, 8, 3, 3, 3, 3, 2, 2, 1, 1]","[1, 8, 3, 3, 3, 3, 2, 2, 1, 1]","[1, 8, 3, 3, 3, 3, 2, 2, 1, 1]","5","5","5","0.18539166450500488","0.015829801559448242"
"44","30","38","10","True","True","30","38","10","True","True","30","38","10","True","True","0.0","0.0","3","3","3","16","16","16","[1, 1, 2, 2, 1, 1, 2, 2, 2, 1]","[1, 1, 2, 2, 1, 1, 2, 2, 2, 1]","[1, 1, 2, 2, 1, 1, 2, 2, 2, 1]","3","3","3","0.0009992122650146484","0.0010018348693847656"
"45","25","27","10","True","True","25","27","10","True","True","25","27","10","True","True","0.0","0.0","3","3","3","11","11","11","[1, 2, 2, 2, 2, 2, 2, 1, 1, 1]","[1, 2, 2, 2, 2, 2, 2, 1, 1, 1]","[1, 2, 2, 2, 2, 2, 2, 1, 1, 1]","3","3","3","0.0010001659393310547","0.0010008811950683594"
"46","25","28","10","True","True","25","28","10","True","True","25","28","10","True","True","0.0","0.0","3","3","3","12","12","12","[1, 1, 1, 1, 1, 2, 2, 2, 2, 2]","[1, 1, 1, 1, 1, 2, 2, 2, 2, 2]","[1, 1, 1, 1, 1, 2, 2, 2, 2, 2]","3","3","3","0.0","0.0009987354278564453"
"47","25","27","10","True","True","25","27","10","True","True","25","27","10","True","True","0.0","0.0","3","3","3","11","11","11","[1, 1, 3, 3, 3, 4, 4, 4, 1, 1]","[1, 1, 3, 3, 3, 4, 4, 4, 1, 1]","[1, 1, 3, 3, 3, 4, 4, 4, 1, 1]","3","3","3","0.0009963512420654297","0.0010020732879638672"
"48","25","27","10","True","True","25","27","10","True","True","25","27","10","True","True","0.0","0.0","3","3","3","11","11","11","[1, 1, 1, 1, 2, 3, 6, 6, 6, 1]","[1, 1, 1, 1, 2, 3, 6, 6, 6, 1]","[1, 1, 1, 1, 2, 3, 6, 6, 6, 1]","3","3","3","0.0009992122650146484","0.00099945068359375"
"49","38","46","10","True","False","30","34","10","True","True","34","40","10","True","True","0.041917249679431445","0.10171302689860584","9","4","6","18","13","15","[1, 1, 1, 14, 3, 3, 2, 7, 7, 7]","[1, 1, 1, 2, 2, 2, 4, 4, 4, 9]","[1, 1, 1, 9, 2, 2, 2, 4, 4, 4]","9","4","6","1.139934778213501","0.0674428939819336"
"50","38","46","10","True","False","30","32","10","True","True","32","35","10","True","True","0.08189780798384894","0.112638687018765","9","3","4","18","11","12","[1, 1, 1, 9, 1, 2, 5, 5, 13, 5]","[1, 1, 1, 1, 2, 2, 2, 2, 4, 6]","[1, 1, 1, 4, 1, 2, 2, 2, 6, 2]","9","3","4","0.3397057056427002","0.0547795295715332"
"51","25","28","10","True","True","25","28","10","True","True","25","28","10","True","True","0.0","0.0","3","3","3","12","12","12","[1, 1, 1, 1, 2, 2, 3, 3, 2, 2]","[1, 1, 1, 1, 2, 2, 3, 3, 2, 2]","[1, 1, 1, 1, 2, 2, 3, 3, 2, 2]","3","3","3","0.0010001659393310547","0.0010006427764892578"
"52","25","28","10","True","True","25","28","10","True","True","25","28","10","True","True","0.0","0.0","3","3","3","12","12","12","[1, 1, 1, 1, 1, 2, 2, 2, 2, 1]","[1, 1, 1, 1, 1, 2, 2, 2, 2, 1]","[1, 1, 1, 1, 1, 2, 2, 2, 2, 1]","3","3","3","0.0021233558654785156","0.0019960403442382812"
"53","30","38","10","True","True","30","38","10","True","True","30","38","10","True","True","0.0","0.0","3","3","3","16","16","16","[1, 1, 2, 2, 2, 2, 2, 2, 1, 1]","[1, 1, 2, 2, 2, 2, 2, 2, 1, 1]","[1, 1, 2, 2, 2, 2, 2, 2, 1, 1]","3","3","3","0.0021753311157226562","0.0019998550415039062"
"54","25","28","10","True","True","25","28","10","True","True","25","28","10","True","True","0.0","0.0","3","3","3","12","12","12","[1, 1, 1, 1, 1, 3, 3, 3, 1, 1]","[1, 1, 1, 1, 1, 3, 3, 3, 1, 1]","[1, 1, 1, 1, 1, 3, 3, 3, 1, 1]","3","3","3","0.0009996891021728516","0.002000093460083008"
"55","25","28","10","True","True","25","28","10","True","True","25","28","10","True","True","0.0","0.0","3","3","3","12","12","12","[1, 1, 2, 3, 3, 3, 3, 3, 2, 1]","[1, 1, 2, 3, 3, 3, 3, 3, 2, 1]","[1, 1, 2, 3, 3, 3, 3, 3, 2, 1]","3","3","3","0.0020003318786621094","0.0009906291961669922"
"56","30","38","10","True","True","30","38","10","True","True","30","38","10","True","True","0.0","0.0","3","3","3","16","16","16","[1, 2, 2, 3, 3, 2, 1, 1, 1, 1]","[1, 2, 2, 3, 3, 2, 1, 1, 1, 1]","[1, 2, 2, 3, 3, 2, 1, 1, 1, 1]","3","3","3","0.002187490463256836","0.0030066967010498047"
"57","25","28","10","True","True","25","28","10","True","True","25","28","10","True","True","0.0","0.0","3","3","3","12","12","12","[1, 1, 2, 2, 2, 2, 2, 2, 2, 2]","[1, 1, 2, 2, 2, 2, 2, 2, 2, 2]","[1, 1, 2, 2, 2, 2, 2, 2, 2, 2]","3","3","3","0.0020003318786621094","0.0019996166229248047"
"58","38","46","10","True","False","28","29","10","True","True","32","35","10","True","True","0.0836881257849349","0.14640502554820256","9","2","4","18","10","12","[1, 1, 1, 2, 3, 4, 4, 4, 7, 9]","[1, 1, 1, 1, 1, 1, 1, 1, 3, 3]","[1, 1, 1, 1, 1, 1, 1, 1, 3, 3]","9","2","4","0.5943102836608887","0.06774377822875977"
"59","30","38","10","True","True","30","38","10","True","True","30","38","10","True","True","0.0","0.0","3","3","3","16","16","16","[1, 1, 2, 2, 2, 1, 1, 1, 1, 1]","[1, 1, 2, 2, 2, 1, 1, 1, 1, 1]","[1, 1, 2, 2, 2, 1, 1, 1, 1, 1]","3","3","3","0.0009930133819580078","0.0009958744049072266"
"60","25","28","10","True","True","25","28","10","True","True","25","28","10","True","True","0.0","0.0","3","3","3","12","12","12","[1, 1, 1, 1, 3, 3, 3, 3, 3, 1]","[1, 1, 1, 1, 3, 3, 3, 3, 3, 1]","[1, 1, 1, 1, 3, 3, 3, 3, 3, 1]","3","3","3","0.0010037422180175781","0.0009980201721191406"
"61","30","38","10","True","True","30","38","10","True","True","30","38","10","True","True","0.0","0.0","3","3","3","16","16","16","[1, 2, 2, 2, 2, 3, 3, 3, 1, 1]","[1, 2, 2, 2, 2, 3, 3, 3, 1, 1]","[1, 2, 2, 2, 2, 3, 3, 3, 1, 1]","3","3","3","0.0009930133819580078","0.0"
"62","32","40","10","True","False","31","40","10","True","False","31","40","10","True","False","0.0","0.0","5","5","5","16","16","16","[1, 1, 1, 3, 4, 4, 4, 1, 10, 1]","[1, 1, 1, 2, 3, 3, 3, 1, 8, 1]","[1, 1, 1, 2, 3, 3, 3, 1, 8, 1]","5","5","5","0.18521976470947266","0.015256404876708984"
"63","25","28","10","True","True","25","28","10","True","True","25","28","10","True","True","0.0","0.0","3","3","3","12","12","12","[1, 1, 2, 3, 3, 1, 1, 1, 1, 1]","[1, 1, 2, 3, 3, 1, 1, 1, 1, 1]","[1, 1, 2, 3, 3, 1, 1, 1, 1, 1]","3","3","3","0.0010025501251220703","0.0009989738464355469"
"64","25","27","10","True","True","25","27","10","True","True","25","27","10","True","True","0.0","0.0","3","3","3","11","11","11","[1, 1, 1, 4, 4, 4, 4, 4, 3, 3]","[1, 1, 1, 4, 4, 4, 4, 4, 3, 3]","[1, 1, 1, 4, 4, 4, 4, 4, 3, 3]","3","3","3","0.0009980201721191406","0.0009982585906982422"
"65","30","37","10","True","True","30","37","10","True","True","30","37","10","True","True","0.0","0.0","3","3","3","15","15","15","[1, 1, 1, 3, 3, 2, 2, 2, 1, 1]","[1, 1, 1, 3, 3, 2, 2, 2, 1, 1]","[1, 1, 1, 3, 3, 2, 2, 2, 1, 1]","3","3","3","0.0010101795196533203","0.0009937286376953125"
"66","38","46","10","True","False","30","34","10","True","True","36","43","10","True","False","0.028146891350899872","0.1179603981885623","9","5","8","18","14","17","[7, 1, 1, 1, 3, 4, 12, 4, 4, 1]","[1, 1, 1, 1, 3, 4, 4, 4, 6, 12]","[6, 1, 1, 1, 3, 4, 12, 4, 4, 1]","9","5","8","10.670857667922974","0.07523608207702637"
"67","38","46","10","True","False","29","30","10","True","True","31","33","10","True","True","0.1010593204670791","0.13247892814639384","9","2","3","18","11","12","[8, 1, 9, 1, 2, 2, 5, 5, 5, 1]","[1, 1, 1, 1, 1, 2, 2, 2, 3, 3]","[3, 1, 3, 1, 1, 1, 2, 2, 2, 1]","9","2","3","0.395465612411499","0.06813502311706543"
"68","25","28","10","True","True","25","28","10","True","True","25","28","10","True","True","0.0","0.0","3","3","3","12","12","12","[1, 1, 2, 2, 3, 3, 1, 1, 1, 1]","[1, 1, 2, 2, 3, 3, 1, 1, 1, 1]","[1, 1, 2, 2, 3, 3, 1, 1, 1, 1]","3","3","3","0.001003265380859375","0.0010025501251220703"
"69","25","28","10","True","True","25","28","10","True","True","25","28","10","True","True","0.0","0.0","3","3","3","12","12","12","[1, 1, 1, 1, 1, 3, 3, 1, 1, 1]","[1, 1, 1, 1, 1, 3, 3, 1, 1, 1]","[1, 1, 1, 1, 1, 3, 3, 1, 1, 1]","3","3","3","0.0010004043579101562","0.0009999275207519531"
"70","30","38","10","True","True","30","38","10","True","True","30","38","10","True","True","0.0","0.0","3","3","3","16","16","16","[1, 1, 1, 1, 1, 2, 2, 3, 3, 3]","[1, 1, 1, 1, 1, 2, 2, 3, 3, 3]","[1, 1, 1, 1, 1, 2, 2, 3, 3, 3]","3","3","3","0.00099945068359375","0.0020084381103515625"
"71","38","46","10","True","False","29","32","10","True","False","33","38","10","True","False","0.05750179965986557","0.1183539331306287","9","3","5","18","12","14","[1, 1, 3, 10, 4, 7, 2, 2, 2, 2]","[1, 1, 2, 2, 2, 2, 2, 2, 6, 6]","[1, 1, 2, 6, 2, 6, 2, 2, 2, 2]","9","3","5","1.1399190425872803","0.05474543571472168"
"72","25","28","10","True","True","25","28","10","True","True","25","28","10","True","True","0.0","0.0","3","3","3","12","12","12","[1, 2, 2, 2, 2, 3, 3, 2, 1, 1]","[1, 2, 2, 2, 2, 3, 3, 2, 1, 1]","[1, 2, 2, 2, 2, 3, 3, 2, 1, 1]","3","3","3","0.00099945068359375","0.0010004043579101562"
"73","38","46","10","True","False","31","35","10","True","True","33","38","10","True","True","0.05750179965986557","0.08742051171675358","9","4","5","18","13","14","[1, 1, 9, 3, 11, 4, 4, 4, 4, 4]","[1, 1, 3, 3, 3, 3, 3, 3, 6, 9]","[1, 1, 6, 3, 9, 3, 3, 3, 3, 3]","9","4","5","0.3777639865875244","0.06491994857788086"
"74","32","40","10","True","False","31","39","10","True","False","31","39","10","True","False","0.01170194183985307","0.01170194183985307","5","5","5","16","15","15","[1, 1, 4, 8, 8, 4, 4, 2, 1, 1]","[1, 1, 4, 8, 8, 4, 4, 2, 1, 1]","[1, 1, 4, 8, 8, 4, 4, 2, 1, 1]","5","5","5","0.291273832321167","0.02842855453491211"
"75","25","27","10","True","True","25","27","10","True","True","25","27","10","True","True","0.0","0.0","3","3","3","11","11","11","[1, 1, 1, 2, 2, 2, 5, 5, 5, 2]","[1, 1, 1, 2, 2, 2, 5, 5, 5, 2]","[1, 1, 1, 2, 2, 2, 5, 5, 5, 2]","3","3","3","0.0019969940185546875","0.0010023117065429688"
"76","25","27","10","True","True","25","27","10","True","True","25","27","10","True","True","0.0","0.0","3","3","3","11","11","11","[1, 1, 2, 6, 6, 6, 6, 6, 6, 2]","[1, 1, 2, 6, 6, 6, 6, 6, 6, 2]","[1, 1, 2, 6, 6, 6, 6, 6, 6, 2]","3","3","3","0.0010006427764892578","0.0010006427764892578"
"77","25","28","10","True","True","25","28","10","True","True","25","28","10","True","True","0.0","0.0","3","3","3","12","12","12","[1, 1, 1, 2, 2, 2, 2, 2, 2, 2]","[1, 1, 1, 2, 2, 2, 2, 2, 2, 2]","[1, 1, 1, 2, 2, 2, 2, 2, 2, 2]","3","3","3","0.0009989738464355469","0.0009965896606445312"
"78","25","27","10","True","True","25","27","10","True","True","25","27","10","True","True","0.0","0.0","3","3","3","11","11","11","[1, 1, 2, 3, 3, 6, 6, 6, 2, 1]","[1, 1, 2, 3, 3, 6, 6, 6, 2, 1]","[1, 1, 2, 3, 3, 6, 6, 6, 2, 1]","3","3","3","0.0010004043579101562","0.0009987354278564453"
"79","25","27","10","True","True","25","27","10","True","True","25","27","10","True","True","0.0","0.0","3","3","3","11","11","11","[1, 1, 2, 2, 4, 4, 4, 2, 2, 2]","[1, 1, 2, 2, 4, 4, 4, 2, 2, 2]","[1, 1, 2, 2, 4, 4, 4, 2, 2, 2]","3","3","3","0.0009975433349609375","0.00099945068359375"
"80","25","27","10","True","True","25","27","10","True","True","25","27","10","True","True","0.0","0.0","3","3","3","11","11","11","[1, 1, 1, 3, 4, 4, 1, 1, 1, 1]","[1, 1, 1, 3, 4, 4, 1, 1, 1, 1]","[1, 1, 1, 3, 4, 4, 1, 1, 1, 1]","3","3","3","0.00099945068359375","0.0"
"81","38","46","10","True","False","29","32","10","True","True","33","38","10","True","True","0.0581252745885219","0.1190204724564895","9","3","5","18","12","14","[2, 2, 2, 11, 11, 2, 2, 2, 2, 7]","[1, 1, 1, 1, 1, 1, 1, 2, 4, 4]","[1, 1, 1, 4, 4, 1, 1, 1, 1, 2]","9","3","5","0.5156571865081787","0.05676436424255371"
"82","25","27","10","True","True","25","27","10","True","True","25","27","10","True","True","0.0","0.0","3","3","3","11","11","11","[1, 1, 1, 3, 4, 4, 4, 2, 1, 1]","[1, 1, 1, 3, 4, 4, 4, 2, 1, 1]","[1, 1, 1, 3, 4, 4, 4, 2, 1, 1]","3","3","3","0.0010020732879638672","0.0009992122650146484"
"83","32","40","10","True","False","31","39","10","True","False","31","39","10","True","False","0.013435656625464087","0.013435656625464087","5","5","5","16","15","15","[1, 3, 4, 12, 4, 4, 4, 2, 1, 1]","[1, 3, 4, 12, 4, 4, 4, 2, 1, 1]","[1, 3, 4, 12, 4, 4, 4, 2, 1, 1]","5","5","5","0.18200063705444336","0.01715683937072754"
"84","25","28","10","True","True","25","28","10","True","True","25","28","10","True","True","0.0","0.0","3","3","3","12","12","12","[1, 1, 1, 1, 1, 2, 3, 3, 3, 3]","[1, 1, 1, 1, 1, 2, 3, 3, 3, 3]","[1, 1, 1, 1, 1, 2, 3, 3, 3, 3]","3","3","3","0.0009889602661132812","0.0009944438934326172"
"85","25","27","10","True","True","25","27","10","True","True","25","27","10","True","True","0.0","0.0","3","3","3","11","11","11","[1, 1, 1, 1, 2, 2, 5, 5, 1, 1]","[1, 1, 1, 1, 2, 2, 5, 5, 1, 1]","[1, 1, 1, 1, 2, 2, 5, 5, 1, 1]","3","3","3","0.0010066032409667969","0.0009834766387939453"
"86","38","46","10","True","False","29","32","10","True","True","33","38","10","True","False","0.05651084327519418","0.11729465933465388","9","3","5","18","12","14","[1, 1, 1, 1, 6, 9, 9, 9, 3, 6]","[1, 1, 1, 1, 1, 2, 3, 4, 4, 4]","[1, 1, 1, 1, 2, 4, 4, 4, 1, 3]","9","3","5","7.196354150772095","0.06083416938781738"
"87","25","28","10","True","True","25","28","10","True","True","25","28","10","True","True","0.0","0.0","3","3","3","12","12","12","[1, 1, 2, 2, 2, 2, 2, 1, 1, 1]","[1, 1, 2, 2, 2, 2, 2, 1, 1, 1]","[1, 1, 2, 2, 2, 2, 2, 1, 1, 1]","3","3","3","0.0009996891021728516","0.0010001659393310547"
"88","25","27","10","True","True","25","27","10","True","True","25","27","10","True","True","0.0","0.0","3","3","3","11","11","11","[1, 1, 2, 4, 4, 5, 5, 2, 2, 1]","[1, 1, 2, 4, 4, 5, 5, 2, 2, 1]","[1, 1, 2, 4, 4, 5, 5, 2, 2, 1]","3","3","3","0.001001119613647461","0.0009992122650146484"
"89","25","27","10","True","True","25","27","10","True","True","25","27","10","True","True","0.0","0.0","3","3","3","11","11","11","[1, 1, 1, 2, 2, 1, 3, 3, 3, 1]","[1, 1, 1, 2, 2, 1, 3, 3, 3, 1]","[1, 1, 1, 2, 2, 1, 3, 3, 3, 1]","3","3","3","0.0010004043579101562","0.0010004043579101562"
"90","25","28","10","True","True","25","28","10","True","True","25","28","10","True","True","0.0","0.0","3","3","3","12","12","12","[1, 1, 3, 3, 3, 1, 1, 1, 1, 1]","[1, 1, 3, 3, 3, 1, 1, 1, 1, 1]","[1, 1, 3, 3, 3, 1, 1, 1, 1, 1]","3","3","3","0.0010035037994384766","0.000989675521850586"
"91","38","46","10","True","False","27","30","10","True","True","34","38","12","True","True","0.047105377230417744","0.14876463370199955","9","3","4","18","12","15","[2, 2, 1, 6, 2, 3, 3, 5, 1, 1]","[1, 1, 1, 1, 2, 2, 2, 2, 4, 5]","[2, 2, 1, 2, 1, 1, 1, 2, 1, 1, 1, 3]","9","3","4","1.5166711807250977","0.09423565864562988"
"92","25","28","10","True","True","25","28","10","True","True","25","28","10","True","True","0.0","0.0","3","3","3","12","12","12","[1, 1, 1, 1, 1, 2, 3, 3, 3, 1]","[1, 1, 1, 1, 1, 2, 3, 3, 3, 1]","[1, 1, 1, 1, 1, 2, 3, 3, 3, 1]","3","3","3","0.001990079879760742","0.0010004043579101562"
"93","38","46","10","True","False","29","33","10","True","True","35","42","10","True","True","0.02706228890395479","0.11676549883648046","9","4","7","18","13","16","[1, 1, 1, 1, 2, 8, 8, 3, 3, 3]","[]","[1, 1, 1, 1, 2, 7, 5, 2, 2, 2]","9","4","7","1.339895248413086","0.06645607948303223"
"94","38","46","10","True","False","30","33","10","True","True","34","39","10","True","True","0.05277335820908391","0.11330093013450371","9","4","6","18","12","14","[1, 20, 1, 2, 16, 16, 8, 8, 1, 1]","[1, 1, 1, 1, 1, 4, 4, 8, 8, 10]","[1, 10, 1, 1, 8, 8, 4, 4, 1, 1]","9","4","6","1.9043936729431152","0.11823773384094238"
"95","30","37","10","True","True","30","37","10","True","True","30","37","10","True","True","0.0","0.0","3","3","3","15","15","15","[1, 1, 3, 3, 3, 2, 2, 2, 2, 2]","[1, 1, 3, 3, 3, 2, 2, 2, 2, 2]","[1, 1, 3, 3, 3, 2, 2, 2, 2, 2]","3","3","3","0.0009958744049072266","0.0010027885437011719"
"96","38","46","10","True","False","31","35","10","True","True","35","41","11","True","False","0.041429698943123316","0.0989580014100424","9","5","7","18","13","16","[1, 1, 1, 1, 1, 20, 7, 7, 1, 1]","[1, 1, 1, 1, 1, 1, 1, 4, 4, 11]","[1, 1, 1, 1, 1, 16, 6, 6, 1, 1, 1]","9","5","7","9.67395281791687","0.06575775146484375"
"97","25","27","10","True","True","25","27","10","True","True","25","27","10","True","True","0.0","0.0","3","3","3","11","11","11","[1, 1, 1, 2, 2, 1, 2, 3, 3, 3]","[1, 1, 1, 2, 2, 1, 2, 3, 3, 3]","[1, 1, 1, 2, 2, 1, 2, 3, 3, 3]","3","3","3","0.0","0.0009996891021728516"
"98","25","28","10","True","True","25","28","10","True","True","25","28","10","True","True","0.0","0.0","3","3","3","12","12","12","[1, 1, 2, 3, 3, 3, 2, 2, 1, 1]","[1, 1, 2, 3, 3, 3, 2, 2, 1, 1]","[1, 1, 2, 3, 3, 3, 2, 2, 1, 1]","3","3","3","0.0009992122650146484","0.0009996891021728516"
"99","38","46","10","True","False","29","30","10","True","True","31","33","10","True","True","0.1010593204670791","0.13247892814639384","9","2","3","18","11","12","[9, 1, 1, 1, 4, 4, 3, 3, 3, 8]","[1, 1, 1, 2, 2, 2, 2, 2, 4, 4]","[4, 1, 1, 1, 2, 2, 2, 2, 2, 4]","9","2","3","0.32360219955444336","0.06299471855163574"
"100","39","44","15","True","True","39","44","15","True","True","39","44","15","True","True","0.0","0.0","5","5","5","19","19","19","[1, 2, 2, 2, 3, 3, 3, 2, 1, 2, 2, 4, 4, 1, 1]","[1, 2, 2, 2, 3, 3, 3, 2, 1, 2, 2, 4, 4, 1, 1]","[1, 2, 2, 2, 3, 3, 3, 2, 1, 2, 2, 4, 4, 1, 1]","5","5","5","0.00099945068359375","0.0009999275207519531"
"101","52","62","15","True","False","40","43","15","True","True","46","52","15","True","False","0.05096784738793847","0.11763580988429478","11","3","6","25","17","20","[1, 1, 1, 5, 5, 1, 1, 2, 11, 3, 3, 6, 6, 3, 3]","[1, 1, 1, 1, 1, 1, 1, 1, 1, 1, 2, 2, 3, 3, 5]","[1, 1, 1, 3, 3, 1, 1, 1, 5, 1, 1, 2, 2, 1, 1]","11","3","6","7.953949689865112","0.7446517944335938"
"102","52","62","15","True","False","38","42","15","True","True","50","60","15","True","False","0.009445865084508398","0.14150913294764755","11","4","10","25","18","24","[11, 1, 1, 1, 1, 1, 1, 2, 2, 7, 6, 6, 6, 3, 1]","[]","[8, 1, 1, 1, 1, 1, 1, 1, 1, 4, 5, 5, 5, 2, 1]","11","4","10","16.47482395172119","0.1379990577697754"
"103","39","44","15","True","True","39","44","15","True","True","39","44","15","True","True","0.0","0.0","5","5","5","19","19","19","[1, 1, 1, 2, 2, 2, 1, 1, 1, 2, 4, 4, 2, 2, 2]","[1, 1, 1, 2, 2, 2, 1, 1, 1, 2, 4, 4, 2, 2, 2]","[1, 1, 1, 2, 2, 2, 1, 1, 1, 2, 4, 4, 2, 2, 2]","5","5","5","0.001999378204345703","0.0011894702911376953"
"104","52","62","15","True","False","40","41","16","True","True","44","47","16","True","True","0.08491403299674827","0.13052581874005564","11","2","4","25","16","18","[1, 1, 2, 3, 3, 3, 1, 2, 3, 9, 9, 4, 4, 4, 2]","[1, 1, 1, 1, 1, 1, 1, 1, 1, 1, 1, 1, 1, 1, 3, 3]","[1, 1, 1, 1, 1, 1, 1, 1, 1, 3, 3, 1, 1, 1, 1, 1]","11","2","4","0.5727260112762451","0.11863827705383301"
"105","52","62","15","True","False","45","49","16","True","True","47","53","15","True","True","0.04905464458598263","0.074249640997334","11","6","7","25","19","20","[1, 1, 1, 18, 1, 1, 2, 2, 3, 3, 6, 18, 8, 8, 7]","[0, 0, 0, 0, 0, 0, 0, 0, 0, 0, 1, 1, 1, 1, 2, 3]","[1, 1, 1, 2, 1, 1, 2, 2, 3, 3, 6, 3, 1, 1, 7]","11","6","7","0.5094630718231201","0.1077280044555664"
"106","52","62","15","True","False","40","45","15","True","True","50","60","15","True","True","0.009445865084508398","0.11812412643467052","11","5","10","25","19","24","[1, 1, 10, 3, 3, 3, 4, 4, 3, 4, 8, 3, 2, 2, 2]","[]","[1, 1, 9, 3, 3, 3, 4, 4, 3, 4, 7, 3, 1, 1, 1]","11","5","10","1.4345388412475586","0.13350677490234375"
"107","39","43","15","True","True","39","43","15","True","True","39","43","15","True","True","0.0","0.0","5","5","5","18","18","18","[1, 1, 3, 3, 4, 8, 8, 8, 8, 8, 2, 2, 2, 1, 1]","[1, 1, 3, 3, 4, 8, 8, 8, 8, 8, 2, 2, 2, 1, 1]","[1, 1, 3, 3, 4, 8, 8, 8, 8, 8, 2, 2, 2, 1, 1]","5","5","5","0.0009989738464355469","0.0009996891021728516"
"108","39","44","15","True","True","39","44","15","True","True","39","44","15","True","True","0.0","0.0","5","5","5","19","19","19","[1, 1, 1, 2, 2, 1, 1, 4, 4, 4, 3, 3, 3, 1, 1]","[1, 1, 1, 2, 2, 1, 1, 4, 4, 4, 3, 3, 3, 1, 1]","[1, 1, 1, 2, 2, 1, 1, 4, 4, 4, 3, 3, 3, 1, 1]","5","5","5","0.0009999275207519531","0.0010008811950683594"
"109","39","44","15","True","True","39","44","15","True","True","39","44","15","True","True","0.0","0.0","5","5","5","19","19","19","[1, 1, 1, 1, 1, 1, 1, 3, 3, 3, 6, 6, 2, 2, 2]","[1, 1, 1, 1, 1, 1, 1, 3, 3, 3, 6, 6, 2, 2, 2]","[1, 1, 1, 1, 1, 1, 1, 3, 3, 3, 6, 6, 2, 2, 2]","5","5","5","0.0030944347381591797","0.0030007362365722656"
"110","39","44","15","True","True","39","44","15","True","True","39","44","15","True","True","0.0","0.0","5","5","5","19","19","19","[1, 1, 1, 1, 1, 2, 2, 2, 3, 3, 1, 1, 1, 1, 1]","[1, 1, 1, 1, 1, 2, 2, 2, 3, 3, 1, 1, 1, 1, 1]","[1, 1, 1, 1, 1, 2, 2, 2, 3, 3, 1, 1, 1, 1, 1]","5","5","5","0.002002239227294922","0.001996755599975586"
"111","52","62","15","True","False","40","43","15","True","True","48","55","15","True","True","0.03877105619564014","0.12755107189589976","11","4","8","25","17","21","[1, 1, 1, 1, 1, 1, 3, 3, 3, 6, 15, 9, 9, 16, 9]","[1, 1, 1, 1, 1, 1, 2, 2, 2, 4, 6, 6, 6, 10, 10]","[1, 1, 1, 1, 1, 1, 2, 2, 2, 4, 10, 6, 6, 10, 6]","11","4","8","1.498046636581421","0.08239197731018066"
"112","39","43","15","True","True","39","43","15","True","True","39","43","15","True","True","0.0","0.0","5","5","5","18","18","18","[1, 1, 2, 2, 4, 4, 2, 4, 4, 8, 8, 8, 8, 8, 1]","[1, 1, 2, 2, 4, 4, 2, 4, 4, 8, 8, 8, 8, 8, 1]","[1, 1, 2, 2, 4, 4, 2, 4, 4, 8, 8, 8, 8, 8, 1]","5","5","5","0.0010008811950683594","0.0009965896606445312"
"113","52","62","15","True","False","38","41","15","True","True","45","49","15","True","True","0.07300975085752248","0.15261555420021156","11","4","4","25","17","19","[1, 1, 1, 1, 1, 2, 2, 1, 2, 2, 3, 4, 8, 4, 6]","[1, 1, 1, 1, 1, 1, 2, 2, 2, 2, 2, 3, 3, 5, 7]","[1, 1, 1, 1, 1, 2, 2, 1, 2, 2, 1, 1, 2, 1, 2]","11","4","4","1.5029819011688232","0.1068727970123291"
"114","39","43","15","True","True","39","43","15","True","True","39","43","15","True","True","0.0","0.0","5","5","5","18","18","18","[1, 1, 1, 2, 2, 2, 7, 7, 5, 5, 5, 5, 6, 6, 6]","[1, 1, 1, 2, 2, 2, 7, 7, 5, 5, 5, 5, 6, 6, 6]","[1, 1, 1, 2, 2, 2, 7, 7, 5, 5, 5, 5, 6, 6, 6]","5","5","5","0.0010046958923339844","0.0009965896606445312"
"115","39","44","15","True","True","39","44","15","True","True","39","44","15","True","True","0.0","0.0","5","5","5","19","19","19","[1, 1, 1, 1, 3, 3, 3, 3, 6, 6, 6, 1, 1, 1, 1]","[1, 1, 1, 1, 3, 3, 3, 3, 6, 6, 6, 1, 1, 1, 1]","[1, 1, 1, 1, 3, 3, 3, 3, 6, 6, 6, 1, 1, 1, 1]","5","5","5","0.0010013580322265625","0.0009996891021728516"
"116","52","62","15","True","False","37","41","15","True","True","45","49","16","True","True","0.07506778494329891","0.15435788477050805","11","4","5","25","18","19","[1, 1, 1, 2, 2, 1, 1, 3, 3, 5, 1, 3, 3, 3, 7]","[]","[1, 1, 1, 2, 2, 1, 1, 1, 1, 3, 1, 2, 2, 2, 3, 2]","11","4","5","3.794390916824341","0.09569001197814941"
"117","44","53","15","True","True","44","53","15","True","True","44","53","15","True","True","0.0","0.0","5","5","5","22","22","22","[1, 2, 3, 3, 3, 3, 5, 5, 5, 1, 1, 1, 2, 2, 2]","[1, 2, 3, 3, 3, 3, 5, 5, 5, 1, 1, 1, 2, 2, 2]","[1, 2, 3, 3, 3, 3, 5, 5, 5, 1, 1, 1, 2, 2, 2]","5","5","5","0.0010001659393310547","0.00099945068359375"
"118","39","44","15","True","True","39","44","15","True","True","39","44","15","True","True","0.0","0.0","5","5","5","19","19","19","[1, 1, 1, 1, 2, 2, 2, 2, 4, 6, 6, 2, 2, 1, 1]","[1, 1, 1, 1, 2, 2, 2, 2, 4, 6, 6, 2, 2, 1, 1]","[1, 1, 1, 1, 2, 2, 2, 2, 4, 6, 6, 2, 2, 1, 1]","5","5","5","0.0009996891021728516","0.0010001659393310547"
"119","39","43","15","True","True","39","43","15","True","True","39","43","15","True","True","0.0","0.0","5","5","5","18","18","18","[1, 1, 1, 1, 1, 2, 2, 3, 4, 4, 3, 3, 3, 1, 1]","[1, 1, 1, 1, 1, 2, 2, 3, 4, 4, 3, 3, 3, 1, 1]","[1, 1, 1, 1, 1, 2, 2, 3, 4, 4, 3, 3, 3, 1, 1]","5","5","5","0.0010042190551757812","0.0009970664978027344"
"120","39","43","15","True","True","39","43","15","True","True","39","43","15","True","True","0.0","0.0","5","5","5","18","18","18","[1, 1, 1, 1, 1, 4, 4, 4, 4, 6, 6, 1, 1, 1, 1]","[1, 1, 1, 1, 1, 4, 4, 4, 4, 6, 6, 1, 1, 1, 1]","[1, 1, 1, 1, 1, 4, 4, 4, 4, 6, 6, 1, 1, 1, 1]","5","5","5","0.0009932518005371094","0.0010035037994384766"
"121","39","43","15","True","True","39","43","15","True","True","39","43","15","True","True","0.0","0.0","5","5","5","18","18","18","[1, 1, 1, 1, 1, 1, 2, 2, 2, 7, 9, 9, 9, 9, 2]","[1, 1, 1, 1, 1, 1, 2, 2, 2, 7, 9, 9, 9, 9, 2]","[1, 1, 1, 1, 1, 1, 2, 2, 2, 7, 9, 9, 9, 9, 2]","5","5","5","0.0009872913360595703","0.0009970664978027344"
"122","52","62","15","True","False","38","41","16","True","True","48","56","16","True","True","0.033236328773614376","0.14493300953577093","11","3","8","25","18","23","[2, 6, 6, 2, 2, 2, 6, 6, 1, 1, 1, 4, 4, 1, 1]","[]","[1, 4, 3, 1, 1, 1, 3, 3, 1, 1, 1, 2, 2, 1, 1, 0]","11","3","8","1.1705505847930908","0.13675665855407715"
"123","46","56","15","True","False","45","55","15","True","False","45","55","15","True","False","0.009515869481628192","0.009515869481628192","7","7","7","23","22","22","[1, 1, 1, 2, 2, 6, 6, 6, 6, 12, 35, 35, 12, 1, 1]","[1, 1, 1, 2, 2, 6, 6, 6, 6, 12, 35, 35, 12, 1, 1]","[1, 1, 1, 2, 2, 6, 6, 6, 6, 12, 35, 35, 12, 1, 1]","7","7","7","0.2559239864349365","0.02200937271118164"
"124","52","62","15","True","False","42","47","15","True","True","48","56","15","True","True","0.030913550854693495","0.09610117644499616","11","5","8","25","19","22","[1, 1, 2, 2, 3, 8, 6, 6, 6, 16, 2, 2, 3, 3, 3]","[1, 1, 2, 2, 2, 3, 3, 3, 2, 2, 4, 4, 4, 6, 12]","[1, 1, 2, 2, 2, 6, 4, 4, 4, 12, 2, 2, 3, 3, 3]","11","5","8","1.5161421298980713","0.08568668365478516"
"125","52","62","15","True","False","44","50","15","True","True","46","51","15","True","True","0.05899279323606155","0.08218311738392436","11","7","6","25","20","19","[1, 1, 1, 2, 4, 4, 3, 3, 3, 6, 6, 7, 21, 28, 7]","[1, 1, 1, 1, 2, 2, 2, 3, 3, 4, 4, 5, 5, 15, 20]","[1, 1, 1, 1, 3, 3, 2, 2, 2, 4, 4, 1, 3, 4, 1]","11","7","6","2.0630130767822266","0.19321131706237793"
"126","39","44","15","True","True","39","44","15","True","True","39","44","15","True","True","0.0","0.0","5","5","5","19","19","19","[1, 2, 2, 2, 4, 5, 5, 5, 5, 5, 7, 7, 2, 2, 1]","[1, 2, 2, 2, 4, 5, 5, 5, 5, 5, 7, 7, 2, 2, 1]","[1, 2, 2, 2, 4, 5, 5, 5, 5, 5, 7, 7, 2, 2, 1]","5","5","5","0.0009980201721191406","0.0010001659393310547"
"127","44","54","15","True","True","44","54","15","True","True","44","54","15","True","True","0.0","0.0","5","5","5","23","23","23","[1, 1, 1, 2, 2, 2, 2, 2, 6, 6, 6, 6, 6, 6, 1]","[1, 1, 1, 2, 2, 2, 2, 2, 6, 6, 6, 6, 6, 6, 1]","[1, 1, 1, 2, 2, 2, 2, 2, 6, 6, 6, 6, 6, 6, 1]","5","5","5","0.0009984970092773438","0.0009989738464355469"
"128","39","43","15","True","True","39","43","15","True","True","39","43","15","True","True","0.0","0.0","5","5","5","18","18","18","[1, 2, 2, 2, 2, 1, 2, 2, 3, 3, 3, 3, 3, 1, 1]","[1, 2, 2, 2, 2, 1, 2, 2, 3, 3, 3, 3, 3, 1, 1]","[1, 2, 2, 2, 2, 1, 2, 2, 3, 3, 3, 3, 3, 1, 1]","5","5","5","0.0010020732879638672","0.0009980201721191406"
"129","39","44","15","True","True","39","44","15","True","True","39","44","15","True","True","0.0","0.0","5","5","5","19","19","19","[1, 1, 1, 1, 2, 2, 3, 8, 8, 8, 3, 3, 2, 2, 2]","[1, 1, 1, 1, 2, 2, 3, 8, 8, 8, 3, 3, 2, 2, 2]","[1, 1, 1, 1, 2, 2, 3, 8, 8, 8, 3, 3, 2, 2, 2]","5","5","5","0.001005411148071289","0.0009953975677490234"
"130","39","44","15","True","True","39","44","15","True","True","39","44","15","True","True","0.0","0.0","5","5","5","19","19","19","[1, 1, 1, 1, 1, 1, 1, 3, 3, 2, 2, 2, 2, 1, 1]","[1, 1, 1, 1, 1, 1, 1, 3, 3, 2, 2, 2, 2, 1, 1]","[1, 1, 1, 1, 1, 1, 1, 3, 3, 2, 2, 2, 2, 1, 1]","5","5","5","0.0009889602661132812","0.0020036697387695312"
"131","52","62","15","True","False","42","46","15","True","True","46","52","15","True","True","0.05169015296967561","0.0956247510872208","11","4","6","25","18","20","[1, 1, 1, 1, 3, 6, 6, 1, 1, 9, 20, 12, 12, 1, 1]","[1, 1, 1, 1, 1, 1, 1, 1, 1, 2, 2, 3, 4, 4, 7]","[1, 1, 1, 1, 1, 2, 2, 1, 1, 3, 7, 4, 4, 1, 1]","11","4","6","0.856680154800415","0.0855250358581543"
"132","44","54","15","True","True","44","54","15","True","True","44","54","15","True","True","0.0","0.0","5","5","5","23","23","23","[1, 1, 1, 2, 3, 3, 3, 3, 6, 6, 1, 1, 1, 1, 1]","[1, 1, 1, 2, 3, 3, 3, 3, 6, 6, 1, 1, 1, 1, 1]","[1, 1, 1, 2, 3, 3, 3, 3, 6, 6, 1, 1, 1, 1, 1]","5","5","5","0.0011603832244873047","0.0019986629486083984"
"133","39","44","15","True","True","39","44","15","True","True","39","44","15","True","True","0.0","0.0","5","5","5","19","19","19","[1, 1, 1, 1, 1, 1, 4, 4, 4, 3, 3, 1, 1, 1, 1]","[1, 1, 1, 1, 1, 1, 4, 4, 4, 3, 3, 1, 1, 1, 1]","[1, 1, 1, 1, 1, 1, 4, 4, 4, 3, 3, 1, 1, 1, 1]","5","5","5","0.001001596450805664","0.0019998550415039062"
"134","46","56","15","True","False","45","55","15","True","False","45","55","15","True","False","0.008290085359866195","0.008290085359866195","7","7","7","23","22","22","[1, 1, 1, 3, 3, 2, 2, 2, 2, 2, 4, 14, 14, 1, 1]","[1, 1, 1, 3, 3, 2, 2, 2, 2, 2, 4, 14, 14, 1, 1]","[1, 1, 1, 3, 3, 2, 2, 2, 2, 2, 4, 14, 14, 1, 1]","7","7","7","0.2785024642944336","0.018336772918701172"
"135","44","54","15","True","True","44","54","15","True","True","44","54","15","True","True","0.0","0.0","5","5","5","23","23","23","[1, 1, 2, 2, 2, 1, 1, 1, 1, 3, 3, 4, 4, 3, 3]","[1, 1, 2, 2, 2, 1, 1, 1, 1, 3, 3, 4, 4, 3, 3]","[1, 1, 2, 2, 2, 1, 1, 1, 1, 3, 3, 4, 4, 3, 3]","5","5","5","0.0010001659393310547","0.0010001659393310547"
"136","44","54","15","True","True","44","54","15","True","True","44","54","15","True","True","0.0","0.0","5","5","5","23","23","23","[1, 1, 1, 1, 1, 1, 1, 1, 1, 1, 7, 7, 7, 4, 3]","[1, 1, 1, 1, 1, 1, 1, 1, 1, 1, 7, 7, 7, 4, 3]","[1, 1, 1, 1, 1, 1, 1, 1, 1, 1, 7, 7, 7, 4, 3]","5","5","5","0.0010004043579101562","0.001001119613647461"
"137","39","43","15","True","True","39","43","15","True","True","39","43","15","True","True","0.0","0.0","5","5","5","18","18","18","[1, 1, 3, 3, 2, 2, 2, 1, 2, 2, 1, 1, 2, 2, 2]","[1, 1, 3, 3, 2, 2, 2, 1, 2, 2, 1, 1, 2, 2, 2]","[1, 1, 3, 3, 2, 2, 2, 1, 2, 2, 1, 1, 2, 2, 2]","5","5","5","0.00099945068359375","0.0009999275207519531"
"138","52","62","15","True","False","43","47","15","True","True","47","53","15","True","True","0.05214449500319629","0.09610117644499616","11","5","7","25","19","21","[1, 1, 2, 8, 8, 3, 2, 2, 7, 7, 2, 2, 9, 21, 21]","[1, 1, 2, 2, 2, 2, 2, 2, 6, 6, 6, 6, 6, 14, 14]","[1, 1, 2, 6, 6, 2, 2, 2, 6, 6, 2, 2, 6, 14, 14]","11","5","7","1.6134426593780518","0.08142590522766113"
"139","39","44","15","True","True","39","44","15","True","True","39","44","15","True","True","0.0","0.0","5","5","5","19","19","19","[1, 1, 1, 1, 2, 2, 1, 1, 3, 3, 2, 2, 2, 2, 2]","[1, 1, 1, 1, 2, 2, 1, 1, 3, 3, 2, 2, 2, 2, 2]","[1, 1, 1, 1, 2, 2, 1, 1, 3, 3, 2, 2, 2, 2, 2]","5","5","5","0.0009999275207519531","0.0010001659393310547"
"140","46","56","15","True","False","45","56","15","True","False","45","56","15","True","False","0.0","0.0","7","7","7","23","23","23","[1, 1, 1, 1, 4, 4, 3, 3, 3, 21, 6, 4, 4, 4, 3]","[1, 1, 1, 1, 3, 3, 3, 3, 3, 20, 6, 4, 4, 4, 3]","[1, 1, 1, 1, 3, 3, 3, 3, 3, 20, 6, 4, 4, 4, 3]","7","7","7","0.2565040588378906","0.018336772918701172"
"141","52","62","15","True","False","43","46","15","True","True","45","49","15","True","True","0.07023654134983859","0.09238686574245891","11","4","5","25","17","18","[1, 1, 1, 3, 3, 21, 21, 3, 3, 18, 7, 7, 7, 7, 3]","[1, 1, 1, 3, 3, 3, 3, 3, 3, 3, 3, 3, 6, 6, 9]","[1, 1, 1, 3, 3, 6, 6, 3, 3, 9, 3, 3, 3, 3, 3]","11","4","5","0.36603617668151855","0.05481553077697754"
"142","39","44","15","True","True","39","44","15","True","True","39","44","15","True","True","0.0","0.0","5","5","5","19","19","19","[1, 1, 1, 1, 1, 2, 2, 1, 1, 1, 1, 2, 4, 4, 4]","[1, 1, 1, 1, 1, 2, 2, 1, 1, 1, 1, 2, 4, 4, 4]","[1, 1, 1, 1, 1, 2, 2, 1, 1, 1, 1, 2, 4, 4, 4]","5","5","5","0.0009996891021728516","0.0010001659393310547"
"143","52","62","15","True","False","42","46","15","True","True","46","52","15","True","True","0.05096784738793847","0.0948673845436474","11","4","6","25","18","20","[1, 1, 1, 11, 4, 9, 5, 6, 6, 6, 6, 6, 5, 1, 1]","[1, 1, 1, 1, 1, 2, 2, 2, 3, 3, 3, 3, 3, 4, 5]","[1, 1, 1, 5, 2, 4, 2, 3, 3, 3, 3, 3, 2, 1, 1]","11","4","6","0.8014419078826904","0.07838726043701172"
"144","46","56","15","True","False","45","55","15","True","False","45","55","15","True","False","0.009515869481628192","0.009515869481628192","7","7","7","23","22","22","[1, 1, 1, 1, 1, 1, 1, 3, 3, 7, 11, 11, 7, 2, 1]","[1, 1, 1, 1, 1, 1, 1, 3, 3, 7, 11, 11, 7, 2, 1]","[1, 1, 1, 1, 1, 1, 1, 3, 3, 7, 11, 11, 7, 2, 1]","7","7","7","0.19231534004211426","0.01626873016357422"
"145","52","62","15","True","False","41","44","15","True","True","47","53","15","True","True","0.051404653023209845","0.11810563579696343","11","4","7","25","17","20","[1, 2, 2, 2, 2, 12, 6, 2, 2, 10, 12, 12, 1, 1, 1]","[1, 2, 1, 1, 1, 2, 2, 2, 2, 2, 2, 6, 8, 8, 8]","[1, 2, 2, 2, 2, 8, 2, 2, 2, 6, 8, 8, 1, 1, 1]","11","4","7","0.5774612426757812","0.06165194511413574"
"146","39","43","15","True","True","39","43","15","True","True","39","43","15","True","True","0.0","0.0","5","5","5","18","18","18","[2, 2, 1, 2, 2, 2, 2, 2, 2, 5, 7, 7, 1, 1, 1]","[2, 2, 1, 2, 2, 2, 2, 2, 2, 5, 7, 7, 1, 1, 1]","[2, 2, 1, 2, 2, 2, 2, 2, 2, 5, 7, 7, 1, 1, 1]","5","5","5","0.0010800361633300781","0.0010025501251220703"
"147","39","43","15","True","True","39","43","15","True","True","39","43","15","True","True","0.0","0.0","5","5","5","18","18","18","[1, 1, 1, 1, 2, 2, 3, 5, 5, 5, 6, 6, 6, 5, 1]","[1, 1, 1, 1, 2, 2, 3, 5, 5, 5, 6, 6, 6, 5, 1]","[1, 1, 1, 1, 2, 2, 3, 5, 5, 5, 6, 6, 6, 5, 1]","5","5","5","0.0010020732879638672","0.000997304916381836"
"148","39","43","15","True","True","39","43","15","True","True","39","43","15","True","True","0.0","0.0","5","5","5","18","18","18","[2, 2, 2, 3, 3, 2, 2, 1, 1, 3, 7, 7, 1, 1, 1]","[2, 2, 2, 3, 3, 2, 2, 1, 1, 3, 7, 7, 1, 1, 1]","[2, 2, 2, 3, 3, 2, 2, 1, 1, 3, 7, 7, 1, 1, 1]","5","5","5","0.0009996891021728516","0.0"
"149","39","44","15","True","True","39","44","15","True","True","39","44","15","True","True","0.0","0.0","5","5","5","19","19","19","[1, 1, 1, 2, 2, 2, 2, 2, 3, 3, 3, 3, 3, 3, 1]","[1, 1, 1, 2, 2, 2, 2, 2, 3, 3, 3, 3, 3, 3, 1]","[1, 1, 1, 2, 2, 2, 2, 2, 3, 3, 3, 3, 3, 3, 1]","5","5","5","0.0009989738464355469","0.0010008811950683594"
"150","52","62","15","True","False","43","47","15","True","True","45","50","15","True","True","0.061291157743116664","0.0832253259568384","11","4","5","25","18","19","[1, 1, 2, 3, 5, 5, 5, 11, 11, 18, 1, 14, 1, 1, 1]","[1, 1, 1, 1, 1, 1, 1, 1, 2, 2, 2, 4, 4, 5, 7]","[1, 1, 1, 1, 2, 2, 2, 4, 4, 7, 1, 5, 1, 1, 1]","11","4","5","1.476862907409668","0.06861329078674316"
"151","39","44","15","True","True","39","44","15","True","True","39","44","15","True","True","0.0","0.0","5","5","5","19","19","19","[1, 1, 1, 1, 1, 2, 3, 3, 3, 3, 2, 2, 2, 2, 2]","[1, 1, 1, 1, 1, 2, 3, 3, 3, 3, 2, 2, 2, 2, 2]","[1, 1, 1, 1, 1, 2, 3, 3, 3, 3, 2, 2, 2, 2, 2]","5","5","5","0.0009992122650146484","0.0010004043579101562"
"152","52","62","15","True","False","43","49","16","True","True","49","58","16","True","False","0.022418049397556428","0.08699890063004878","11","6","9","25","21","24","[13, 1, 4, 5, 12, 5, 5, 5, 10, 10, 10, 10, 5, 2, 1]","[]","[10, 1, 3, 4, 8, 4, 4, 4, 8, 8, 8, 8, 4, 2, 1, 0]","11","6","9","20.82117772102356","0.13974785804748535"
"153","52","62","15","True","False","45","50","15","True","True","47","53","15","True","True","0.05096784738793847","0.07265780904394814","11","6","7","25","20","21","[1, 1, 1, 1, 1, 1, 1, 5, 5, 12, 24, 24, 12, 42, 5]","[1, 1, 1, 1, 1, 1, 1, 2, 2, 2, 5, 5, 10, 10, 18]","[1, 1, 1, 1, 1, 1, 1, 2, 2, 5, 10, 10, 5, 18, 2]","11","6","7","2.4763565063476562","0.2150256633758545"
"154","46","56","15","True","False","45","56","15","True","False","45","56","15","True","False","0.0","0.0","7","7","7","23","23","23","[1, 1, 1, 2, 2, 1, 1, 1, 1, 4, 4, 5, 5, 13, 1]","[1, 1, 1, 2, 2, 1, 1, 1, 1, 2, 2, 3, 3, 8, 1]","[1, 1, 1, 2, 2, 1, 1, 1, 1, 2, 2, 3, 3, 8, 1]","7","7","7","0.36903810501098633","0.020999431610107422"
"155","44","54","15","True","True","44","54","15","True","True","44","54","15","True","True","0.0","0.0","5","5","5","23","23","23","[1, 1, 2, 2, 1, 1, 2, 2, 4, 4, 4, 3, 2, 1, 1]","[1, 1, 2, 2, 1, 1, 2, 2, 4, 4, 4, 3, 2, 1, 1]","[1, 1, 2, 2, 1, 1, 2, 2, 4, 4, 4, 3, 2, 1, 1]","5","5","5","0.0009965896606445312","0.0009999275207519531"
"156","52","62","15","True","False","44","49","16","True","True","46","52","16","True","True","0.05406394716094187","0.07582657011985872","11","5","6","25","20","21","[2, 2, 2, 2, 2, 5, 5, 27, 18, 18, 17, 3, 3, 3, 1]","[1, 1, 1, 1, 1, 1, 1, 2, 2, 2, 2, 2, 6, 6, 6, 10]","[1, 1, 1, 1, 1, 2, 2, 10, 6, 6, 6, 2, 2, 2, 1, 1]","11","5","6","1.1069185733795166","0.0700063705444336"
"157","52","62","15","True","False","40","43","16","True","True","48","55","16","True","True","0.04227740751584641","0.1314157416247309","11","4","8","25","18","22","[1, 1, 2, 2, 2, 5, 5, 3, 7, 11, 16, 2, 2, 1, 1]","[1, 1, 1, 1, 1, 1, 1, 1, 1, 1, 1, 2, 2, 4, 6, 8]","[1, 1, 1, 1, 1, 2, 2, 1, 4, 6, 8, 1, 1, 1, 1, 1]","11","4","8","2.7041494846343994","0.1337597370147705"
"158","39","44","15","True","True","39","44","15","True","True","39","44","15","True","True","0.0","0.0","5","5","5","19","19","19","[1, 1, 1, 2, 2, 2, 2, 2, 2, 1, 1, 3, 3, 3, 1]","[1, 1, 1, 2, 2, 2, 2, 2, 2, 1, 1, 3, 3, 3, 1]","[1, 1, 1, 2, 2, 2, 2, 2, 2, 1, 1, 3, 3, 3, 1]","5","5","5","0.0009970664978027344","0.0021753311157226562"
"159","52","62","15","True","False","43","48","15","True","True","47","53","15","True","False","0.05176590340379872","0.09494674878447396","11","5","6","25","20","21","[1, 1, 1, 2, 2, 12, 12, 4, 2, 2, 2, 2, 5, 5, 21]","[1, 1, 1, 2, 2, 2, 2, 2, 2, 2, 2, 4, 10, 10, 16]","[1, 1, 1, 2, 2, 6, 6, 2, 2, 2, 2, 2, 2, 2, 12]","11","5","6","8.574076890945435","0.1420128345489502"
"160","46","56","15","True","False","45","56","15","True","False","45","56","15","True","False","0.0","0.0","7","7","7","23","23","23","[1, 1, 2, 2, 3, 3, 3, 3, 3, 1, 1, 12, 12, 12, 1]","[1, 1, 1, 1, 2, 2, 2, 2, 2, 1, 1, 10, 10, 10, 1]","[1, 1, 1, 1, 2, 2, 2, 2, 2, 1, 1, 10, 10, 10, 1]","7","7","7","0.2941467761993408","0.016535043716430664"
"161","39","43","15","True","True","39","43","15","True","True","39","43","15","True","True","0.0","0.0","5","5","5","18","18","18","[1, 1, 1, 1, 1, 3, 3, 3, 4, 4, 4, 5, 5, 5, 1]","[1, 1, 1, 1, 1, 3, 3, 3, 4, 4, 4, 5, 5, 5, 1]","[1, 1, 1, 1, 1, 3, 3, 3, 4, 4, 4, 5, 5, 5, 1]","5","5","5","0.0010001659393310547","0.0009999275207519531"
"162","46","56","15","True","False","45","55","15","True","False","45","55","15","True","False","0.009515869481628192","0.009515869481628192","7","7","7","23","22","22","[1, 1, 1, 1, 1, 1, 2, 2, 11, 4, 4, 3, 3, 3, 3]","[1, 1, 1, 1, 1, 1, 2, 2, 11, 4, 4, 3, 3, 3, 3]","[1, 1, 1, 1, 1, 1, 2, 2, 11, 4, 4, 3, 3, 3, 3]","7","7","7","0.353151798248291","0.02543163299560547"
"163","39","44","15","True","True","39","44","15","True","True","39","44","15","True","True","0.0","0.0","5","5","5","19","19","19","[1, 1, 1, 2, 2, 1, 2, 2, 2, 1, 3, 3, 3, 1, 1]","[1, 1, 1, 2, 2, 1, 2, 2, 2, 1, 3, 3, 3, 1, 1]","[1, 1, 1, 2, 2, 1, 2, 2, 2, 1, 3, 3, 3, 1, 1]","5","5","5","0.002022981643676758","0.0019838809967041016"
"164","52","62","15","True","False","43","48","15","True","False","47","54","15","True","False","0.04030667894705042","0.0836953043091977","11","5","7","25","19","21","[1, 1, 8, 3, 9, 16, 16, 17, 17, 3, 3, 1, 1, 1, 1]","[1, 1, 1, 1, 1, 1, 3, 3, 3, 6, 9, 15, 15, 15, 15]","[1, 1, 6, 3, 9, 15, 15, 15, 15, 3, 3, 1, 1, 1, 1]","11","5","7","1.956601619720459","0.12621474266052246"
"165","44","53","15","True","True","44","53","15","True","True","44","53","15","True","True","0.0","0.0","5","5","5","22","22","22","[1, 1, 1, 1, 1, 1, 3, 5, 6, 6, 6, 6, 6, 3, 3]","[1, 1, 1, 1, 1, 1, 3, 5, 6, 6, 6, 6, 6, 3, 3]","[1, 1, 1, 1, 1, 1, 3, 5, 6, 6, 6, 6, 6, 3, 3]","5","5","5","0.00201416015625","0.0009946823120117188"
"166","39","43","15","True","True","39","43","15","True","True","39","43","15","True","True","0.0","0.0","5","5","5","18","18","18","[1, 1, 1, 1, 2, 2, 2, 2, 2, 2, 3, 5, 8, 8, 8]","[1, 1, 1, 1, 2, 2, 2, 2, 2, 2, 3, 5, 8, 8, 8]","[1, 1, 1, 1, 2, 2, 2, 2, 2, 2, 3, 5, 8, 8, 8]","5","5","5","0.00099945068359375","0.0020003318786621094"
"167","44","53","15","True","True","44","53","15","True","True","44","53","15","True","True","0.0","0.0","5","5","5","22","22","22","[1, 1, 2, 2, 1, 1, 1, 1, 1, 5, 5, 5, 5, 5, 2]","[1, 1, 2, 2, 1, 1, 1, 1, 1, 5, 5, 5, 5, 5, 2]","[1, 1, 2, 2, 1, 1, 1, 1, 1, 5, 5, 5, 5, 5, 2]","5","5","5","0.0009968280792236328","0.0009999275207519531"
"168","39","43","15","True","True","39","43","15","True","True","39","43","15","True","True","0.0","0.0","5","5","5","18","18","18","[1, 2, 2, 2, 2, 2, 6, 6, 6, 6, 7, 7, 7, 6, 4]","[1, 2, 2, 2, 2, 2, 6, 6, 6, 6, 7, 7, 7, 6, 4]","[1, 2, 2, 2, 2, 2, 6, 6, 6, 6, 7, 7, 7, 6, 4]","5","5","5","0.00099945068359375","0.0009999275207519531"
"169","44","53","15","True","True","44","53","15","True","True","44","53","15","True","True","0.0","0.0","5","5","5","22","22","22","[1, 1, 1, 1, 3, 3, 3, 3, 3, 1, 5, 8, 8, 1, 1]","[1, 1, 1, 1, 3, 3, 3, 3, 3, 1, 5, 8, 8, 1, 1]","[1, 1, 1, 1, 3, 3, 3, 3, 3, 1, 5, 8, 8, 1, 1]","5","5","5","0.0009829998016357422","0.002007007598876953"
"170","44","53","15","True","True","44","53","15","True","True","44","53","15","True","True","0.0","0.0","5","5","5","22","22","22","[1, 1, 1, 1, 1, 3, 4, 4, 2, 2, 1, 4, 4, 1, 1]","[1, 1, 1, 1, 1, 3, 4, 4, 2, 2, 1, 4, 4, 1, 1]","[1, 1, 1, 1, 1, 3, 4, 4, 2, 2, 1, 4, 4, 1, 1]","5","5","5","0.002938508987426758","0.00315093994140625"
"171","46","56","15","True","False","45","55","15","True","False","45","55","15","True","False","0.008290085359866195","0.008290085359866195","7","7","7","23","22","22","[1, 1, 6, 6, 1, 1, 1, 1, 2, 2, 9, 9, 3, 3, 3]","[1, 1, 6, 6, 1, 1, 1, 1, 2, 2, 9, 9, 3, 3, 3]","[1, 1, 6, 6, 1, 1, 1, 1, 2, 2, 9, 9, 3, 3, 3]","7","7","7","0.25498223304748535","0.014992475509643555"
"172","52","62","15","True","False","41","43","16","True","True","43","45","16","True","True","0.09600367230411366","0.11802418761048694","11","3","2","25","17","18","[1, 1, 1, 1, 7, 7, 1, 1, 3, 9, 9, 9, 1, 1, 1]","[1, 1, 1, 1, 1, 1, 1, 1, 1, 1, 1, 3, 3, 4, 4, 4]","[1, 1, 1, 1, 2, 2, 1, 1, 1, 2, 2, 2, 1, 1, 1, 1]","11","3","2","1.0612587928771973","0.11748361587524414"
"173","46","56","15","True","False","45","55","15","True","False","45","55","15","True","False","0.009515869481628192","0.009515869481628192","7","7","7","23","22","22","[1, 1, 1, 3, 4, 5, 5, 5, 4, 4, 2, 1, 3, 3, 10]","[1, 1, 1, 3, 4, 5, 5, 5, 4, 4, 2, 1, 3, 3, 10]","[1, 1, 1, 3, 4, 5, 5, 5, 4, 4, 2, 1, 3, 3, 10]","7","7","7","0.2279961109161377","0.03856492042541504"
"174","39","44","15","True","True","39","44","15","True","True","39","44","15","True","True","0.0","0.0","5","5","5","19","19","19","[1, 2, 2, 2, 2, 7, 7, 7, 5, 5, 5, 5, 2, 2, 1]","[1, 2, 2, 2, 2, 7, 7, 7, 5, 5, 5, 5, 2, 2, 1]","[1, 2, 2, 2, 2, 7, 7, 7, 5, 5, 5, 5, 2, 2, 1]","5","5","5","0.0010035037994384766","0.002003192901611328"
"175","39","44","15","True","True","39","44","15","True","True","39","44","15","True","True","0.0","0.0","5","5","5","19","19","19","[1, 1, 1, 1, 1, 2, 2, 3, 4, 4, 1, 1, 1, 1, 1]","[1, 1, 1, 1, 1, 2, 2, 3, 4, 4, 1, 1, 1, 1, 1]","[1, 1, 1, 1, 1, 2, 2, 3, 4, 4, 1, 1, 1, 1, 1]","5","5","5","0.0010044574737548828","0.0009884834289550781"
"176","39","44","15","True","True","39","44","15","True","True","39","44","15","True","True","0.0","0.0","5","5","5","19","19","19","[1, 1, 1, 1, 2, 2, 1, 1, 1, 2, 2, 4, 4, 4, 1]","[1, 1, 1, 1, 2, 2, 1, 1, 1, 2, 2, 4, 4, 4, 1]","[1, 1, 1, 1, 2, 2, 1, 1, 1, 2, 2, 4, 4, 4, 1]","5","5","5","0.0019998550415039062","0.0010001659393310547"
"177","39","44","15","True","True","39","44","15","True","True","39","44","15","True","True","0.0","0.0","5","5","5","19","19","19","[1, 1, 1, 2, 3, 3, 3, 2, 2, 4, 4, 4, 2, 1, 1]","[1, 1, 1, 2, 3, 3, 3, 2, 2, 4, 4, 4, 2, 1, 1]","[1, 1, 1, 2, 3, 3, 3, 2, 2, 4, 4, 4, 2, 1, 1]","5","5","5","0.003005504608154297","0.0029854774475097656"
"178","44","53","15","True","True","44","53","15","True","True","44","53","15","True","True","0.0","0.0","5","5","5","22","22","22","[1, 1, 1, 1, 1, 2, 2, 2, 2, 3, 9, 9, 9, 9, 5]","[1, 1, 1, 1, 1, 2, 2, 2, 2, 3, 9, 9, 9, 9, 5]","[1, 1, 1, 1, 1, 2, 2, 2, 2, 3, 9, 9, 9, 9, 5]","5","5","5","0.0038301944732666016","0.003005504608154297"
"179","44","54","15","True","True","44","54","15","True","True","44","54","15","True","True","0.0","0.0","5","5","5","23","23","23","[1, 1, 1, 1, 1, 1, 1, 2, 4, 4, 3, 3, 2, 2, 1]","[1, 1, 1, 1, 1, 1, 1, 2, 4, 4, 3, 3, 2, 2, 1]","[1, 1, 1, 1, 1, 1, 1, 2, 4, 4, 3, 3, 2, 2, 1]","5","5","5","0.0019979476928710938","0.0019953250885009766"
"180","52","62","15","True","False","45","50","15","True","True","45","50","15","True","True","0.06284628164099038","0.06284628164099038","11","4","4","25","20","20","[1, 1, 1, 24, 10, 1, 2, 3, 3, 3, 1, 1, 1, 1, 1]","[1, 1, 1, 1, 1, 1, 1, 1, 1, 1, 1, 1, 1, 2, 5]","[1, 1, 1, 5, 2, 1, 1, 1, 1, 1, 1, 1, 1, 1, 1]","11","4","4","0.5287134647369385","0.05811119079589844"
"181","39","44","15","True","True","39","44","15","True","True","39","44","15","True","True","0.0","0.0","5","5","5","19","19","19","[1, 1, 1, 1, 1, 1, 2, 2, 4, 4, 2, 4, 4, 4, 1]","[1, 1, 1, 1, 1, 1, 2, 2, 4, 4, 2, 4, 4, 4, 1]","[1, 1, 1, 1, 1, 1, 2, 2, 4, 4, 2, 4, 4, 4, 1]","5","5","5","0.0009899139404296875","0.0010063648223876953"
"182","39","43","15","True","True","39","43","15","True","True","39","43","15","True","True","0.0","0.0","5","5","5","18","18","18","[1, 1, 1, 1, 1, 1, 2, 2, 5, 7, 7, 1, 1, 1, 1]","[1, 1, 1, 1, 1, 1, 2, 2, 5, 7, 7, 1, 1, 1, 1]","[1, 1, 1, 1, 1, 1, 2, 2, 5, 7, 7, 1, 1, 1, 1]","5","5","5","0.0010001659393310547","0.0010023117065429688"
"183","39","43","15","True","True","39","43","15","True","True","39","43","15","True","True","0.0","0.0","5","5","5","18","18","18","[1, 1, 1, 2, 2, 3, 7, 7, 7, 8, 8, 1, 1, 1, 1]","[1, 1, 1, 2, 2, 3, 7, 7, 7, 8, 8, 1, 1, 1, 1]","[1, 1, 1, 2, 2, 3, 7, 7, 7, 8, 8, 1, 1, 1, 1]","5","5","5","0.0009732246398925781","0.0010094642639160156"
"184","52","62","15","True","False","41","44","15","True","True","47","53","15","True","True","0.0505897249943249","0.11722913075169239","11","4","7","25","17","20","[1, 1, 1, 1, 2, 2, 17, 8, 8, 8, 3, 6, 6, 7, 1]","[1, 1, 1, 1, 2, 2, 1, 2, 4, 4, 4, 4, 4, 4, 12]","[1, 1, 1, 1, 2, 2, 12, 4, 4, 4, 2, 4, 4, 4, 1]","11","4","7","1.8829922676086426","0.0620725154876709"
"185","44","54","15","True","True","44","54","15","True","True","44","54","15","True","True","0.0","0.0","5","5","5","23","23","23","[1, 1, 2, 2, 2, 1, 1, 1, 3, 3, 3, 3, 3, 2, 1]","[1, 1, 2, 2, 2, 1, 1, 1, 3, 3, 3, 3, 3, 2, 1]","[1, 1, 2, 2, 2, 1, 1, 1, 3, 3, 3, 3, 3, 2, 1]","5","5","5","0.0010004043579101562","0.0009996891021728516"
"186","39","44","15","True","True","39","44","15","True","True","39","44","15","True","True","0.0","0.0","5","5","5","19","19","19","[1, 1, 1, 1, 2, 2, 2, 3, 3, 3, 3, 5, 5, 5, 1]","[1, 1, 1, 1, 2, 2, 2, 3, 3, 3, 3, 5, 5, 5, 1]","[1, 1, 1, 1, 2, 2, 2, 3, 3, 3, 3, 5, 5, 5, 1]","5","5","5","0.003000020980834961","0.0029981136322021484"
"187","44","53","15","True","True","44","53","15","True","True","44","53","15","True","True","0.0","0.0","5","5","5","22","22","22","[1, 1, 1, 1, 1, 2, 2, 2, 3, 4, 7, 7, 4, 4, 1]","[1, 1, 1, 1, 1, 2, 2, 2, 3, 4, 7, 7, 4, 4, 1]","[1, 1, 1, 1, 1, 2, 2, 2, 3, 4, 7, 7, 4, 4, 1]","5","5","5","0.0020036697387695312","0.002001523971557617"
"188","46","56","15","True","False","45","56","15","True","False","45","56","15","True","False","0.0","0.0","7","7","7","23","23","23","[20, 20, 2, 3, 4, 4, 8, 8, 8, 8, 8, 2, 1, 1, 1]","[11, 11, 1, 2, 2, 2, 4, 4, 4, 4, 4, 1, 1, 1, 1]","[11, 11, 1, 2, 2, 2, 4, 4, 4, 4, 4, 1, 1, 1, 1]","7","7","7","0.2005000114440918","0.016175508499145508"
"189","52","62","15","True","False","42","46","15","True","True","46","52","15","True","True","0.05286769792391721","0.0968595776362825","11","4","6","25","18","20","[2, 4, 4, 2, 16, 8, 9, 9, 6, 2, 20, 20, 1, 1, 1]","[1, 1, 1, 1, 1, 1, 2, 2, 2, 2, 2, 2, 6, 6, 6]","[1, 2, 2, 1, 6, 2, 2, 2, 2, 1, 6, 6, 1, 1, 1]","11","4","6","1.3724753856658936","0.056896209716796875"
"190","39","44","15","True","True","39","44","15","True","True","39","44","15","True","True","0.0","0.0","5","5","5","19","19","19","[1, 1, 1, 1, 1, 2, 2, 2, 3, 3, 3, 3, 4, 4, 4]","[1, 1, 1, 1, 1, 2, 2, 2, 3, 3, 3, 3, 4, 4, 4]","[1, 1, 1, 1, 1, 2, 2, 2, 3, 3, 3, 3, 4, 4, 4]","5","5","5","0.0010004043579101562","0.0010037422180175781"
"191","39","43","15","True","True","39","43","15","True","True","39","43","15","True","True","0.0","0.0","5","5","5","18","18","18","[1, 1, 1, 3, 3, 2, 2, 3, 3, 2, 3, 3, 3, 1, 1]","[1, 1, 1, 3, 3, 2, 2, 3, 3, 2, 3, 3, 3, 1, 1]","[1, 1, 1, 3, 3, 2, 2, 3, 3, 2, 3, 3, 3, 1, 1]","5","5","5","0.0010018348693847656","0.0009975433349609375"
"192","52","62","15","True","False","41","46","16","True","True","44","49","15","True","True","0.07302734195189586","0.109566105830182","11","5","5","25","20","19","[1, 2, 2, 1, 2, 2, 2, 2, 2, 2, 7, 8, 9, 13, 9]","[1, 0, 1, 2, 2, 2, 2, 2, 2, 2, 2, 6, 7, 7, 7, 11]","[1, 2, 2, 1, 1, 1, 1, 1, 1, 1, 3, 3, 3, 5, 3]","11","5","5","1.5626497268676758","0.15880370140075684"
"193","39","44","15","True","True","39","44","15","True","True","39","44","15","True","True","0.0","0.0","5","5","5","19","19","19","[2, 2, 1, 2, 3, 3, 1, 2, 2, 2, 1, 1, 1, 1, 1]","[2, 2, 1, 2, 3, 3, 1, 2, 2, 2, 1, 1, 1, 1, 1]","[2, 2, 1, 2, 3, 3, 1, 2, 2, 2, 1, 1, 1, 1, 1]","5","5","5","0.0010006427764892578","0.0020003318786621094"
"194","39","44","15","True","True","39","44","15","True","True","39","44","15","True","True","0.0","0.0","5","5","5","19","19","19","[1, 1, 1, 1, 2, 2, 2, 3, 3, 3, 3, 2, 4, 4, 4]","[1, 1, 1, 1, 2, 2, 2, 3, 3, 3, 3, 2, 4, 4, 4]","[1, 1, 1, 1, 2, 2, 2, 3, 3, 3, 3, 2, 4, 4, 4]","5","5","5","0.0009927749633789062","0.0019915103912353516"
"195","39","44","15","True","True","39","44","15","True","True","39","44","15","True","True","0.0","0.0","5","5","5","19","19","19","[1, 1, 2, 3, 4, 6, 6, 3, 3, 2, 1, 1, 1, 1, 1]","[1, 1, 2, 3, 4, 6, 6, 3, 3, 2, 1, 1, 1, 1, 1]","[1, 1, 2, 3, 4, 6, 6, 3, 3, 2, 1, 1, 1, 1, 1]","5","5","5","0.0009996891021728516","0.0010018348693847656"
"196","39","43","15","True","True","39","43","15","True","True","39","43","15","True","True","0.0","0.0","5","5","5","18","18","18","[1, 1, 1, 1, 2, 2, 2, 2, 2, 3, 6, 6, 3, 3, 1]","[1, 1, 1, 1, 2, 2, 2, 2, 2, 3, 6, 6, 3, 3, 1]","[1, 1, 1, 1, 2, 2, 2, 2, 2, 3, 6, 6, 3, 3, 1]","5","5","5","0.0009999275207519531","0.00099945068359375"
"197","52","62","15","True","False","42","47","15","True","True","50","60","15","True","False","0.009445865084508398","0.09572221437075923","11","5","10","25","19","24","[1, 2, 2, 7, 7, 15, 15, 17, 9, 9, 9, 9, 1, 1, 1]","[]","[1, 1, 1, 4, 4, 9, 9, 9, 5, 5, 5, 5, 1, 1, 1]","11","5","10","27.093047380447388","0.33424806594848633"
"198","39","44","15","True","True","39","44","15","True","True","39","44","15","True","True","0.0","0.0","5","5","5","19","19","19","[1, 1, 1, 2, 3, 3, 3, 3, 3, 3, 4, 4, 3, 3, 1]","[1, 1, 1, 2, 3, 3, 3, 3, 3, 3, 4, 4, 3, 3, 1]","[1, 1, 1, 2, 3, 3, 3, 3, 3, 3, 4, 4, 3, 3, 1]","5","5","5","0.0019855499267578125","0.002000093460083008"
"199","52","62","15","True","False","40","44","15","True","True","46","51","15","True","True","0.06136768300670847","0.1276521021481939","11","5","4","25","18","21","[1, 1, 1, 2, 6, 7, 7, 8, 8, 2, 3, 3, 1, 1, 4]","[1, 1, 1, 1, 1, 2, 2, 2, 2, 4, 6, 7, 7, 8, 8]","[1, 1, 1, 2, 2, 2, 2, 2, 2, 2, 2, 2, 1, 1, 2]","11","5","4","2.0541903972625732","0.11229872703552246"
"200","53","60","20","True","True","53","60","20","True","True","53","60","20","True","True","0.0","0.0","7","7","7","26","26","26","[1, 1, 2, 2, 4, 4, 4, 4, 8, 9, 9, 9, 9, 18, 18, 2, 2, 1, 1, 1]","[1, 1, 2, 2, 4, 4, 4, 4, 8, 9, 9, 9, 9, 18, 18, 2, 2, 1, 1, 1]","[1, 1, 2, 2, 4, 4, 4, 4, 8, 9, 9, 9, 9, 18, 18, 2, 2, 1, 1, 1]","7","7","7","0.002000570297241211","0.0009922981262207031"
"201","53","60","20","True","True","53","60","20","True","True","53","60","20","True","True","0.0","0.0","7","7","7","26","26","26","[1, 1, 1, 1, 1, 1, 1, 2, 3, 4, 5, 5, 6, 6, 1, 1, 1, 1, 1, 1]","[1, 1, 1, 1, 1, 1, 1, 2, 3, 4, 5, 5, 6, 6, 1, 1, 1, 1, 1, 1]","[1, 1, 1, 1, 1, 1, 1, 2, 3, 4, 5, 5, 6, 6, 1, 1, 1, 1, 1, 1]","7","7","7","0.0010008811950683594","0.0020003318786621094"
"202","60","72","20","True","False","59","72","20","True","False","59","72","20","True","False","0.0","0.0","9","9","9","30","30","30","[1, 2, 2, 2, 2, 14, 2, 3, 3, 3, 1, 2, 4, 4, 1, 1, 4, 5, 5, 5]","[1, 1, 1, 1, 1, 10, 1, 2, 2, 2, 1, 2, 3, 3, 1, 1, 4, 5, 5, 5]","[1, 1, 1, 1, 1, 10, 1, 2, 2, 2, 1, 2, 3, 3, 1, 1, 4, 5, 5, 5]","9","9","9","1.202885627746582","0.01725602149963379"
"203","53","59","20","True","True","53","59","20","True","True","53","59","20","True","True","0.0","0.0","7","7","7","25","25","25","[1, 1, 1, 3, 5, 5, 1, 1, 1, 1, 1, 3, 3, 6, 6, 6, 4, 2, 1, 1]","[1, 1, 1, 3, 5, 5, 1, 1, 1, 1, 1, 3, 3, 6, 6, 6, 4, 2, 1, 1]","[1, 1, 1, 3, 5, 5, 1, 1, 1, 1, 1, 3, 3, 6, 6, 6, 4, 2, 1, 1]","7","7","7","0.0011184215545654297","0.0010020732879638672"
"204","66","78","20","True","False","56","60","22","True","True","56","61","20","True","True","0.08249142969441248","0.08599642263705931","13","5","5","32","25","25","[1, 1, 22, 1, 1, 1, 2, 2, 18, 18, 18, 18, 18, 2, 6, 7, 7, 12, 12, 12]","[1, 1, 1, 2, 2, 2, 5, 2, 1, 1, 1, 1, 1, 1, 1, 1, 2, 2, 2, 2, 2, 4]","[1, 1, 4, 1, 1, 1, 2, 2, 2, 2, 2, 2, 2, 2, 1, 1, 1, 1, 1, 1]","13","5","5","0.5598044395446777","0.08138823509216309"
"205","53","59","20","True","True","53","59","20","True","True","53","59","20","True","True","0.0","0.0","7","7","7","25","25","25","[1, 1, 2, 2, 2, 2, 2, 2, 2, 3, 3, 2, 4, 8, 9, 9, 9, 6, 1, 1]","[1, 1, 2, 2, 2, 2, 2, 2, 2, 3, 3, 2, 4, 8, 9, 9, 9, 6, 1, 1]","[1, 1, 2, 2, 2, 2, 2, 2, 2, 3, 3, 2, 4, 8, 9, 9, 9, 6, 1, 1]","7","7","7","0.0009992122650146484","0.0009996891021728516"
"206","60","72","20","True","False","59","71","20","True","False","59","71","20","True","False","0.006418660462958692","0.006418660462958692","9","9","9","30","29","29","[1, 1, 1, 1, 1, 1, 1, 1, 1, 1, 8, 4, 3, 4, 5, 6, 7, 7, 7, 1]","[1, 1, 1, 1, 1, 1, 1, 1, 1, 1, 8, 4, 3, 4, 5, 6, 7, 7, 7, 1]","[1, 1, 1, 1, 1, 1, 1, 1, 1, 1, 8, 4, 3, 4, 5, 6, 7, 7, 7, 1]","9","9","9","0.36589527130126953","0.037987470626831055"
"207","53","59","20","True","True","53","59","20","True","True","53","59","20","True","True","0.0","0.0","7","7","7","25","25","25","[1, 1, 1, 1, 1, 6, 6, 12, 12, 6, 6, 6, 3, 7, 16, 16, 16, 10, 10, 7]","[1, 1, 1, 1, 1, 6, 6, 12, 12, 6, 6, 6, 3, 7, 16, 16, 16, 10, 10, 7]","[1, 1, 1, 1, 1, 6, 6, 12, 12, 6, 6, 6, 3, 7, 16, 16, 16, 10, 10, 7]","7","7","7","0.0010013580322265625","0.0019915103912353516"
"208","53","60","20","True","True","53","60","20","True","True","53","60","20","True","True","0.0","0.0","7","7","7","26","26","26","[1, 1, 2, 2, 2, 4, 5, 5, 5, 5, 4, 2, 2, 1, 6, 13, 13, 13, 13, 13]","[1, 1, 2, 2, 2, 4, 5, 5, 5, 5, 4, 2, 2, 1, 6, 13, 13, 13, 13, 13]","[1, 1, 2, 2, 2, 4, 5, 5, 5, 5, 4, 2, 2, 1, 6, 13, 13, 13, 13, 13]","7","7","7","0.001990079879760742","0.0019941329956054688"
"209","53","59","20","True","True","53","59","20","True","True","53","59","20","True","True","0.0","0.0","7","7","7","25","25","25","[1, 1, 2, 2, 2, 2, 2, 2, 1, 1, 5, 5, 5, 7, 7, 9, 9, 3, 3, 1]","[1, 1, 2, 2, 2, 2, 2, 2, 1, 1, 5, 5, 5, 7, 7, 9, 9, 3, 3, 1]","[1, 1, 2, 2, 2, 2, 2, 2, 1, 1, 5, 5, 5, 7, 7, 9, 9, 3, 3, 1]","7","7","7","0.004007816314697266","0.0029947757720947266"
"210","53","60","20","True","True","53","60","20","True","True","53","60","20","True","True","0.0","0.0","7","7","7","26","26","26","[1, 1, 1, 1, 1, 1, 1, 1, 3, 3, 6, 9, 9, 1, 2, 2, 2, 2, 2, 1]","[1, 1, 1, 1, 1, 1, 1, 1, 3, 3, 6, 9, 9, 1, 2, 2, 2, 2, 2, 1]","[1, 1, 1, 1, 1, 1, 1, 1, 3, 3, 6, 9, 9, 1, 2, 2, 2, 2, 2, 1]","7","7","7","0.0029876232147216797","0.0019826889038085938"
"211","53","59","20","True","True","53","59","20","True","True","53","59","20","True","True","0.0","0.0","7","7","7","25","25","25","[1, 1, 1, 1, 1, 1, 1, 3, 5, 5, 7, 7, 8, 8, 6, 5, 2, 1, 1, 1]","[1, 1, 1, 1, 1, 1, 1, 3, 5, 5, 7, 7, 8, 8, 6, 5, 2, 1, 1, 1]","[1, 1, 1, 1, 1, 1, 1, 3, 5, 5, 7, 7, 8, 8, 6, 5, 2, 1, 1, 1]","7","7","7","0.002000570297241211","0.0010023117065429688"
"212","66","78","20","True","False","52","56","20","True","True","62","71","20","True","True","0.03019977349058245","0.11689944888514736","13","5","10","32","23","28","[1, 1, 1, 1, 1, 1, 2, 4, 13, 1, 1, 1, 3, 14, 7, 7, 7, 7, 3, 1]","[1, 1, 1, 1, 1, 1, 1, 1, 1, 1, 1, 2, 2, 2, 6, 6, 6, 6, 10, 11]","[1, 1, 1, 1, 1, 1, 1, 2, 10, 1, 1, 1, 2, 11, 6, 6, 6, 6, 2, 1]","13","5","10","1.506812334060669","0.12018465995788574"
"213","66","78","20","True","False","53","57","21","True","True","59","66","21","True","True","0.05020895770047873","0.10238344129723498","13","4","7","32","24","27","[1, 1, 1, 2, 8, 3, 3, 3, 3, 19, 3, 3, 4, 4, 12, 12, 12, 12, 1, 1]","[1, 1, 1, 2, 1, 1, 1, 1, 1, 1, 1, 1, 1, 1, 1, 2, 3, 3, 3, 3, 6]","[1, 1, 1, 2, 2, 1, 1, 1, 1, 6, 1, 1, 1, 1, 3, 3, 3, 3, 1, 1, 1]","13","4","7","1.6272146701812744","0.17881369590759277"
"214","53","59","20","True","True","53","59","20","True","True","53","59","20","True","True","0.0","0.0","7","7","7","25","25","25","[1, 1, 1, 1, 1, 1, 1, 3, 3, 3, 3, 4, 4, 3, 1, 6, 7, 7, 7, 6]","[1, 1, 1, 1, 1, 1, 1, 3, 3, 3, 3, 4, 4, 3, 1, 6, 7, 7, 7, 6]","[1, 1, 1, 1, 1, 1, 1, 3, 3, 3, 3, 4, 4, 3, 1, 6, 7, 7, 7, 6]","7","7","7","0.001992940902709961","0.001993894577026367"
"215","60","72","20","True","False","59","71","20","True","False","59","71","20","True","False","0.007366701759173866","0.007366701759173866","9","9","9","30","29","29","[1, 1, 1, 2, 2, 2, 3, 3, 3, 3, 4, 4, 15, 49, 49, 7, 7, 7, 4, 1]","[1, 1, 1, 2, 2, 2, 3, 3, 3, 3, 4, 4, 15, 49, 49, 7, 7, 7, 4, 1]","[1, 1, 1, 2, 2, 2, 3, 3, 3, 3, 4, 4, 15, 49, 49, 7, 7, 7, 4, 1]","9","9","9","1.2320165634155273","0.0313260555267334"
"216","53","60","20","True","True","53","60","20","True","True","53","60","20","True","True","0.0","0.0","7","7","7","26","26","26","[1, 1, 1, 2, 2, 1, 2, 2, 2, 2, 3, 3, 5, 5, 2, 2, 1, 1, 1, 1]","[1, 1, 1, 2, 2, 1, 2, 2, 2, 2, 3, 3, 5, 5, 2, 2, 1, 1, 1, 1]","[1, 1, 1, 2, 2, 1, 2, 2, 2, 2, 3, 3, 5, 5, 2, 2, 1, 1, 1, 1]","7","7","7","0.0009996891021728516","0.0010004043579101562"
"217","53","60","20","True","True","53","60","20","True","True","53","60","20","True","True","0.0","0.0","7","7","7","26","26","26","[1, 2, 2, 2, 2, 1, 1, 1, 1, 1, 2, 5, 5, 5, 5, 5, 11, 11, 11, 5]","[1, 2, 2, 2, 2, 1, 1, 1, 1, 1, 2, 5, 5, 5, 5, 5, 11, 11, 11, 5]","[1, 2, 2, 2, 2, 1, 1, 1, 1, 1, 2, 5, 5, 5, 5, 5, 11, 11, 11, 5]","7","7","7","0.0009996891021728516","0.0009996891021728516"
"218","53","60","20","True","True","53","60","20","True","True","53","60","20","True","True","0.0","0.0","7","7","7","26","26","26","[2, 2, 2, 1, 1, 4, 5, 5, 5, 5, 10, 10, 10, 2, 2, 2, 1, 1, 1, 1]","[2, 2, 2, 1, 1, 4, 5, 5, 5, 5, 10, 10, 10, 2, 2, 2, 1, 1, 1, 1]","[2, 2, 2, 1, 1, 4, 5, 5, 5, 5, 10, 10, 10, 2, 2, 2, 1, 1, 1, 1]","7","7","7","0.002003192901611328","0.0009963512420654297"
"219","60","72","20","True","False","59","72","20","True","False","59","72","20","True","False","0.0","0.0","9","9","9","30","30","30","[1, 1, 2, 2, 2, 2, 4, 4, 2, 4, 4, 6, 9, 9, 23, 13, 13, 13, 7, 4]","[1, 1, 1, 1, 1, 1, 2, 2, 1, 2, 2, 3, 4, 4, 11, 6, 6, 6, 3, 2]","[1, 1, 1, 1, 1, 1, 2, 2, 1, 2, 2, 3, 4, 4, 11, 6, 6, 6, 3, 2]","9","9","9","0.3493797779083252","0.01731252670288086"
"220","53","60","20","True","True","53","60","20","True","True","53","60","20","True","True","0.0","0.0","7","7","7","26","26","26","[1, 1, 1, 1, 1, 1, 1, 1, 3, 3, 1, 2, 2, 1, 1, 1, 3, 5, 5, 5]","[1, 1, 1, 1, 1, 1, 1, 1, 3, 3, 1, 2, 2, 1, 1, 1, 3, 5, 5, 5]","[1, 1, 1, 1, 1, 1, 1, 1, 3, 3, 1, 2, 2, 1, 1, 1, 3, 5, 5, 5]","7","7","7","0.0009989738464355469","0.0010004043579101562"
"221","66","78","20","True","False","49","52","20","True","True","63","73","20","True","False","0.022576854261601165","0.1453352987963984","13","4","11","32","22","29","[1, 1, 1, 3, 3, 3, 3, 3, 16, 6, 16, 19, 19, 9, 9, 3, 3, 2, 2, 1]","[1, 1, 1, 1, 1, 1, 1, 1, 1, 1, 1, 1, 1, 2, 3, 3, 6, 6, 7, 7]","[1, 1, 1, 1, 1, 1, 1, 1, 6, 2, 6, 7, 7, 3, 3, 1, 1, 1, 1, 1]","13","4","11","17.352531909942627","0.15278911590576172"
"222","60","72","20","True","False","59","72","20","True","False","59","72","20","True","False","0.0","0.0","9","9","9","30","30","30","[1, 3, 3, 3, 2, 8, 1, 3, 3, 2, 2, 1, 3, 6, 6, 1, 2, 2, 2, 1]","[1, 1, 1, 1, 1, 5, 1, 3, 3, 2, 2, 1, 2, 5, 5, 1, 2, 2, 2, 1]","[1, 1, 1, 1, 1, 5, 1, 3, 3, 2, 2, 1, 2, 5, 5, 1, 2, 2, 2, 1]","9","9","9","0.2827575206756592","0.0237882137298584"
"223","66","78","20","True","False","50","51","20","True","True","58","63","20","True","True","0.06391553748907186","0.13528189322318207","13","2","6","32","20","24","[1, 1, 1, 1, 1, 2, 2, 2, 3, 4, 8, 2, 2, 3, 3, 1, 7, 7, 7, 7]","[1, 1, 1, 1, 1, 1, 1, 1, 1, 1, 1, 1, 1, 1, 1, 3, 3, 3, 3, 3]","[1, 1, 1, 1, 1, 1, 1, 1, 1, 1, 3, 1, 1, 1, 1, 1, 3, 3, 3, 3]","13","2","6","2.9329140186309814","0.1586761474609375"
"224","60","72","20","True","False","59","71","20","True","False","59","71","20","True","False","0.006418660462958692","0.006418660462958692","9","9","9","30","29","29","[1, 1, 1, 1, 1, 1, 1, 3, 3, 3, 5, 10, 14, 14, 24, 3, 3, 3, 3, 2]","[1, 1, 1, 1, 1, 1, 1, 3, 3, 3, 5, 10, 14, 14, 24, 3, 3, 3, 3, 2]","[1, 1, 1, 1, 1, 1, 1, 3, 3, 3, 5, 10, 14, 14, 24, 3, 3, 3, 3, 2]","9","9","9","0.31118083000183105","0.01829051971435547"
"225","53","60","20","True","True","53","60","20","True","True","53","60","20","True","True","0.0","0.0","7","7","7","26","26","26","[1, 1, 1, 1, 1, 2, 2, 2, 2, 2, 2, 2, 2, 2, 1, 5, 5, 2, 2, 2]","[1, 1, 1, 1, 1, 2, 2, 2, 2, 2, 2, 2, 2, 2, 1, 5, 5, 2, 2, 2]","[1, 1, 1, 1, 1, 2, 2, 2, 2, 2, 2, 2, 2, 2, 1, 5, 5, 2, 2, 2]","7","7","7","0.0009984970092773438","0.0010001659393310547"
"226","53","59","20","True","True","53","59","20","True","True","53","59","20","True","True","0.0","0.0","7","7","7","25","25","25","[1, 1, 1, 1, 2, 2, 3, 3, 3, 3, 3, 8, 8, 12, 12, 3, 4, 4, 1, 1]","[1, 1, 1, 1, 2, 2, 3, 3, 3, 3, 3, 8, 8, 12, 12, 3, 4, 4, 1, 1]","[1, 1, 1, 1, 2, 2, 3, 3, 3, 3, 3, 8, 8, 12, 12, 3, 4, 4, 1, 1]","7","7","7","0.0010042190551757812","0.0009961128234863281"
"227","53","59","20","True","True","53","59","20","True","True","53","59","20","True","True","0.0","0.0","7","7","7","25","25","25","[1, 1, 3, 4, 4, 6, 6, 9, 12, 21, 21, 21, 21, 9, 9, 9, 9, 9, 1, 1]","[1, 1, 3, 4, 4, 6, 6, 9, 12, 21, 21, 21, 21, 9, 9, 9, 9, 9, 1, 1]","[1, 1, 3, 4, 4, 6, 6, 9, 12, 21, 21, 21, 21, 9, 9, 9, 9, 9, 1, 1]","7","7","7","0.000997781753540039","0.0009992122650146484"
"228","53","60","20","True","True","53","60","20","True","True","53","60","20","True","True","0.0","0.0","7","7","7","26","26","26","[1, 1, 1, 1, 1, 1, 1, 1, 1, 1, 1, 2, 3, 4, 4, 4, 7, 7, 7, 7]","[1, 1, 1, 1, 1, 1, 1, 1, 1, 1, 1, 2, 3, 4, 4, 4, 7, 7, 7, 7]","[1, 1, 1, 1, 1, 1, 1, 1, 1, 1, 1, 2, 3, 4, 4, 4, 7, 7, 7, 7]","7","7","7","0.0009987354278564453","0.0009942054748535156"
"229","66","78","20","True","False","52","58","20","True","True","64","76","20","True","False","0.007449510849664276","0.10984192507030688","13","6","12","32","25","31","[1, 1, 2, 2, 2, 5, 5, 2, 1, 1, 1, 6, 6, 15, 18, 15, 1, 1, 1, 1]","[1, 1, 1, 1, 1, 1, 1, 1, 1, 1, 1, 1, 1, 3, 3, 5, 5, 12, 12, 15]","[1, 1, 1, 1, 1, 3, 3, 1, 1, 1, 1, 5, 5, 12, 15, 12, 1, 1, 1, 1]","13","6","12","21.733766078948975","0.3010730743408203"
"230","53","59","20","True","True","53","59","20","True","True","53","59","20","True","True","0.0","0.0","7","7","7","25","25","25","[1, 1, 1, 1, 1, 1, 2, 2, 2, 1, 1, 1, 2, 3, 5, 7, 7, 7, 7, 7]","[1, 1, 1, 1, 1, 1, 2, 2, 2, 1, 1, 1, 2, 3, 5, 7, 7, 7, 7, 7]","[1, 1, 1, 1, 1, 1, 2, 2, 2, 1, 1, 1, 2, 3, 5, 7, 7, 7, 7, 7]","7","7","7","0.0010013580322265625","0.0009982585906982422"
"231","53","60","20","True","True","53","60","20","True","True","53","60","20","True","True","0.0","0.0","7","7","7","26","26","26","[1, 1, 1, 1, 1, 1, 1, 1, 1, 1, 1, 1, 2, 4, 4, 6, 6, 4, 4, 4]","[1, 1, 1, 1, 1, 1, 1, 1, 1, 1, 1, 1, 2, 4, 4, 6, 6, 4, 4, 4]","[1, 1, 1, 1, 1, 1, 1, 1, 1, 1, 1, 1, 2, 4, 4, 6, 6, 4, 4, 4]","7","7","7","0.0020003318786621094","0.0009996891021728516"
"232","66","78","20","True","False","54","57","21","True","True","59","65","20","True","False","0.05659354180093101","0.10306386885743779","13","5","7","32","23","25","[1, 1, 1, 1, 1, 2, 5, 6, 7, 40, 40, 5, 22, 22, 22, 5, 5, 5, 5, 1]","[0, 0, 0, 0, 0, 1, 1, 1, 2, 2, 2, 2, 2, 2, 2, 2, 9, 9, 9, 15, 15]","[1, 1, 1, 1, 1, 1, 2, 2, 2, 14, 14, 2, 8, 8, 8, 2, 2, 2, 2, 1]","13","5","7","11.656689643859863","0.13897418975830078"
"233","66","78","20","True","False","57","64","21","True","True","60","69","20","True","False","0.04092950568838016","0.06858617219630814","13","7","9","32","27","28","[1, 1, 2, 2, 2, 2, 1, 2, 4, 5, 5, 4, 12, 6, 21, 25, 25, 25, 16, 1]","[1, 1, 1, 2, 1, 2, 1, 1, 1, 1, 1, 1, 1, 1, 1, 3, 4, 5, 6, 6, 6]","[1, 1, 1, 1, 1, 1, 1, 2, 1, 1, 1, 1, 3, 1, 5, 6, 6, 6, 4, 1]","13","7","9","11.239885330200195","0.08998656272888184"
"234","53","60","20","True","True","53","60","20","True","True","53","60","20","True","True","0.0","0.0","7","7","7","26","26","26","[1, 1, 1, 1, 2, 4, 4, 3, 4, 4, 4, 7, 14, 14, 7, 7, 7, 7, 7, 1]","[1, 1, 1, 1, 2, 4, 4, 3, 4, 4, 4, 7, 14, 14, 7, 7, 7, 7, 7, 1]","[1, 1, 1, 1, 2, 4, 4, 3, 4, 4, 4, 7, 14, 14, 7, 7, 7, 7, 7, 1]","7","7","7","0.0010008811950683594","0.0010001659393310547"
"235","53","59","20","True","True","53","59","20","True","True","53","59","20","True","True","0.0","0.0","7","7","7","25","25","25","[1, 1, 1, 1, 1, 1, 1, 2, 2, 2, 2, 2, 2, 6, 7, 9, 9, 6, 6, 3]","[1, 1, 1, 1, 1, 1, 1, 2, 2, 2, 2, 2, 2, 6, 7, 9, 9, 6, 6, 3]","[1, 1, 1, 1, 1, 1, 1, 2, 2, 2, 2, 2, 2, 6, 7, 9, 9, 6, 6, 3]","7","7","7","0.0010123252868652344","0.000993490219116211"
"236","60","72","20","True","False","59","72","20","True","False","59","72","20","True","False","0.0","0.0","9","9","9","30","30","30","[9, 9, 1, 1, 1, 1, 1, 2, 2, 1, 3, 6, 6, 4, 3, 2, 3, 3, 3, 2]","[7, 7, 1, 1, 1, 1, 1, 2, 2, 1, 2, 5, 5, 3, 2, 1, 2, 2, 2, 1]","[7, 7, 1, 1, 1, 1, 1, 2, 2, 1, 2, 5, 5, 3, 2, 1, 2, 2, 2, 1]","9","9","9","0.24451565742492676","0.018123388290405273"
"237","53","60","20","True","True","53","60","20","True","True","53","60","20","True","True","0.0","0.0","7","7","7","26","26","26","[1, 1, 1, 1, 1, 3, 3, 3, 3, 3, 3, 5, 5, 6, 6, 11, 11, 1, 1, 1]","[1, 1, 1, 1, 1, 3, 3, 3, 3, 3, 3, 5, 5, 6, 6, 11, 11, 1, 1, 1]","[1, 1, 1, 1, 1, 3, 3, 3, 3, 3, 3, 5, 5, 6, 6, 11, 11, 1, 1, 1]","7","7","7","0.0009949207305908203","0.0010027885437011719"
"238","60","72","20","True","False","59","72","20","True","False","59","72","20","True","False","0.0","0.0","9","9","9","30","30","30","[1, 1, 1, 2, 2, 2, 1, 1, 1, 5, 6, 7, 7, 6, 6, 17, 6, 5, 2, 1]","[1, 1, 1, 1, 1, 1, 1, 1, 1, 5, 6, 7, 7, 6, 6, 16, 6, 5, 2, 1]","[1, 1, 1, 1, 1, 1, 1, 1, 1, 5, 6, 7, 7, 6, 6, 16, 6, 5, 2, 1]","9","9","9","0.22741198539733887","0.030334949493408203"
"239","53","60","20","True","True","53","60","20","True","True","53","60","20","True","True","0.0","0.0","7","7","7","26","26","26","[1, 1, 1, 1, 3, 3, 3, 3, 3, 3, 4, 4, 4, 6, 6, 6, 6, 6, 6, 1]","[1, 1, 1, 1, 3, 3, 3, 3, 3, 3, 4, 4, 4, 6, 6, 6, 6, 6, 6, 1]","[1, 1, 1, 1, 3, 3, 3, 3, 3, 3, 4, 4, 4, 6, 6, 6, 6, 6, 6, 1]","7","7","7","0.0019996166229248047","0.0010004043579101562"
"240","53","59","20","True","True","53","59","20","True","True","53","59","20","True","True","0.0","0.0","7","7","7","25","25","25","[1, 1, 2, 2, 2, 1, 1, 3, 3, 4, 10, 10, 2, 2, 2, 2, 2, 1, 1, 1]","[1, 1, 2, 2, 2, 1, 1, 3, 3, 4, 10, 10, 2, 2, 2, 2, 2, 1, 1, 1]","[1, 1, 2, 2, 2, 1, 1, 3, 3, 4, 10, 10, 2, 2, 2, 2, 2, 1, 1, 1]","7","7","7","0.001995086669921875","0.001003265380859375"
"241","66","78","20","True","False","55","60","20","True","True","56","58","20","True","True","0.0839665828098981","0.09225809128094409","13","6","3","32","24","21","[2, 2, 1, 3, 3, 1, 1, 3, 3, 3, 2, 2, 16, 16, 14, 14, 14, 1, 1, 1]","[2, 2, 1, 1, 1, 1, 1, 1, 1, 1, 1, 1, 1, 2, 2, 8, 8, 8, 10, 10]","[2, 2, 1, 1, 1, 1, 1, 1, 1, 1, 1, 1, 3, 3, 2, 2, 2, 1, 1, 1]","13","6","3","1.944798231124878","0.1850893497467041"
"242","66","78","20","True","False","58","64","20","True","True","60","68","20","True","True","0.0421308816541599","0.06057762100870179","13","6","8","32","26","27","[1, 2, 2, 2, 3, 15, 43, 43, 4, 5, 10, 20, 20, 20, 20, 5, 5, 5, 2, 1]","[0, 0, 0, 0, 0, 0, 0, 1, 1, 1, 1, 1, 2, 2, 4, 4, 4, 4, 7, 7]","[1, 1, 1, 1, 2, 6, 21, 21, 3, 3, 6, 12, 12, 12, 12, 3, 3, 3, 1, 1]","13","6","8","0.9129197597503662","0.12684392929077148"
"243","53","60","20","True","True","53","60","20","True","True","53","60","20","True","True","0.0","0.0","7","7","7","26","26","26","[1, 1, 1, 1, 1, 1, 1, 2, 2, 2, 2, 3, 5, 8, 9, 9, 9, 9, 2, 1]","[1, 1, 1, 1, 1, 1, 1, 2, 2, 2, 2, 3, 5, 8, 9, 9, 9, 9, 2, 1]","[1, 1, 1, 1, 1, 1, 1, 2, 2, 2, 2, 3, 5, 8, 9, 9, 9, 9, 2, 1]","7","7","7","0.0019838809967041016","0.0010097026824951172"
"244","60","72","20","True","False","59","72","20","True","False","59","72","20","True","False","0.0","0.0","9","9","9","30","30","30","[1, 1, 3, 3, 3, 5, 5, 5, 5, 5, 12, 12, 3, 2, 11, 2, 8, 8, 8, 8]","[1, 1, 2, 2, 2, 3, 3, 3, 3, 3, 7, 7, 2, 1, 6, 1, 5, 5, 5, 5]","[1, 1, 2, 2, 2, 3, 3, 3, 3, 3, 7, 7, 2, 1, 6, 1, 5, 5, 5, 5]","9","9","9","0.43344664573669434","0.05131387710571289"
"245","53","60","20","True","True","53","60","20","True","True","53","60","20","True","True","0.0","0.0","7","7","7","26","26","26","[1, 1, 1, 1, 2, 3, 3, 4, 4, 4, 4, 4, 8, 8, 8, 4, 4, 4, 1, 1]","[1, 1, 1, 1, 2, 3, 3, 4, 4, 4, 4, 4, 8, 8, 8, 4, 4, 4, 1, 1]","[1, 1, 1, 1, 2, 3, 3, 4, 4, 4, 4, 4, 8, 8, 8, 4, 4, 4, 1, 1]","7","7","7","0.001996278762817383","0.001998424530029297"
"246","66","78","20","True","False","56","62","20","True","True","60","68","20","True","True","0.040293130082137196","0.07437647081321597","13","6","8","32","25","27","[2, 2, 1, 2, 2, 1, 3, 6, 6, 22, 22, 3, 3, 3, 11, 11, 13, 13, 13, 11]","[1, 1, 1, 2, 2, 1, 2, 2, 2, 2, 4, 4, 6, 6, 6, 6, 6, 6, 12, 12]","[1, 1, 1, 2, 2, 1, 2, 4, 4, 12, 12, 2, 2, 2, 6, 6, 6, 6, 6, 6]","13","6","8","0.7993514537811279","0.12018299102783203"
"247","53","59","20","True","True","53","59","20","True","True","53","59","20","True","True","0.0","0.0","7","7","7","25","25","25","[1, 1, 1, 1, 1, 1, 2, 4, 4, 5, 5, 5, 5, 10, 10, 5, 9, 9, 4, 4]","[1, 1, 1, 1, 1, 1, 2, 4, 4, 5, 5, 5, 5, 10, 10, 5, 9, 9, 4, 4]","[1, 1, 1, 1, 1, 1, 2, 4, 4, 5, 5, 5, 5, 10, 10, 5, 9, 9, 4, 4]","7","7","7","0.002000093460083008","0.0009996891021728516"
"248","53","59","20","True","True","53","59","20","True","True","53","59","20","True","True","0.0","0.0","7","7","7","25","25","25","[1, 1, 2, 2, 2, 2, 2, 1, 3, 3, 3, 3, 4, 4, 10, 10, 6, 3, 1, 1]","[1, 1, 2, 2, 2, 2, 2, 1, 3, 3, 3, 3, 4, 4, 10, 10, 6, 3, 1, 1]","[1, 1, 2, 2, 2, 2, 2, 1, 3, 3, 3, 3, 4, 4, 10, 10, 6, 3, 1, 1]","7","7","7","0.001008749008178711","0.0009872913360595703"
"249","53","59","20","True","True","53","59","20","True","True","53","59","20","True","True","0.0","0.0","7","7","7","25","25","25","[1, 1, 1, 2, 2, 3, 3, 3, 3, 3, 3, 2, 2, 1, 6, 6, 15, 15, 1, 1]","[1, 1, 1, 2, 2, 3, 3, 3, 3, 3, 3, 2, 2, 1, 6, 6, 15, 15, 1, 1]","[1, 1, 1, 2, 2, 3, 3, 3, 3, 3, 3, 2, 2, 1, 6, 6, 15, 15, 1, 1]","7","7","7","0.0010004043579101562","0.0009953975677490234"
"250","66","78","20","True","False","53","58","20","True","True","56","60","20","True","True","0.07649954006478021","0.10146559003659628","13","5","3","32","24","24","[1, 20, 1, 2, 2, 2, 2, 2, 4, 13, 16, 16, 13, 13, 5, 5, 3, 3, 1, 1]","[1, 1, 1, 1, 1, 1, 1, 1, 1, 1, 1, 2, 2, 2, 6, 6, 6, 7, 7, 10]","[1, 3, 1, 1, 1, 1, 1, 1, 1, 2, 2, 2, 2, 2, 2, 2, 1, 1, 1, 1]","13","5","3","2.938775062561035","0.1260545253753662"
"251","60","72","20","True","False","59","71","20","True","False","59","71","20","True","False","0.007366701759173866","0.007366701759173866","9","9","9","30","29","29","[1, 1, 1, 1, 2, 2, 2, 2, 3, 4, 4, 3, 1, 3, 3, 11, 11, 2, 2, 2]","[1, 1, 1, 1, 2, 2, 2, 2, 3, 4, 4, 3, 1, 3, 3, 11, 11, 2, 2, 2]","[1, 1, 1, 1, 2, 2, 2, 2, 3, 4, 4, 3, 1, 3, 3, 11, 11, 2, 2, 2]","9","9","9","0.27095770835876465","0.028353214263916016"
"252","60","72","20","True","False","59","71","20","True","False","59","71","20","True","False","0.006418660462958692","0.006418660462958692","9","9","9","30","29","29","[1, 1, 1, 1, 1, 16, 2, 3, 4, 4, 4, 4, 6, 6, 6, 6, 8, 8, 8, 1]","[1, 1, 1, 1, 1, 16, 2, 3, 4, 4, 4, 4, 6, 6, 6, 6, 8, 8, 8, 1]","[1, 1, 1, 1, 1, 16, 2, 3, 4, 4, 4, 4, 6, 6, 6, 6, 8, 8, 8, 1]","9","9","9","0.40986108779907227","0.04448676109313965"
"253","60","72","20","True","False","59","71","20","True","False","59","71","20","True","False","0.006418660462958692","0.006418660462958692","9","9","9","30","29","29","[1, 3, 3, 1, 1, 1, 2, 2, 2, 2, 2, 2, 4, 10, 4, 1, 1, 4, 4, 4]","[1, 3, 3, 1, 1, 1, 2, 2, 2, 2, 2, 2, 4, 10, 4, 1, 1, 4, 4, 4]","[1, 3, 3, 1, 1, 1, 2, 2, 2, 2, 2, 2, 4, 10, 4, 1, 1, 4, 4, 4]","9","9","9","0.4037623405456543","0.019409894943237305"
"254","66","78","20","True","False","55","58","21","True","True","57","61","21","True","True","0.07400916318920403","0.09152333510106825","13","4","5","32","23","24","[1, 14, 1, 1, 1, 1, 1, 19, 2, 5, 5, 5, 7, 9, 9, 9, 11, 11, 11, 5]","[1, 1, 1, 1, 1, 1, 2, 5, 5, 5, 5, 2, 5, 5, 5, 5, 5, 5, 5, 10, 10]","[1, 10, 1, 1, 1, 1, 1, 10, 2, 5, 5, 5, 5, 5, 5, 5, 5, 5, 5, 5, 2]","13","4","5","0.32912468910217285","0.05691838264465332"
"255","66","78","20","True","False","54","57","21","True","True","58","63","21","True","True","0.0672623138489098","0.10236909991737386","13","4","6","32","23","25","[1, 1, 1, 1, 1, 1, 1, 1, 1, 2, 6, 12, 12, 8, 3, 3, 3, 1, 13, 7]","[1, 1, 1, 1, 1, 1, 1, 1, 1, 2, 1, 1, 2, 2, 2, 2, 4, 4, 6, 6, 8]","[1, 1, 1, 1, 1, 1, 1, 1, 1, 2, 2, 6, 6, 4, 2, 2, 2, 1, 8, 4, 1]","13","4","6","0.7780275344848633","0.06228947639465332"
"256","60","72","20","True","False","59","72","20","True","False","59","72","20","True","False","0.0","0.0","9","9","9","30","30","30","[1, 1, 2, 2, 2, 4, 5, 5, 2, 2, 2, 2, 2, 2, 6, 6, 1, 12, 3, 3]","[1, 1, 2, 2, 1, 3, 4, 4, 1, 1, 1, 1, 1, 1, 3, 3, 1, 9, 2, 2]","[1, 1, 2, 2, 1, 3, 4, 4, 1, 1, 1, 1, 1, 1, 3, 3, 1, 9, 2, 2]","9","9","9","0.207780122756958","0.016312360763549805"
"257","66","78","20","True","False","52","56","20","True","True","60","68","20","True","True","0.0424132953901295","0.11204978738732063","13","4","8","32","23","27","[1, 2, 4, 4, 7, 7, 18, 12, 12, 19, 12, 12, 5, 5, 3, 3, 3, 2, 2, 1]","[1, 1, 2, 2, 2, 1, 1, 1, 1, 1, 1, 1, 1, 1, 2, 2, 2, 2, 4, 4]","[1, 1, 1, 1, 1, 1, 4, 2, 2, 4, 2, 2, 1, 1, 2, 2, 2, 1, 1, 1]","13","4","8","0.8225445747375488","0.07137465476989746"
"258","66","78","20","True","False","54","57","20","True","False","58","64","20","True","True","0.05840288243996217","0.09475024944784849","13","4","6","32","22","25","[2, 2, 2, 8, 3, 14, 7, 7, 7, 7, 7, 7, 4, 2, 2, 3, 3, 3, 3, 3]","[0, 0, 0, 0, 0, 1, 1, 1, 1, 1, 1, 1, 2, 2, 2, 2, 2, 2, 2, 4]","[1, 1, 1, 2, 1, 4, 2, 2, 2, 2, 2, 2, 1, 2, 2, 1, 1, 1, 1, 1]","13","4","6","1.794795274734497","0.09917116165161133"
"259","53","60","20","True","True","53","60","20","True","True","53","60","20","True","True","0.0","0.0","7","7","7","26","26","26","[1, 1, 2, 2, 2, 2, 2, 2, 3, 5, 5, 5, 5, 5, 5, 13, 13, 6, 1, 1]","[1, 1, 2, 2, 2, 2, 2, 2, 3, 5, 5, 5, 5, 5, 5, 13, 13, 6, 1, 1]","[1, 1, 2, 2, 2, 2, 2, 2, 3, 5, 5, 5, 5, 5, 5, 13, 13, 6, 1, 1]","7","7","7","0.0009970664978027344","0.0009949207305908203"
"260","53","59","20","True","True","53","59","20","True","True","53","59","20","True","True","0.0","0.0","7","7","7","25","25","25","[1, 1, 1, 1, 2, 2, 2, 2, 2, 1, 1, 1, 5, 5, 2, 1, 2, 3, 3, 3]","[1, 1, 1, 1, 2, 2, 2, 2, 2, 1, 1, 1, 5, 5, 2, 1, 2, 3, 3, 3]","[1, 1, 1, 1, 2, 2, 2, 2, 2, 1, 1, 1, 5, 5, 2, 1, 2, 3, 3, 3]","7","7","7","0.0010788440704345703","0.0010027885437011719"
"261","53","60","20","True","True","53","60","20","True","True","53","60","20","True","True","0.0","0.0","7","7","7","26","26","26","[1, 1, 1, 1, 1, 1, 1, 1, 1, 1, 2, 4, 4, 3, 3, 4, 5, 5, 5, 5]","[1, 1, 1, 1, 1, 1, 1, 1, 1, 1, 2, 4, 4, 3, 3, 4, 5, 5, 5, 5]","[1, 1, 1, 1, 1, 1, 1, 1, 1, 1, 2, 4, 4, 3, 3, 4, 5, 5, 5, 5]","7","7","7","0.0009870529174804688","0.0009992122650146484"
"262","53","59","20","True","True","53","59","20","True","True","53","59","20","True","True","0.0","0.0","7","7","7","25","25","25","[1, 1, 1, 1, 1, 1, 1, 1, 1, 2, 2, 2, 5, 6, 7, 8, 8, 7, 1, 1]","[1, 1, 1, 1, 1, 1, 1, 1, 1, 2, 2, 2, 5, 6, 7, 8, 8, 7, 1, 1]","[1, 1, 1, 1, 1, 1, 1, 1, 1, 2, 2, 2, 5, 6, 7, 8, 8, 7, 1, 1]","7","7","7","0.0009996891021728516","0.0009999275207519531"
"263","66","78","20","True","False","56","60","20","True","True","58","63","20","True","True","0.06507202586820038","0.0824155964585499","13","4","5","32","24","25","[1, 1, 1, 2, 11, 12, 13, 13, 2, 2, 2, 10, 10, 4, 4, 4, 4, 2, 2, 2]","[1, 1, 1, 2, 2, 2, 2, 2, 2, 2, 2, 2, 2, 2, 4, 4, 4, 4, 6, 6]","[1, 1, 1, 2, 4, 4, 4, 4, 2, 2, 2, 6, 6, 2, 2, 2, 2, 2, 2, 2]","13","4","5","0.5583422183990479","0.11182546615600586"
"264","66","78","20","True","False","53","56","20","True","True","59","65","20","True","True","0.05659354180093101","0.10914186999461306","13","4","7","32","22","25","[1, 1, 1, 1, 1, 1, 7, 8, 8, 9, 10, 10, 1, 8, 10, 10, 3, 3, 3, 2]","[1, 1, 1, 1, 1, 1, 1, 1, 1, 1, 1, 3, 3, 3, 3, 4, 4, 4, 5, 5]","[1, 1, 1, 1, 1, 1, 3, 3, 3, 4, 5, 5, 1, 3, 4, 4, 1, 1, 1, 1]","13","4","7","1.9391789436340332","0.15780401229858398"
"265","66","78","20","True","False","54","57","21","True","True","58","64","21","True","True","0.05992794464568996","0.09536224792523151","13","4","6","32","23","26","[1, 1, 1, 1, 1, 9, 2, 3, 3, 4, 6, 6, 4, 6, 6, 6, 1, 1, 1, 1]","[0, 0, 0, 0, 0, 0, 0, 0, 1, 1, 2, 3, 3, 3, 3, 3, 3, 4, 4, 4, 6]","[1, 1, 1, 1, 1, 6, 2, 3, 3, 3, 4, 4, 3, 3, 3, 4, 1, 1, 1, 1, 1]","13","4","6","1.0674052238464355","0.16551446914672852"
"266","53","60","20","True","True","53","60","20","True","True","53","60","20","True","True","0.0","0.0","7","7","7","26","26","26","[1, 1, 1, 1, 1, 1, 1, 3, 3, 4, 4, 5, 6, 6, 6, 6, 4, 4, 3, 1]","[1, 1, 1, 1, 1, 1, 1, 3, 3, 4, 4, 5, 6, 6, 6, 6, 4, 4, 3, 1]","[1, 1, 1, 1, 1, 1, 1, 3, 3, 4, 4, 5, 6, 6, 6, 6, 4, 4, 3, 1]","7","7","7","0.0010023117065429688","0.0009946823120117188"
"267","60","72","20","True","False","59","72","20","True","False","59","72","20","True","False","0.0","0.0","9","9","9","30","30","30","[1, 1, 1, 4, 4, 4, 4, 4, 4, 4, 4, 8, 8, 4, 5, 5, 29, 29, 3, 3]","[1, 1, 1, 4, 4, 4, 4, 4, 4, 4, 4, 8, 8, 4, 4, 4, 28, 28, 2, 2]","[1, 1, 1, 4, 4, 4, 4, 4, 4, 4, 4, 8, 8, 4, 4, 4, 28, 28, 2, 2]","9","9","9","0.3530247211456299","0.02918553352355957"
"268","58","69","20","True","True","58","69","20","True","True","58","69","20","True","True","0.0","0.0","7","7","7","29","29","29","[1, 1, 1, 1, 1, 1, 1, 1, 4, 4, 4, 4, 8, 12, 12, 6, 6, 6, 3, 1]","[1, 1, 1, 1, 1, 1, 1, 1, 4, 4, 4, 4, 8, 12, 12, 6, 6, 6, 3, 1]","[1, 1, 1, 1, 1, 1, 1, 1, 4, 4, 4, 4, 8, 12, 12, 6, 6, 6, 3, 1]","7","7","7","0.0019986629486083984","0.001996278762817383"
"269","60","72","20","True","False","59","72","20","True","False","59","72","20","True","False","0.0","0.0","9","9","9","30","30","30","[1, 2, 2, 2, 1, 1, 1, 1, 1, 1, 2, 2, 2, 3, 5, 18, 18, 3, 3, 2]","[1, 1, 1, 1, 1, 1, 1, 1, 1, 1, 2, 2, 2, 3, 5, 18, 18, 3, 3, 2]","[1, 1, 1, 1, 1, 1, 1, 1, 1, 1, 2, 2, 2, 3, 5, 18, 18, 3, 3, 2]","9","9","9","0.3226203918457031","0.02299642562866211"
"270","53","59","20","True","True","53","59","20","True","True","53","59","20","True","True","0.0","0.0","7","7","7","25","25","25","[1, 1, 1, 1, 1, 1, 3, 6, 6, 7, 7, 7, 7, 6, 6, 8, 9, 9, 9, 3]","[1, 1, 1, 1, 1, 1, 3, 6, 6, 7, 7, 7, 7, 6, 6, 8, 9, 9, 9, 3]","[1, 1, 1, 1, 1, 1, 3, 6, 6, 7, 7, 7, 7, 6, 6, 8, 9, 9, 9, 3]","7","7","7","0.0019865036010742188","0.0010013580322265625"
"271","66","78","20","True","False","55","59","20","True","True","57","62","20","True","True","0.06668253352003484","0.08405659888565786","13","4","5","32","23","24","[1, 9, 1, 1, 1, 2, 2, 4, 7, 7, 6, 6, 4, 1, 3, 3, 3, 3, 3, 3]","[1, 1, 1, 1, 1, 1, 1, 1, 1, 1, 1, 1, 1, 3, 3, 3, 3, 4, 4, 5]","[1, 5, 1, 1, 1, 1, 1, 3, 4, 4, 3, 3, 3, 1, 1, 1, 1, 1, 1, 1]","13","4","5","2.3333306312561035","0.14931750297546387"
"272","66","78","20","True","False","58","65","20","True","True","60","68","20","True","True","0.0418485511592217","0.05876409985380893","13","7","8","32","26","27","[1, 2, 2, 4, 4, 6, 10, 10, 4, 3, 3, 3, 52, 30, 30, 15, 15, 15, 15, 1]","[1, 1, 1, 2, 2, 2, 1, 2, 2, 2, 2, 4, 4, 4, 4, 4, 4, 8, 8, 14]","[1, 1, 1, 2, 2, 2, 4, 4, 2, 2, 2, 2, 14, 8, 8, 4, 4, 4, 4, 1]","13","7","8","0.9858660697937012","0.12399649620056152"
"273","60","72","20","True","False","59","71","20","True","False","59","71","20","True","False","0.007366701759173866","0.007366701759173866","9","9","9","30","29","29","[18, 1, 1, 1, 2, 2, 3, 3, 3, 3, 3, 10, 10, 8, 8, 7, 4, 1, 1, 1]","[18, 1, 1, 1, 2, 2, 3, 3, 3, 3, 3, 10, 10, 8, 8, 7, 4, 1, 1, 1]","[18, 1, 1, 1, 2, 2, 3, 3, 3, 3, 3, 10, 10, 8, 8, 7, 4, 1, 1, 1]","9","9","9","0.37126588821411133","0.03199410438537598"
"274","53","59","20","True","True","53","59","20","True","True","53","59","20","True","True","0.0","0.0","7","7","7","25","25","25","[1, 1, 1, 1, 2, 3, 3, 2, 2, 3, 3, 7, 7, 4, 6, 6, 6, 6, 6, 6]","[1, 1, 1, 1, 2, 3, 3, 2, 2, 3, 3, 7, 7, 4, 6, 6, 6, 6, 6, 6]","[1, 1, 1, 1, 2, 3, 3, 2, 2, 3, 3, 7, 7, 4, 6, 6, 6, 6, 6, 6]","7","7","7","0.0030012130737304688","0.003000974655151367"
"275","53","59","20","True","True","53","59","20","True","True","53","59","20","True","True","0.0","0.0","7","7","7","25","25","25","[1, 1, 2, 2, 3, 3, 2, 2, 2, 2, 1, 1, 1, 6, 6, 8, 9, 9, 9, 1]","[1, 1, 2, 2, 3, 3, 2, 2, 2, 2, 1, 1, 1, 6, 6, 8, 9, 9, 9, 1]","[1, 1, 2, 2, 3, 3, 2, 2, 2, 2, 1, 1, 1, 6, 6, 8, 9, 9, 9, 1]","7","7","7","0.003000020980834961","0.002002716064453125"
"276","53","60","20","True","True","53","60","20","True","True","53","60","20","True","True","0.0","0.0","7","7","7","26","26","26","[1, 1, 1, 1, 1, 2, 3, 3, 5, 5, 2, 4, 4, 4, 9, 9, 6, 1, 1, 1]","[1, 1, 1, 1, 1, 2, 3, 3, 5, 5, 2, 4, 4, 4, 9, 9, 6, 1, 1, 1]","[1, 1, 1, 1, 1, 2, 3, 3, 5, 5, 2, 4, 4, 4, 9, 9, 6, 1, 1, 1]","7","7","7","0.001996755599975586","0.002999544143676758"
"277","53","59","20","True","True","53","59","20","True","True","53","59","20","True","True","0.0","0.0","7","7","7","25","25","25","[1, 1, 1, 1, 1, 1, 1, 2, 2, 4, 4, 11, 11, 2, 4, 4, 2, 2, 2, 1]","[1, 1, 1, 1, 1, 1, 1, 2, 2, 4, 4, 11, 11, 2, 4, 4, 2, 2, 2, 1]","[1, 1, 1, 1, 1, 1, 1, 2, 2, 4, 4, 11, 11, 2, 4, 4, 2, 2, 2, 1]","7","7","7","0.0020089149475097656","0.001001119613647461"
"278","53","60","20","True","True","53","60","20","True","True","53","60","20","True","True","0.0","0.0","7","7","7","26","26","26","[1, 1, 1, 1, 1, 1, 1, 2, 2, 4, 4, 4, 4, 3, 3, 2, 2, 1, 1, 1]","[1, 1, 1, 1, 1, 1, 1, 2, 2, 4, 4, 4, 4, 3, 3, 2, 2, 1, 1, 1]","[1, 1, 1, 1, 1, 1, 1, 2, 2, 4, 4, 4, 4, 3, 3, 2, 2, 1, 1, 1]","7","7","7","0.0040073394775390625","0.0019953250885009766"
"279","53","60","20","True","True","53","60","20","True","True","53","60","20","True","True","0.0","0.0","7","7","7","26","26","26","[1, 1, 1, 1, 1, 2, 2, 3, 3, 3, 5, 5, 3, 4, 4, 4, 2, 2, 2, 1]","[1, 1, 1, 1, 1, 2, 2, 3, 3, 3, 5, 5, 3, 4, 4, 4, 2, 2, 2, 1]","[1, 1, 1, 1, 1, 2, 2, 3, 3, 3, 5, 5, 3, 4, 4, 4, 2, 2, 2, 1]","7","7","7","0.0030035972595214844","0.001996755599975586"
"280","53","60","20","True","True","53","60","20","True","True","53","60","20","True","True","0.0","0.0","7","7","7","26","26","26","[1, 1, 1, 1, 1, 2, 4, 5, 5, 5, 10, 10, 10, 10, 12, 12, 1, 1, 1, 1]","[1, 1, 1, 1, 1, 2, 4, 5, 5, 5, 10, 10, 10, 10, 12, 12, 1, 1, 1, 1]","[1, 1, 1, 1, 1, 2, 4, 5, 5, 5, 10, 10, 10, 10, 12, 12, 1, 1, 1, 1]","7","7","7","0.002002716064453125","0.0010004043579101562"
"281","60","72","20","True","False","59","72","20","True","False","59","72","20","True","False","0.0","0.0","9","9","9","30","30","30","[1, 1, 1, 11, 11, 1, 1, 1, 2, 4, 4, 4, 4, 13, 13, 13, 14, 14, 14, 14]","[1, 1, 1, 7, 7, 1, 1, 1, 2, 2, 2, 2, 2, 9, 9, 9, 10, 10, 10, 10]","[1, 1, 1, 7, 7, 1, 1, 1, 2, 2, 2, 2, 2, 9, 9, 9, 10, 10, 10, 10]","9","9","9","0.31464290618896484","0.0359957218170166"
"282","66","78","20","True","False","57","62","20","True","True","59","65","20","True","True","0.05651979013334518","0.07370321860736506","13","5","6","32","25","26","[1, 2, 2, 2, 2, 2, 2, 2, 4, 4, 2, 2, 5, 5, 31, 12, 19, 19, 14, 14]","[1, 2, 2, 2, 2, 2, 2, 2, 4, 4, 2, 2, 2, 2, 4, 4, 4, 6, 6, 10]","[1, 2, 2, 2, 2, 2, 2, 2, 4, 4, 2, 2, 2, 2, 10, 4, 6, 6, 4, 4]","13","5","6","0.6795985698699951","0.08199763298034668"
"283","53","60","20","True","True","53","60","20","True","True","53","60","20","True","True","0.0","0.0","7","7","7","26","26","26","[1, 1, 1, 2, 4, 8, 8, 9, 9, 8, 8, 4, 4, 4, 4, 4, 4, 4, 4, 4]","[1, 1, 1, 2, 4, 8, 8, 9, 9, 8, 8, 4, 4, 4, 4, 4, 4, 4, 4, 4]","[1, 1, 1, 2, 4, 8, 8, 9, 9, 8, 8, 4, 4, 4, 4, 4, 4, 4, 4, 4]","7","7","7","0.001003265380859375","0.0010030269622802734"
"284","60","72","20","True","False","59","71","20","True","False","59","71","20","True","False","0.006418660462958692","0.006418660462958692","9","9","9","30","29","29","[1, 1, 7, 1, 1, 2, 3, 3, 3, 3, 3, 3, 3, 3, 7, 7, 1, 1, 1, 1]","[1, 1, 7, 1, 1, 2, 3, 3, 3, 3, 3, 3, 3, 3, 7, 7, 1, 1, 1, 1]","[1, 1, 7, 1, 1, 2, 3, 3, 3, 3, 3, 3, 3, 3, 7, 7, 1, 1, 1, 1]","9","9","9","0.24399471282958984","0.021999597549438477"
"285","53","59","20","True","True","53","59","20","True","True","53","59","20","True","True","0.0","0.0","7","7","7","25","25","25","[1, 1, 1, 1, 1, 2, 3, 3, 3, 6, 6, 6, 5, 5, 1, 1, 1, 1, 1, 1]","[1, 1, 1, 1, 1, 2, 3, 3, 3, 6, 6, 6, 5, 5, 1, 1, 1, 1, 1, 1]","[1, 1, 1, 1, 1, 2, 3, 3, 3, 6, 6, 6, 5, 5, 1, 1, 1, 1, 1, 1]","7","7","7","0.001007080078125","0.0009953975677490234"
"286","53","59","20","True","True","53","59","20","True","True","53","59","20","True","True","0.0","0.0","7","7","7","25","25","25","[1, 1, 1, 1, 3, 3, 2, 1, 1, 1, 1, 3, 4, 4, 4, 1, 3, 3, 3, 2]","[1, 1, 1, 1, 3, 3, 2, 1, 1, 1, 1, 3, 4, 4, 4, 1, 3, 3, 3, 2]","[1, 1, 1, 1, 3, 3, 2, 1, 1, 1, 1, 3, 4, 4, 4, 1, 3, 3, 3, 2]","7","7","7","0.0020055770874023438","0.0010004043579101562"
"287","60","72","20","True","False","59","72","20","True","False","59","72","20","True","False","0.0","0.0","9","9","9","30","30","30","[1, 1, 3, 3, 5, 6, 6, 6, 2, 1, 1, 2, 2, 9, 1, 3, 3, 2, 1, 1]","[1, 1, 2, 2, 3, 4, 4, 4, 1, 1, 1, 2, 2, 8, 1, 3, 3, 2, 1, 1]","[1, 1, 2, 2, 3, 4, 4, 4, 1, 1, 1, 2, 2, 8, 1, 3, 3, 2, 1, 1]","9","9","9","0.3705475330352783","0.029614925384521484"
"288","53","59","20","True","True","53","59","20","True","True","53","59","20","True","True","0.0","0.0","7","7","7","25","25","25","[1, 1, 1, 1, 1, 1, 1, 1, 1, 1, 1, 2, 3, 3, 3, 10, 10, 10, 10, 2]","[1, 1, 1, 1, 1, 1, 1, 1, 1, 1, 1, 2, 3, 3, 3, 10, 10, 10, 10, 2]","[1, 1, 1, 1, 1, 1, 1, 1, 1, 1, 1, 2, 3, 3, 3, 10, 10, 10, 10, 2]","7","7","7","0.0020139217376708984","0.0019674301147460938"
"289","53","60","20","True","True","53","60","20","True","True","53","60","20","True","True","0.0","0.0","7","7","7","26","26","26","[1, 1, 2, 2, 2, 2, 2, 3, 3, 5, 8, 8, 5, 5, 5, 5, 5, 5, 3, 3]","[1, 1, 2, 2, 2, 2, 2, 3, 3, 5, 8, 8, 5, 5, 5, 5, 5, 5, 3, 3]","[1, 1, 2, 2, 2, 2, 2, 3, 3, 5, 8, 8, 5, 5, 5, 5, 5, 5, 3, 3]","7","7","7","0.0020012855529785156","0.0009968280792236328"
"290","60","72","20","True","False","59","72","20","True","False","59","72","20","True","False","0.0","0.0","9","9","9","30","30","30","[1, 1, 9, 3, 2, 2, 2, 3, 3, 3, 3, 5, 11, 11, 11, 5, 2, 2, 2, 2]","[1, 1, 6, 2, 1, 1, 1, 2, 2, 2, 2, 3, 7, 7, 7, 3, 2, 2, 2, 2]","[1, 1, 6, 2, 1, 1, 1, 2, 2, 2, 2, 3, 7, 7, 7, 3, 2, 2, 2, 2]","9","9","9","0.3275887966156006","0.02901148796081543"
"291","53","60","20","True","True","53","60","20","True","True","53","60","20","True","True","0.0","0.0","7","7","7","26","26","26","[1, 1, 1, 1, 1, 1, 2, 3, 3, 3, 3, 5, 9, 9, 9, 9, 4, 1, 1, 1]","[1, 1, 1, 1, 1, 1, 2, 3, 3, 3, 3, 5, 9, 9, 9, 9, 4, 1, 1, 1]","[1, 1, 1, 1, 1, 1, 2, 3, 3, 3, 3, 5, 9, 9, 9, 9, 4, 1, 1, 1]","7","7","7","0.0019991397857666016","0.001999378204345703"
"292","60","72","20","True","False","59","72","20","True","False","59","72","20","True","False","0.0","0.0","9","9","9","30","30","30","[1, 2, 2, 1, 3, 4, 4, 6, 6, 3, 3, 3, 1, 1, 12, 12, 1, 1, 1, 1]","[1, 1, 1, 1, 2, 3, 3, 4, 4, 2, 2, 2, 1, 1, 10, 10, 1, 1, 1, 1]","[1, 1, 1, 1, 2, 3, 3, 4, 4, 2, 2, 2, 1, 1, 10, 10, 1, 1, 1, 1]","9","9","9","0.4496738910675049","0.03099799156188965"
"293","53","60","20","True","True","53","60","20","True","True","53","60","20","True","True","0.0","0.0","7","7","7","26","26","26","[1, 1, 1, 4, 4, 4, 4, 2, 1, 1, 1, 1, 1, 1, 1, 8, 8, 8, 4, 4]","[1, 1, 1, 4, 4, 4, 4, 2, 1, 1, 1, 1, 1, 1, 1, 8, 8, 8, 4, 4]","[1, 1, 1, 4, 4, 4, 4, 2, 1, 1, 1, 1, 1, 1, 1, 8, 8, 8, 4, 4]","7","7","7","0.001996278762817383","0.0010001659393310547"
"294","60","72","20","True","False","59","72","20","True","False","59","72","20","True","False","0.0","0.0","9","9","9","30","30","30","[1, 2, 2, 9, 2, 2, 2, 2, 5, 5, 6, 8, 8, 8, 4, 4, 2, 2, 1, 1]","[1, 1, 1, 5, 1, 1, 1, 1, 3, 3, 3, 4, 4, 4, 2, 2, 1, 1, 1, 1]","[1, 1, 1, 5, 1, 1, 1, 1, 3, 3, 3, 4, 4, 4, 2, 2, 1, 1, 1, 1]","9","9","9","0.3426659107208252","0.018999814987182617"
"295","66","78","20","True","False","53","59","20","True","True","63","74","20","True","True","0.015575353865652897","0.10086375450748675","13","6","11","32","25","30","[1, 2, 2, 4, 4, 4, 6, 28, 9, 9, 9, 12, 12, 12, 12, 5, 5, 5, 23, 2]","[]","[1, 1, 1, 2, 2, 2, 3, 14, 4, 4, 4, 6, 6, 6, 6, 3, 3, 3, 12, 1]","13","6","11","4.508617401123047","0.30998873710632324"
"296","53","59","20","True","True","53","59","20","True","True","53","59","20","True","True","0.0","0.0","7","7","7","25","25","25","[1, 1, 2, 2, 3, 3, 3, 1, 1, 1, 5, 5, 3, 3, 3, 8, 8, 8, 3, 2]","[1, 1, 2, 2, 3, 3, 3, 1, 1, 1, 5, 5, 3, 3, 3, 8, 8, 8, 3, 2]","[1, 1, 2, 2, 3, 3, 3, 1, 1, 1, 5, 5, 3, 3, 3, 8, 8, 8, 3, 2]","7","7","7","0.0009899139404296875","0.0009999275207519531"
"297","53","59","20","True","True","53","59","20","True","True","53","59","20","True","True","0.0","0.0","7","7","7","25","25","25","[1, 1, 1, 1, 1, 3, 3, 2, 2, 1, 4, 4, 5, 6, 7, 7, 7, 2, 1, 1]","[1, 1, 1, 1, 1, 3, 3, 2, 2, 1, 4, 4, 5, 6, 7, 7, 7, 2, 1, 1]","[1, 1, 1, 1, 1, 3, 3, 2, 2, 1, 4, 4, 5, 6, 7, 7, 7, 2, 1, 1]","7","7","7","0.0020008087158203125","0.00099945068359375"
"298","66","78","20","True","False","56","61","20","True","True","58","64","20","True","True","0.056173070866465946","0.07335006989372472","13","5","6","32","24","25","[1, 1, 1, 3, 4, 5, 5, 6, 6, 6, 5, 5, 15, 2, 19, 6, 6, 1, 1, 1]","[1, 1, 1, 3, 2, 1, 1, 1, 4, 4, 4, 4, 4, 4, 4, 4, 4, 4, 8, 12]","[1, 1, 1, 3, 4, 4, 4, 4, 4, 4, 4, 4, 8, 2, 12, 4, 4, 1, 1, 1]","13","5","6","0.4454081058502197","0.0881962776184082"
"299","53","60","20","True","True","53","60","20","True","True","53","60","20","True","True","0.0","0.0","7","7","7","26","26","26","[1, 1, 1, 1, 1, 1, 1, 1, 1, 2, 3, 3, 2, 1, 3, 4, 4, 4, 1, 1]","[1, 1, 1, 1, 1, 1, 1, 1, 1, 2, 3, 3, 2, 1, 3, 4, 4, 4, 1, 1]","[1, 1, 1, 1, 1, 1, 1, 1, 1, 2, 3, 3, 2, 1, 3, 4, 4, 4, 1, 1]","7","7","7","0.0010056495666503906","0.000995635986328125"
"300","67","75","25","True","True","67","75","25","True","True","67","75","25","True","True","0.0","0.0","9","9","9","32","32","32","[1, 1, 2, 2, 1, 1, 1, 1, 1, 2, 2, 3, 3, 12, 12, 11, 11, 6, 1, 4, 4, 1, 1, 1, 1]","[1, 1, 2, 2, 1, 1, 1, 1, 1, 2, 2, 3, 3, 12, 12, 11, 11, 6, 1, 4, 4, 1, 1, 1, 1]","[1, 1, 2, 2, 1, 1, 1, 1, 1, 2, 2, 3, 3, 12, 12, 11, 11, 6, 1, 4, 4, 1, 1, 1, 1]","9","9","9","0.0019989013671875","0.000993490219116211"
"301","80","94","25","True","False","71","78","25","True","True","73","81","25","True","True","0.04621413130699503","0.06023054049795873","15","8","9","39","31","32","[1, 1, 1, 3, 3, 4, 4, 1, 2, 7, 9, 9, 21, 9, 5, 5, 2, 2, 22, 22, 4, 4, 4, 2, 1]","[1, 1, 1, 3, 3, 4, 4, 1, 2, 2, 2, 4, 4, 4, 2, 1, 2, 2, 4, 4, 4, 4, 6, 6, 10]","[1, 1, 1, 3, 3, 4, 4, 1, 2, 4, 4, 4, 10, 4, 2, 2, 2, 2, 6, 6, 4, 4, 4, 2, 1]","15","8","9","0.6711957454681396","0.11800432205200195"
"302","67","75","25","True","True","67","75","25","True","True","67","75","25","True","True","0.0","0.0","9","9","9","32","32","32","[1, 1, 1, 1, 1, 1, 1, 1, 3, 3, 3, 3, 3, 5, 11, 11, 8, 8, 3, 1, 1, 1, 5, 5, 5]","[1, 1, 1, 1, 1, 1, 1, 1, 3, 3, 3, 3, 3, 5, 11, 11, 8, 8, 3, 1, 1, 1, 5, 5, 5]","[1, 1, 1, 1, 1, 1, 1, 1, 3, 3, 3, 3, 3, 5, 11, 11, 8, 8, 3, 1, 1, 1, 5, 5, 5]","9","9","9","0.0019996166229248047","0.0019948482513427734"
"303","67","76","25","True","True","67","76","25","True","True","67","76","25","True","True","0.0","0.0","9","9","9","33","33","33","[1, 1, 1, 1, 1, 1, 1, 1, 2, 2, 2, 2, 5, 9, 9, 11, 11, 11, 9, 7, 8, 8, 3, 1, 1]","[1, 1, 1, 1, 1, 1, 1, 1, 2, 2, 2, 2, 5, 9, 9, 11, 11, 11, 9, 7, 8, 8, 3, 1, 1]","[1, 1, 1, 1, 1, 1, 1, 1, 2, 2, 2, 2, 5, 9, 9, 11, 11, 11, 9, 7, 8, 8, 3, 1, 1]","9","9","9","0.0019998550415039062","0.0019996166229248047"
"304","74","88","25","True","False","73","87","25","True","False","73","87","25","True","False","0.005236553454152637","0.005236553454152637","11","11","11","37","36","36","[1, 1, 1, 2, 2, 2, 2, 5, 6, 33, 13, 13, 13, 13, 13, 6, 5, 8, 8, 6, 6, 2, 2, 2, 1]","[1, 1, 1, 2, 2, 2, 2, 5, 6, 33, 13, 13, 13, 13, 13, 6, 5, 8, 8, 6, 6, 2, 2, 2, 1]","[1, 1, 1, 2, 2, 2, 2, 5, 6, 33, 13, 13, 13, 13, 13, 6, 5, 8, 8, 6, 6, 2, 2, 2, 1]","11","11","11","0.27816152572631836","0.032999515533447266"
"305","72","86","25","True","True","72","86","25","True","True","72","86","25","True","True","0.0","0.0","9","9","9","37","37","37","[1, 1, 2, 2, 1, 1, 1, 1, 3, 8, 10, 11, 11, 11, 4, 4, 4, 8, 8, 1, 1, 1, 1, 1, 1]","[1, 1, 2, 2, 1, 1, 1, 1, 3, 8, 10, 11, 11, 11, 4, 4, 4, 8, 8, 1, 1, 1, 1, 1, 1]","[1, 1, 2, 2, 1, 1, 1, 1, 3, 8, 10, 11, 11, 11, 4, 4, 4, 8, 8, 1, 1, 1, 1, 1, 1]","9","9","9","0.002001047134399414","0.0019996166229248047"
"306","67","76","25","True","True","67","76","25","True","True","67","76","25","True","True","0.0","0.0","9","9","9","33","33","33","[1, 1, 1, 1, 1, 1, 2, 3, 4, 4, 4, 4, 4, 4, 4, 8, 8, 8, 17, 25, 25, 25, 1, 1, 1]","[1, 1, 1, 1, 1, 1, 2, 3, 4, 4, 4, 4, 4, 4, 4, 8, 8, 8, 17, 25, 25, 25, 1, 1, 1]","[1, 1, 1, 1, 1, 1, 2, 3, 4, 4, 4, 4, 4, 4, 4, 8, 8, 8, 17, 25, 25, 25, 1, 1, 1]","9","9","9","0.0009999275207519531","0.00223541259765625"
"307","67","76","25","True","True","67","76","25","True","True","67","76","25","True","True","0.0","0.0","9","9","9","33","33","33","[1, 1, 1, 1, 2, 2, 2, 3, 6, 6, 6, 7, 7, 4, 4, 4, 10, 10, 10, 10, 2, 2, 2, 1, 1]","[1, 1, 1, 1, 2, 2, 2, 3, 6, 6, 6, 7, 7, 4, 4, 4, 10, 10, 10, 10, 2, 2, 2, 1, 1]","[1, 1, 1, 1, 2, 2, 2, 3, 6, 6, 6, 7, 7, 4, 4, 4, 10, 10, 10, 10, 2, 2, 2, 1, 1]","9","9","9","0.0009844303131103516","0.0019979476928710938"
"308","74","88","25","True","False","73","87","25","True","False","73","87","25","True","False","0.00600946705868266","0.00600946705868266","11","11","11","37","36","36","[1, 1, 1, 1, 1, 1, 1, 1, 1, 1, 1, 3, 3, 3, 4, 9, 10, 10, 5, 5, 14, 14, 11, 1, 1]","[1, 1, 1, 1, 1, 1, 1, 1, 1, 1, 1, 3, 3, 3, 4, 9, 10, 10, 5, 5, 14, 14, 11, 1, 1]","[1, 1, 1, 1, 1, 1, 1, 1, 1, 1, 1, 3, 3, 3, 4, 9, 10, 10, 5, 5, 14, 14, 11, 1, 1]","11","11","11","0.27315759658813477","0.01599407196044922"
"309","67","75","25","True","True","67","75","25","True","True","67","75","25","True","True","0.0","0.0","9","9","9","32","32","32","[1, 1, 1, 1, 1, 1, 2, 6, 6, 4, 8, 9, 9, 9, 8, 5, 5, 2, 1, 1, 1, 1, 1, 1, 1]","[1, 1, 1, 1, 1, 1, 2, 6, 6, 4, 8, 9, 9, 9, 8, 5, 5, 2, 1, 1, 1, 1, 1, 1, 1]","[1, 1, 1, 1, 1, 1, 2, 6, 6, 4, 8, 9, 9, 9, 8, 5, 5, 2, 1, 1, 1, 1, 1, 1, 1]","9","9","9","0.0009996891021728516","0.0010001659393310547"
"310","80","94","25","True","False","65","71","25","True","True","74","83","26","True","False","0.04057703936788837","0.10340867534406373","15","7","10","39","30","34","[1, 1, 1, 1, 1, 1, 8, 4, 5, 5, 5, 5, 4, 14, 14, 3, 1, 1, 1, 2, 2, 1, 1, 8, 1]","[1, 1, 1, 1, 1, 1, 1, 1, 1, 1, 1, 1, 2, 2, 3, 3, 3, 4, 4, 4, 4, 6, 7, 12, 12]","[1, 1, 1, 1, 1, 1, 5, 3, 4, 4, 4, 4, 3, 12, 12, 3, 1, 1, 1, 1, 1, 1, 1, 5, 1, 1]","15","7","10","21.752285480499268","0.1993861198425293"
"311","80","94","25","True","False","66","69","25","True","True","70","75","25","True","True","0.06731773156133036","0.09622208411110245","15","4","6","39","27","29","[1, 1, 1, 2, 2, 2, 10, 4, 4, 2, 14, 3, 3, 3, 6, 7, 7, 5, 8, 8, 2, 2, 2, 1, 1]","[1, 1, 1, 2, 2, 2, 4, 4, 2, 2, 2, 2, 1, 1, 2, 2, 2, 2, 2, 2, 2, 4, 4, 4, 8]","[1, 1, 1, 2, 2, 2, 4, 4, 4, 2, 8, 2, 2, 2, 2, 2, 2, 2, 4, 4, 2, 2, 2, 1, 1]","15","4","6","0.7157752513885498","0.09867382049560547"
"312","74","88","25","True","False","73","87","25","True","False","73","87","25","True","False","0.00600946705868266","0.00600946705868266","11","11","11","37","36","36","[1, 1, 1, 1, 8, 8, 2, 2, 3, 3, 3, 1, 2, 2, 2, 5, 5, 3, 3, 2, 2, 4, 4, 4, 4]","[1, 1, 1, 1, 8, 8, 2, 2, 3, 3, 3, 1, 2, 2, 2, 5, 5, 3, 3, 2, 2, 4, 4, 4, 4]","[1, 1, 1, 1, 8, 8, 2, 2, 3, 3, 3, 1, 2, 2, 2, 5, 5, 3, 3, 2, 2, 4, 4, 4, 4]","11","11","11","0.29100465774536133","0.022999048233032227"
"313","80","94","25","True","False","67","74","25","True","True","75","86","25","True","False","0.026325545515962","0.08246059589141252","15","7","11","39","31","35","[1, 1, 3, 3, 3, 3, 3, 3, 3, 16, 16, 3, 12, 12, 12, 28, 12, 15, 15, 2, 2, 4, 4, 1, 1]","[1, 1, 2, 1, 1, 3, 3, 1, 1, 2, 2, 2, 2, 2, 2, 2, 6, 6, 6, 6, 6, 6, 10, 10, 14]","[1, 1, 2, 2, 2, 2, 2, 2, 2, 10, 10, 2, 6, 6, 6, 14, 6, 6, 6, 1, 1, 3, 3, 1, 1]","15","7","11","15.027096509933472","0.16728734970092773"
"314","67","75","25","True","True","67","75","25","True","True","67","75","25","True","True","0.0","0.0","9","9","9","32","32","32","[2, 2, 1, 1, 1, 1, 5, 5, 5, 6, 6, 6, 7, 7, 5, 5, 6, 6, 2, 7, 7, 7, 1, 1, 1]","[2, 2, 1, 1, 1, 1, 5, 5, 5, 6, 6, 6, 7, 7, 5, 5, 6, 6, 2, 7, 7, 7, 1, 1, 1]","[2, 2, 1, 1, 1, 1, 5, 5, 5, 6, 6, 6, 7, 7, 5, 5, 6, 6, 2, 7, 7, 7, 1, 1, 1]","9","9","9","0.0019965171813964844","0.0020003318786621094"
"315","67","75","25","True","True","67","75","25","True","True","67","75","25","True","True","0.0","0.0","9","9","9","32","32","32","[1, 1, 1, 1, 1, 2, 2, 2, 2, 1, 3, 3, 6, 6, 6, 10, 11, 11, 1, 1, 1, 4, 5, 5, 5]","[1, 1, 1, 1, 1, 2, 2, 2, 2, 1, 3, 3, 6, 6, 6, 10, 11, 11, 1, 1, 1, 4, 5, 5, 5]","[1, 1, 1, 1, 1, 2, 2, 2, 2, 1, 3, 3, 6, 6, 6, 10, 11, 11, 1, 1, 1, 4, 5, 5, 5]","9","9","9","0.0019822120666503906","0.001003265380859375"
"316","80","94","25","True","False","67","72","27","True","True","69","75","26","True","True","0.06986283360793155","0.08584358490626409","15","5","6","39","31","31","[1, 1, 1, 1, 1, 20, 3, 4, 4, 4, 4, 4, 4, 4, 4, 5, 30, 15, 15, 9, 2, 2, 16, 16, 16]","[3, 4, 4, 4, 4, 4, 4, 4, 4, 2, 2, 4, 0, 1, 1, 1, 1, 1, 1, 1, 1, 1, 1, 1, 1, 3, 3]","[1, 1, 1, 1, 1, 3, 3, 4, 4, 4, 4, 4, 4, 4, 4, 1, 2, 1, 1, 1, 2, 2, 1, 1, 1, 0]","15","5","6","1.3666903972625732","0.09030771255493164"
"317","67","75","25","True","True","67","75","25","True","True","67","75","25","True","True","0.0","0.0","9","9","9","32","32","32","[1, 1, 1, 1, 1, 1, 1, 1, 2, 5, 7, 7, 7, 7, 10, 10, 10, 6, 2, 9, 9, 1, 1, 1, 1]","[1, 1, 1, 1, 1, 1, 1, 1, 2, 5, 7, 7, 7, 7, 10, 10, 10, 6, 2, 9, 9, 1, 1, 1, 1]","[1, 1, 1, 1, 1, 1, 1, 1, 2, 5, 7, 7, 7, 7, 10, 10, 10, 6, 2, 9, 9, 1, 1, 1, 1]","9","9","9","0.002994537353515625","0.0019974708557128906"
"318","80","94","25","True","False","70","77","26","True","True","74","83","26","True","True","0.0392936773977427","0.0673291332541105","15","8","10","39","32","34","[1, 1, 1, 1, 2, 2, 2, 2, 4, 4, 2, 3, 11, 7, 11, 25, 25, 25, 1, 4, 5, 14, 14, 14, 5]","[1, 1, 1, 1, 2, 2, 3, 1, 4, 5, 5, 3, 2, 2, 2, 4, 4, 4, 6, 6, 6, 6, 8, 16, 16, 16]","[1, 1, 1, 1, 2, 2, 2, 2, 4, 4, 2, 3, 6, 4, 8, 16, 16, 16, 1, 4, 5, 6, 6, 6, 5, 3]","15","8","10","1.0836164951324463","0.12999868392944336"
"319","80","94","25","True","False","69","75","27","True","True","70","77","26","True","True","0.06329466114699023","0.07144047171829504","15","6","7","39","32","32","[1, 14, 1, 1, 1, 1, 1, 1, 2, 27, 27, 4, 5, 8, 8, 14, 14, 13, 8, 8, 8, 8, 8, 1, 1]","[1, 1, 1, 1, 1, 1, 1, 2, 3, 1, 1, 2, 1, 3, 3, 3, 3, 6, 6, 6, 6, 6, 6, 6, 9, 12, 12]","[1, 9, 1, 1, 1, 1, 1, 1, 2, 12, 12, 3, 3, 3, 3, 6, 6, 6, 3, 6, 6, 6, 6, 1, 1, 1]","15","6","7","0.7426047325134277","0.0839998722076416"
"320","80","94","25","True","False","70","77","25","True","True","72","80","25","True","True","0.04822197479581569","0.06226839503199788","15","6","7","39","32","33","[1, 1, 1, 1, 1, 24, 24, 1, 1, 3, 3, 4, 6, 7, 7, 4, 15, 15, 15, 15, 2, 2, 28, 28, 28]","[1, 1, 1, 1, 1, 3, 3, 3, 5, 3, 2, 2, 1, 1, 1, 1, 2, 2, 2, 2, 4, 4, 4, 4, 4]","[1, 1, 1, 1, 1, 4, 4, 1, 1, 3, 3, 3, 5, 1, 1, 3, 2, 2, 2, 2, 2, 2, 4, 4, 4]","15","6","7","0.571373462677002","0.16618967056274414"
"321","80","94","25","True","False","66","70","25","True","True","68","73","25","True","True","0.07598246971654044","0.09045750513489881","15","4","5","39","28","29","[1, 1, 1, 1, 1, 1, 2, 2, 2, 3, 3, 3, 3, 3, 2, 2, 1, 2, 3, 9, 3, 2, 12, 12, 12]","[1, 1, 1, 1, 1, 1, 2, 2, 2, 1, 1, 1, 1, 1, 1, 1, 1, 1, 1, 1, 1, 3, 4, 4, 4]","[1, 1, 1, 1, 1, 1, 2, 2, 2, 1, 1, 1, 1, 1, 1, 1, 1, 1, 1, 3, 1, 1, 4, 4, 4]","15","4","5","0.7196364402770996","0.07099556922912598"
"322","67","75","25","True","True","67","75","25","True","True","67","75","25","True","True","0.0","0.0","9","9","9","32","32","32","[1, 1, 1, 1, 1, 1, 2, 2, 2, 2, 2, 1, 1, 3, 3, 4, 8, 17, 17, 9, 24, 24, 24, 24, 24]","[1, 1, 1, 1, 1, 1, 2, 2, 2, 2, 2, 1, 1, 3, 3, 4, 8, 17, 17, 9, 24, 24, 24, 24, 24]","[1, 1, 1, 1, 1, 1, 2, 2, 2, 2, 2, 1, 1, 3, 3, 4, 8, 17, 17, 9, 24, 24, 24, 24, 24]","9","9","9","0.0009908676147460938","0.0009989738464355469"
"323","74","88","25","True","False","73","87","25","True","False","73","87","25","True","False","0.00600946705868266","0.00600946705868266","11","11","11","37","36","36","[1, 1, 16, 1, 1, 2, 5, 5, 5, 5, 7, 7, 2, 1, 1, 1, 1, 2, 4, 6, 6, 6, 6, 4, 1]","[1, 1, 16, 1, 1, 2, 5, 5, 5, 5, 7, 7, 2, 1, 1, 1, 1, 2, 4, 6, 6, 6, 6, 4, 1]","[1, 1, 16, 1, 1, 2, 5, 5, 5, 5, 7, 7, 2, 1, 1, 1, 1, 2, 4, 6, 6, 6, 6, 4, 1]","11","11","11","0.2370011806488037","0.016999006271362305"
"324","80","94","25","True","False","67","73","25","True","True","73","82","25","True","True","0.04028429451676041","0.08270413909466623","15","6","9","39","30","33","[1, 1, 1, 1, 1, 2, 3, 9, 9, 19, 19, 9, 3, 3, 3, 2, 1, 20, 48, 48, 20, 39, 20, 20, 19]","[1, 1, 1, 1, 1, 2, 2, 2, 2, 2, 2, 1, 6, 6, 6, 12, 12, 12, 12, 12, 12, 12, 24, 24, 24]","[1, 1, 1, 1, 1, 2, 2, 6, 6, 12, 12, 6, 2, 2, 2, 2, 1, 12, 24, 24, 12, 24, 12, 12, 12]","15","6","9","1.8852880001068115","0.07699728012084961"
"325","67","76","25","True","True","67","76","25","True","True","67","76","25","True","True","0.0","0.0","9","9","9","33","33","33","[1, 1, 1, 3, 3, 3, 2, 1, 3, 3, 1, 1, 1, 1, 1, 2, 2, 1, 4, 4, 1, 1, 1, 1, 1]","[1, 1, 1, 3, 3, 3, 2, 1, 3, 3, 1, 1, 1, 1, 1, 2, 2, 1, 4, 4, 1, 1, 1, 1, 1]","[1, 1, 1, 3, 3, 3, 2, 1, 3, 3, 1, 1, 1, 1, 1, 2, 2, 1, 4, 4, 1, 1, 1, 1, 1]","9","9","9","0.0019927024841308594","0.0009999275207519531"
"326","67","76","25","True","True","67","76","25","True","True","67","76","25","True","True","0.0","0.0","9","9","9","33","33","33","[1, 1, 1, 1, 2, 2, 2, 2, 1, 1, 2, 4, 4, 4, 1, 3, 3, 1, 2, 2, 3, 3, 3, 2, 2]","[1, 1, 1, 1, 2, 2, 2, 2, 1, 1, 2, 4, 4, 4, 1, 3, 3, 1, 2, 2, 3, 3, 3, 2, 2]","[1, 1, 1, 1, 2, 2, 2, 2, 1, 1, 2, 4, 4, 4, 1, 3, 3, 1, 2, 2, 3, 3, 3, 2, 2]","9","9","9","0.0009982585906982422","0.0010025501251220703"
"327","67","75","25","True","True","67","75","25","True","True","67","75","25","True","True","0.0","0.0","9","9","9","32","32","32","[1, 1, 1, 1, 1, 1, 1, 1, 3, 3, 3, 3, 1, 5, 5, 8, 9, 9, 9, 15, 15, 15, 15, 14, 1]","[1, 1, 1, 1, 1, 1, 1, 1, 3, 3, 3, 3, 1, 5, 5, 8, 9, 9, 9, 15, 15, 15, 15, 14, 1]","[1, 1, 1, 1, 1, 1, 1, 1, 3, 3, 3, 3, 1, 5, 5, 8, 9, 9, 9, 15, 15, 15, 15, 14, 1]","9","9","9","0.001990079879760742","0.0010008811950683594"
"328","67","76","25","True","True","67","76","25","True","True","67","76","25","True","True","0.0","0.0","9","9","9","33","33","33","[1, 1, 1, 1, 2, 6, 6, 5, 2, 2, 2, 2, 4, 4, 2, 2, 2, 3, 3, 5, 5, 2, 1, 1, 1]","[1, 1, 1, 1, 2, 6, 6, 5, 2, 2, 2, 2, 4, 4, 2, 2, 2, 3, 3, 5, 5, 2, 1, 1, 1]","[1, 1, 1, 1, 2, 6, 6, 5, 2, 2, 2, 2, 4, 4, 2, 2, 2, 3, 3, 5, 5, 2, 1, 1, 1]","9","9","9","0.003000497817993164","0.0029997825622558594"
"329","67","75","25","True","True","67","75","25","True","True","67","75","25","True","True","0.0","0.0","9","9","9","32","32","32","[1, 1, 1, 1, 1, 1, 3, 3, 2, 1, 1, 1, 2, 5, 5, 5, 5, 5, 4, 6, 7, 7, 7, 1, 1]","[1, 1, 1, 1, 1, 1, 3, 3, 2, 1, 1, 1, 2, 5, 5, 5, 5, 5, 4, 6, 7, 7, 7, 1, 1]","[1, 1, 1, 1, 1, 1, 3, 3, 2, 1, 1, 1, 2, 5, 5, 5, 5, 5, 4, 6, 7, 7, 7, 1, 1]","9","9","9","0.00299835205078125","0.0029973983764648438"
"330","74","88","25","True","False","73","88","25","True","False","73","88","25","True","False","0.0","0.0","11","11","11","37","37","37","[1, 1, 2, 2, 2, 2, 2, 2, 2, 4, 6, 6, 4, 4, 7, 10, 10, 10, 16, 16, 16, 16, 16, 16, 45]","[1, 1, 1, 1, 1, 1, 1, 1, 1, 2, 3, 3, 2, 2, 4, 6, 6, 6, 9, 9, 9, 9, 9, 9, 26]","[1, 1, 1, 1, 1, 1, 1, 1, 1, 2, 3, 3, 2, 2, 4, 6, 6, 6, 9, 9, 9, 9, 9, 9, 26]","11","11","11","0.3529949188232422","0.01999950408935547"
"331","72","85","25","True","True","72","85","25","True","True","72","85","25","True","True","0.0","0.0","9","9","9","36","36","36","[1, 1, 1, 1, 1, 1, 2, 2, 2, 3, 3, 7, 7, 7, 2, 2, 2, 2, 9, 9, 2, 4, 5, 5, 5]","[1, 1, 1, 1, 1, 1, 2, 2, 2, 3, 3, 7, 7, 7, 2, 2, 2, 2, 9, 9, 2, 4, 5, 5, 5]","[1, 1, 1, 1, 1, 1, 2, 2, 2, 3, 3, 7, 7, 7, 2, 2, 2, 2, 9, 9, 2, 4, 5, 5, 5]","9","9","9","0.001999378204345703","0.0009984970092773438"
"332","67","75","25","True","True","67","75","25","True","True","67","75","25","True","True","0.0","0.0","9","9","9","32","32","32","[1, 1, 1, 1, 1, 1, 1, 2, 2, 2, 2, 2, 3, 3, 3, 3, 3, 5, 10, 10, 3, 2, 2, 2, 2]","[1, 1, 1, 1, 1, 1, 1, 2, 2, 2, 2, 2, 3, 3, 3, 3, 3, 5, 10, 10, 3, 2, 2, 2, 2]","[1, 1, 1, 1, 1, 1, 1, 2, 2, 2, 2, 2, 3, 3, 3, 3, 3, 5, 10, 10, 3, 2, 2, 2, 2]","9","9","9","0.0010001659393310547","0.0009999275207519531"
"333","67","75","25","True","True","67","75","25","True","True","67","75","25","True","True","0.0","0.0","9","9","9","32","32","32","[1, 1, 1, 2, 2, 2, 2, 3, 5, 5, 2, 2, 3, 6, 6, 2, 4, 4, 6, 6, 2, 1, 1, 1, 1]","[1, 1, 1, 2, 2, 2, 2, 3, 5, 5, 2, 2, 3, 6, 6, 2, 4, 4, 6, 6, 2, 1, 1, 1, 1]","[1, 1, 1, 2, 2, 2, 2, 3, 5, 5, 2, 2, 3, 6, 6, 2, 4, 4, 6, 6, 2, 1, 1, 1, 1]","9","9","9","0.0009999275207519531","0.0010001659393310547"
"334","67","76","25","True","True","67","76","25","True","True","67","76","25","True","True","0.0","0.0","9","9","9","33","33","33","[1, 1, 1, 2, 2, 3, 3, 3, 3, 5, 6, 13, 13, 13, 13, 6, 6, 9, 9, 5, 5, 3, 2, 2, 1]","[1, 1, 1, 2, 2, 3, 3, 3, 3, 5, 6, 13, 13, 13, 13, 6, 6, 9, 9, 5, 5, 3, 2, 2, 1]","[1, 1, 1, 2, 2, 3, 3, 3, 3, 5, 6, 13, 13, 13, 13, 6, 6, 9, 9, 5, 5, 3, 2, 2, 1]","9","9","9","0.0010004043579101562","0.0010004043579101562"
"335","67","75","25","True","True","67","75","25","True","True","67","75","25","True","True","0.0","0.0","9","9","9","32","32","32","[1, 1, 1, 1, 1, 1, 1, 1, 1, 3, 4, 4, 3, 3, 2, 4, 7, 7, 10, 10, 8, 2, 2, 1, 1]","[1, 1, 1, 1, 1, 1, 1, 1, 1, 3, 4, 4, 3, 3, 2, 4, 7, 7, 10, 10, 8, 2, 2, 1, 1]","[1, 1, 1, 1, 1, 1, 1, 1, 1, 3, 4, 4, 3, 3, 2, 4, 7, 7, 10, 10, 8, 2, 2, 1, 1]","9","9","9","0.000997781753540039","0.0010023117065429688"
"336","67","75","25","True","True","67","75","25","True","True","67","75","25","True","True","0.0","0.0","9","9","9","32","32","32","[1, 1, 1, 2, 2, 1, 1, 1, 1, 1, 3, 3, 3, 1, 3, 6, 6, 12, 12, 12, 12, 12, 12, 6, 5]","[1, 1, 1, 2, 2, 1, 1, 1, 1, 1, 3, 3, 3, 1, 3, 6, 6, 12, 12, 12, 12, 12, 12, 6, 5]","[1, 1, 1, 2, 2, 1, 1, 1, 1, 1, 3, 3, 3, 1, 3, 6, 6, 12, 12, 12, 12, 12, 12, 6, 5]","9","9","9","0.001995086669921875","0.0009992122650146484"
"337","67","76","25","True","True","67","76","25","True","True","67","76","25","True","True","0.0","0.0","9","9","9","33","33","33","[1, 1, 1, 1, 1, 1, 1, 1, 1, 1, 2, 6, 6, 6, 4, 7, 7, 7, 7, 11, 12, 12, 2, 2, 2]","[1, 1, 1, 1, 1, 1, 1, 1, 1, 1, 2, 6, 6, 6, 4, 7, 7, 7, 7, 11, 12, 12, 2, 2, 2]","[1, 1, 1, 1, 1, 1, 1, 1, 1, 1, 2, 6, 6, 6, 4, 7, 7, 7, 7, 11, 12, 12, 2, 2, 2]","9","9","9","0.0010006427764892578","0.0019941329956054688"
"338","67","76","25","True","True","67","76","25","True","True","67","76","25","True","True","0.0","0.0","9","9","9","33","33","33","[1, 1, 2, 2, 2, 2, 2, 8, 8, 8, 8, 4, 4, 16, 16, 20, 20, 16, 24, 24, 4, 4, 4, 2, 2]","[1, 1, 2, 2, 2, 2, 2, 8, 8, 8, 8, 4, 4, 16, 16, 20, 20, 16, 24, 24, 4, 4, 4, 2, 2]","[1, 1, 2, 2, 2, 2, 2, 8, 8, 8, 8, 4, 4, 16, 16, 20, 20, 16, 24, 24, 4, 4, 4, 2, 2]","9","9","9","0.0009965896606445312","0.0009996891021728516"
"339","67","76","25","True","True","67","76","25","True","True","67","76","25","True","True","0.0","0.0","9","9","9","33","33","33","[1, 1, 1, 1, 1, 1, 1, 2, 2, 2, 2, 4, 5, 5, 5, 5, 5, 7, 7, 7, 1, 8, 16, 16, 16]","[1, 1, 1, 1, 1, 1, 1, 2, 2, 2, 2, 4, 5, 5, 5, 5, 5, 7, 7, 7, 1, 8, 16, 16, 16]","[1, 1, 1, 1, 1, 1, 1, 2, 2, 2, 2, 4, 5, 5, 5, 5, 5, 7, 7, 7, 1, 8, 16, 16, 16]","9","9","9","0.000993490219116211","0.0010008811950683594"
"340","67","75","25","True","True","67","75","25","True","True","67","75","25","True","True","0.0","0.0","9","9","9","32","32","32","[1, 1, 1, 1, 2, 2, 2, 4, 4, 1, 1, 1, 1, 1, 6, 6, 6, 12, 12, 12, 12, 12, 3, 1, 1]","[1, 1, 1, 1, 2, 2, 2, 4, 4, 1, 1, 1, 1, 1, 6, 6, 6, 12, 12, 12, 12, 12, 3, 1, 1]","[1, 1, 1, 1, 2, 2, 2, 4, 4, 1, 1, 1, 1, 1, 6, 6, 6, 12, 12, 12, 12, 12, 3, 1, 1]","9","9","9","0.0010023117065429688","0.0009908676147460938"
"341","74","88","25","True","False","73","88","25","True","False","73","88","25","True","False","0.0","0.0","11","11","11","37","37","37","[1, 4, 4, 4, 4, 4, 4, 4, 5, 5, 9, 9, 14, 18, 38, 38, 18, 18, 9, 8, 8, 3, 39, 39, 39]","[1, 2, 2, 2, 2, 2, 2, 2, 3, 3, 4, 4, 7, 9, 20, 20, 9, 9, 4, 4, 4, 2, 21, 21, 21]","[1, 2, 2, 2, 2, 2, 2, 2, 3, 3, 4, 4, 7, 9, 20, 20, 9, 9, 4, 4, 4, 2, 21, 21, 21]","11","11","11","0.23798894882202148","0.017000675201416016"
"342","67","76","25","True","True","67","76","25","True","True","67","76","25","True","True","0.0","0.0","9","9","9","33","33","33","[1, 1, 1, 1, 2, 2, 1, 1, 1, 1, 2, 2, 4, 4, 3, 3, 3, 3, 5, 5, 5, 3, 3, 1, 1]","[1, 1, 1, 1, 2, 2, 1, 1, 1, 1, 2, 2, 4, 4, 3, 3, 3, 3, 5, 5, 5, 3, 3, 1, 1]","[1, 1, 1, 1, 2, 2, 1, 1, 1, 1, 2, 2, 4, 4, 3, 3, 3, 3, 5, 5, 5, 3, 3, 1, 1]","9","9","9","0.0009961128234863281","0.0009996891021728516"
"343","72","85","25","True","True","72","85","25","True","True","72","85","25","True","True","0.0","0.0","9","9","9","36","36","36","[1, 1, 1, 1, 3, 3, 3, 2, 2, 2, 3, 3, 3, 3, 6, 8, 14, 14, 12, 15, 15, 15, 3, 3, 1]","[1, 1, 1, 1, 3, 3, 3, 2, 2, 2, 3, 3, 3, 3, 6, 8, 14, 14, 12, 15, 15, 15, 3, 3, 1]","[1, 1, 1, 1, 3, 3, 3, 2, 2, 2, 3, 3, 3, 3, 6, 8, 14, 14, 12, 15, 15, 15, 3, 3, 1]","9","9","9","0.0009989738464355469","0.0010030269622802734"
"344","67","75","25","True","True","67","75","25","True","True","67","75","25","True","True","0.0","0.0","9","9","9","32","32","32","[1, 2, 3, 3, 3, 3, 3, 3, 3, 3, 1, 4, 4, 4, 8, 10, 20, 20, 14, 14, 18, 21, 21, 21, 4]","[1, 2, 3, 3, 3, 3, 3, 3, 3, 3, 1, 4, 4, 4, 8, 10, 20, 20, 14, 14, 18, 21, 21, 21, 4]","[1, 2, 3, 3, 3, 3, 3, 3, 3, 3, 1, 4, 4, 4, 8, 10, 20, 20, 14, 14, 18, 21, 21, 21, 4]","9","9","9","0.0020008087158203125","0.001001119613647461"
"345","67","76","25","True","True","67","76","25","True","True","67","76","25","True","True","0.0","0.0","9","9","9","33","33","33","[1, 1, 1, 1, 1, 1, 1, 1, 1, 1, 3, 4, 4, 5, 5, 10, 10, 5, 4, 4, 4, 1, 1, 1, 1]","[1, 1, 1, 1, 1, 1, 1, 1, 1, 1, 3, 4, 4, 5, 5, 10, 10, 5, 4, 4, 4, 1, 1, 1, 1]","[1, 1, 1, 1, 1, 1, 1, 1, 1, 1, 3, 4, 4, 5, 5, 10, 10, 5, 4, 4, 4, 1, 1, 1, 1]","9","9","9","0.00099945068359375","0.00099945068359375"
"346","67","75","25","True","True","67","75","25","True","True","67","75","25","True","True","0.0","0.0","9","9","9","32","32","32","[1, 1, 1, 1, 2, 5, 6, 6, 7, 7, 7, 7, 7, 7, 5, 12, 19, 19, 19, 1, 1, 1, 1, 1, 1]","[1, 1, 1, 1, 2, 5, 6, 6, 7, 7, 7, 7, 7, 7, 5, 12, 19, 19, 19, 1, 1, 1, 1, 1, 1]","[1, 1, 1, 1, 2, 5, 6, 6, 7, 7, 7, 7, 7, 7, 5, 12, 19, 19, 19, 1, 1, 1, 1, 1, 1]","9","9","9","0.0020003318786621094","0.0009989738464355469"
"347","74","88","25","True","False","73","87","25","True","False","73","87","25","True","False","0.005236553454152637","0.005236553454152637","11","11","11","37","36","36","[1, 1, 2, 2, 7, 7, 4, 4, 4, 4, 4, 4, 4, 5, 5, 4, 4, 6, 16, 16, 10, 10, 10, 10, 12]","[1, 1, 2, 2, 7, 7, 4, 4, 4, 4, 4, 4, 4, 5, 5, 4, 4, 6, 16, 16, 10, 10, 10, 10, 12]","[1, 1, 2, 2, 7, 7, 4, 4, 4, 4, 4, 4, 4, 5, 5, 4, 4, 6, 16, 16, 10, 10, 10, 10, 12]","11","11","11","0.26838064193725586","0.016002178192138672"
"348","67","76","25","True","True","67","76","25","True","True","67","76","25","True","True","0.0","0.0","9","9","9","33","33","33","[1, 2, 2, 3, 3, 3, 3, 2, 2, 2, 2, 6, 6, 3, 3, 2, 5, 5, 5, 3, 3, 3, 3, 3, 3]","[1, 2, 2, 3, 3, 3, 3, 2, 2, 2, 2, 6, 6, 3, 3, 2, 5, 5, 5, 3, 3, 3, 3, 3, 3]","[1, 2, 2, 3, 3, 3, 3, 2, 2, 2, 2, 6, 6, 3, 3, 2, 5, 5, 5, 3, 3, 3, 3, 3, 3]","9","9","9","0.0010046958923339844","0.0019953250885009766"
"349","80","94","25","True","False","67","75","26","True","True","77","90","26","True","True","0.014561711259263865","0.08436667306846468","15","8","13","39","33","38","[1, 1, 1, 1, 1, 1, 1, 1, 3, 6, 9, 9, 3, 21, 4, 3, 7, 7, 3, 7, 7, 7, 7, 4, 1]","[1, 0, 1, 1, 1, 1, 1, 1, 1, 1, 3, 3, 3, 3, 4, 4, 6, 6, 6, 6, 6, 7, 7, 8, 8, 20]","[1, 1, 1, 1, 1, 1, 1, 1, 3, 6, 8, 8, 3, 20, 4, 3, 7, 7, 3, 6, 6, 6, 6, 4, 1, 0]","15","8","13","2.4036059379577637","0.43634510040283203"
"350","67","76","25","True","True","67","76","25","True","True","67","76","25","True","True","0.0","0.0","9","9","9","33","33","33","[1, 1, 1, 1, 1, 1, 1, 1, 2, 2, 2, 2, 1, 1, 1, 1, 2, 2, 10, 10, 10, 10, 3, 3, 1]","[1, 1, 1, 1, 1, 1, 1, 1, 2, 2, 2, 2, 1, 1, 1, 1, 2, 2, 10, 10, 10, 10, 3, 3, 1]","[1, 1, 1, 1, 1, 1, 1, 1, 2, 2, 2, 2, 1, 1, 1, 1, 2, 2, 10, 10, 10, 10, 3, 3, 1]","9","9","9","0.002998828887939453","0.0019998550415039062"
"351","67","75","25","True","True","67","75","25","True","True","67","75","25","True","True","0.0","0.0","9","9","9","32","32","32","[1, 1, 1, 1, 1, 2, 2, 2, 4, 5, 7, 7, 6, 1, 1, 1, 1, 1, 5, 5, 5, 4, 4, 4, 1]","[1, 1, 1, 1, 1, 2, 2, 2, 4, 5, 7, 7, 6, 1, 1, 1, 1, 1, 5, 5, 5, 4, 4, 4, 1]","[1, 1, 1, 1, 1, 2, 2, 2, 4, 5, 7, 7, 6, 1, 1, 1, 1, 1, 5, 5, 5, 4, 4, 4, 1]","9","9","9","0.0019996166229248047","0.0029976367950439453"
"352","67","75","25","True","True","67","75","25","True","True","67","75","25","True","True","0.0","0.0","9","9","9","32","32","32","[1, 1, 1, 1, 1, 1, 2, 2, 2, 3, 3, 5, 5, 5, 3, 3, 1, 1, 1, 1, 9, 9, 3, 3, 1]","[1, 1, 1, 1, 1, 1, 2, 2, 2, 3, 3, 5, 5, 5, 3, 3, 1, 1, 1, 1, 9, 9, 3, 3, 1]","[1, 1, 1, 1, 1, 1, 2, 2, 2, 3, 3, 5, 5, 5, 3, 3, 1, 1, 1, 1, 9, 9, 3, 3, 1]","9","9","9","0.0030014514923095703","0.003000020980834961"
"353","67","76","25","True","True","67","76","25","True","True","67","76","25","True","True","0.0","0.0","9","9","9","33","33","33","[1, 1, 1, 2, 5, 5, 5, 5, 4, 2, 2, 3, 3, 3, 2, 4, 4, 4, 1, 2, 6, 6, 6, 6, 6]","[1, 1, 1, 2, 5, 5, 5, 5, 4, 2, 2, 3, 3, 3, 2, 4, 4, 4, 1, 2, 6, 6, 6, 6, 6]","[1, 1, 1, 2, 5, 5, 5, 5, 4, 2, 2, 3, 3, 3, 2, 4, 4, 4, 1, 2, 6, 6, 6, 6, 6]","9","9","9","0.0019989013671875","0.0020246505737304688"
"354","80","94","25","True","False","64","69","25","True","True","74","84","25","True","False","0.03391719874378385","0.10523089718380463","15","5","10","39","29","34","[1, 2, 2, 1, 1, 1, 1, 2, 2, 2, 2, 2, 2, 2, 2, 4, 4, 5, 13, 16, 16, 10, 12, 1, 1]","[1, 1, 1, 1, 1, 1, 1, 1, 1, 1, 1, 1, 1, 1, 1, 1, 1, 2, 2, 4, 8, 8, 8, 9, 9]","[1, 1, 1, 1, 1, 1, 1, 1, 1, 1, 1, 1, 1, 1, 1, 2, 2, 4, 8, 9, 9, 8, 8, 1, 1]","15","5","10","16.39953351020813","0.11599898338317871"
"355","74","88","25","True","False","73","88","25","True","False","73","88","25","True","False","0.0","0.0","11","11","11","37","37","37","[1, 1, 1, 2, 2, 2, 2, 2, 6, 6, 27, 6, 6, 18, 18, 12, 18, 18, 14, 14, 14, 14, 14, 2, 2]","[1, 1, 1, 1, 1, 1, 1, 1, 3, 3, 14, 3, 3, 9, 9, 6, 9, 9, 7, 7, 7, 7, 7, 1, 1]","[1, 1, 1, 1, 1, 1, 1, 1, 3, 3, 14, 3, 3, 9, 9, 6, 9, 9, 7, 7, 7, 7, 7, 1, 1]","11","11","11","0.33939290046691895","0.022998571395874023"
"356","67","76","25","True","True","67","76","25","True","True","67","76","25","True","True","0.0","0.0","9","9","9","33","33","33","[1, 1, 1, 1, 1, 1, 1, 1, 1, 1, 2, 2, 2, 2, 1, 1, 1, 5, 7, 7, 3, 1, 1, 1, 1]","[1, 1, 1, 1, 1, 1, 1, 1, 1, 1, 2, 2, 2, 2, 1, 1, 1, 5, 7, 7, 3, 1, 1, 1, 1]","[1, 1, 1, 1, 1, 1, 1, 1, 1, 1, 2, 2, 2, 2, 1, 1, 1, 5, 7, 7, 3, 1, 1, 1, 1]","9","9","9","0.0010044574737548828","0.0019903182983398438"
"357","74","88","25","True","False","73","88","25","True","False","73","88","25","True","False","0.0","0.0","11","11","11","37","37","37","[1, 1, 2, 2, 13, 1, 1, 1, 2, 3, 3, 3, 5, 5, 2, 2, 2, 2, 2, 2, 4, 4, 3, 1, 1]","[1, 1, 2, 2, 11, 1, 1, 1, 2, 3, 3, 3, 5, 5, 2, 2, 2, 2, 2, 2, 3, 3, 2, 1, 1]","[1, 1, 2, 2, 11, 1, 1, 1, 2, 3, 3, 3, 5, 5, 2, 2, 2, 2, 2, 2, 3, 3, 2, 1, 1]","11","11","11","0.3499908447265625","0.01900029182434082"
"358","72","86","25","True","True","72","86","25","True","True","72","86","25","True","True","0.0","0.0","9","9","9","37","37","37","[1, 1, 1, 1, 3, 3, 6, 6, 12, 12, 12, 12, 21, 21, 21, 12, 6, 6, 15, 15, 3, 1, 1, 1, 1]","[1, 1, 1, 1, 3, 3, 6, 6, 12, 12, 12, 12, 21, 21, 21, 12, 6, 6, 15, 15, 3, 1, 1, 1, 1]","[1, 1, 1, 1, 3, 3, 6, 6, 12, 12, 12, 12, 21, 21, 21, 12, 6, 6, 15, 15, 3, 1, 1, 1, 1]","9","9","9","0.0020012855529785156","0.0020093917846679688"
"359","67","75","25","True","True","67","75","25","True","True","67","75","25","True","True","0.0","0.0","9","9","9","32","32","32","[1, 1, 1, 1, 1, 2, 2, 2, 3, 3, 3, 3, 3, 3, 5, 5, 5, 12, 17, 17, 17, 6, 1, 1, 1]","[1, 1, 1, 1, 1, 2, 2, 2, 3, 3, 3, 3, 3, 3, 5, 5, 5, 12, 17, 17, 17, 6, 1, 1, 1]","[1, 1, 1, 1, 1, 2, 2, 2, 3, 3, 3, 3, 3, 3, 5, 5, 5, 12, 17, 17, 17, 6, 1, 1, 1]","9","9","9","0.004000663757324219","0.0019989013671875"
"360","67","76","25","True","True","67","76","25","True","True","67","76","25","True","True","0.0","0.0","9","9","9","33","33","33","[1, 1, 1, 1, 2, 2, 4, 4, 4, 4, 4, 4, 4, 4, 4, 4, 4, 17, 17, 11, 11, 2, 1, 1, 1]","[1, 1, 1, 1, 2, 2, 4, 4, 4, 4, 4, 4, 4, 4, 4, 4, 4, 17, 17, 11, 11, 2, 1, 1, 1]","[1, 1, 1, 1, 2, 2, 4, 4, 4, 4, 4, 4, 4, 4, 4, 4, 4, 17, 17, 11, 11, 2, 1, 1, 1]","9","9","9","0.0030012130737304688","0.0029976367950439453"
"361","80","94","25","True","False","63","70","25","True","True","74","84","25","True","True","0.03339529356409188","0.11249043410546467","15","7","9","39","31","35","[1, 1, 2, 2, 2, 1, 1, 1, 2, 4, 5, 6, 10, 10, 16, 10, 11, 11, 10, 6, 1, 5, 5, 5, 5]","[]","[1, 1, 1, 1, 1, 1, 1, 1, 2, 3, 4, 0, 0, 0, 0, 0, 0, 0, 0, 0, 1, 4, 4, 4, 4]","15","7","9","4.853638648986816","0.4082620143890381"
"362","80","94","25","True","False","70","78","25","True","False","74","84","25","True","False","0.03339529356409188","0.0612545787634301","15","8","10","39","32","34","[1, 3, 3, 1, 5, 5, 6, 6, 6, 6, 5, 4, 1, 1, 7, 7, 34, 8, 15, 15, 36, 15, 15, 8, 8]","[1, 2, 2, 1, 4, 4, 4, 3, 1, 1, 4, 4, 4, 4, 4, 4, 4, 4, 4, 8, 8, 8, 8, 16, 20]","[1, 2, 2, 1, 4, 4, 4, 4, 4, 4, 4, 3, 1, 1, 4, 4, 16, 4, 8, 8, 20, 8, 8, 4, 4]","15","8","10","8.225217342376709","0.14116239547729492"
"363","80","94","25","True","False","67","71","25","True","True","69","74","25","True","True","0.06828786685747701","0.08264148080519851","15","4","5","39","28","29","[1, 1, 1, 28, 28, 28, 27, 2, 2, 2, 1, 1, 1, 15, 1, 5, 6, 6, 6, 12, 15, 15, 5, 2, 2]","[1, 1, 1, 1, 1, 1, 1, 2, 2, 1, 1, 1, 1, 1, 1, 1, 1, 2, 2, 2, 3, 5, 5, 5, 5]","[1, 1, 1, 5, 5, 5, 5, 1, 1, 1, 1, 1, 1, 3, 1, 1, 1, 1, 1, 2, 2, 2, 1, 2, 2]","15","4","5","0.9541463851928711","0.09200096130371094"
"364","67","76","25","True","True","67","76","25","True","True","67","76","25","True","True","0.0","0.0","9","9","9","33","33","33","[1, 1, 1, 1, 1, 1, 1, 1, 1, 2, 5, 5, 6, 6, 8, 8, 9, 9, 9, 9, 8, 2, 3, 3, 3]","[1, 1, 1, 1, 1, 1, 1, 1, 1, 2, 5, 5, 6, 6, 8, 8, 9, 9, 9, 9, 8, 2, 3, 3, 3]","[1, 1, 1, 1, 1, 1, 1, 1, 1, 2, 5, 5, 6, 6, 8, 8, 9, 9, 9, 9, 8, 2, 3, 3, 3]","9","9","9","0.001001119613647461","0.0009982585906982422"
"365","80","94","25","True","False","66","72","25","True","True","76","87","25","True","True","0.025397179293174532","0.09603848168124873","15","7","12","39","30","35","[1, 1, 2, 2, 2, 2, 12, 3, 3, 3, 4, 4, 4, 4, 4, 4, 11, 17, 42, 42, 42, 24, 18, 1, 1]","[1, 1, 1, 1, 1, 1, 1, 1, 1, 1, 1, 2, 2, 2, 2, 2, 2, 5, 6, 8, 8, 11, 19, 19, 19]","[1, 1, 1, 1, 1, 1, 6, 1, 1, 1, 2, 2, 2, 2, 2, 2, 5, 8, 19, 19, 19, 11, 8, 1, 1]","15","7","12","6.411393642425537","0.37979722023010254"
"366","67","76","25","True","True","67","76","25","True","True","67","76","25","True","True","0.0","0.0","9","9","9","33","33","33","[1, 1, 1, 1, 2, 2, 3, 3, 3, 4, 7, 7, 3, 3, 3, 7, 7, 16, 23, 23, 23, 23, 16, 3, 1]","[1, 1, 1, 1, 2, 2, 3, 3, 3, 4, 7, 7, 3, 3, 3, 7, 7, 16, 23, 23, 23, 23, 16, 3, 1]","[1, 1, 1, 1, 2, 2, 3, 3, 3, 4, 7, 7, 3, 3, 3, 7, 7, 16, 23, 23, 23, 23, 16, 3, 1]","9","9","9","0.0019931793212890625","0.001997709274291992"
"367","67","76","25","True","True","67","76","25","True","True","67","76","25","True","True","0.0","0.0","9","9","9","33","33","33","[1, 1, 2, 2, 1, 1, 1, 1, 2, 2, 2, 5, 10, 10, 7, 7, 7, 7, 2, 2, 1, 1, 1, 1, 1]","[1, 1, 2, 2, 1, 1, 1, 1, 2, 2, 2, 5, 10, 10, 7, 7, 7, 7, 2, 2, 1, 1, 1, 1, 1]","[1, 1, 2, 2, 1, 1, 1, 1, 2, 2, 2, 5, 10, 10, 7, 7, 7, 7, 2, 2, 1, 1, 1, 1, 1]","9","9","9","0.001997709274291992","0.0010037422180175781"
"368","80","94","25","True","False","68","74","26","True","True","71","79","25","True","True","0.05344364651418887","0.07653995838110039","15","6","8","39","31","32","[1, 1, 1, 1, 2, 4, 5, 5, 17, 17, 5, 5, 4, 2, 3, 6, 13, 6, 6, 7, 7, 1, 1, 1, 1]","[1, 3, 3, 1, 1, 1, 1, 1, 1, 1, 1, 1, 2, 2, 2, 2, 2, 2, 2, 2, 2, 2, 2, 5, 6, 6]","[1, 1, 1, 1, 1, 2, 2, 2, 6, 6, 2, 2, 2, 1, 3, 2, 5, 2, 2, 2, 2, 1, 1, 1, 1]","15","6","8","2.5458171367645264","0.16333794593811035"
"369","67","76","25","True","True","67","76","25","True","True","67","76","25","True","True","0.0","0.0","9","9","9","33","33","33","[1, 1, 1, 2, 2, 2, 5, 5, 5, 5, 5, 5, 5, 5, 5, 2, 2, 10, 10, 15, 15, 10, 1, 1, 1]","[1, 1, 1, 2, 2, 2, 5, 5, 5, 5, 5, 5, 5, 5, 5, 2, 2, 10, 10, 15, 15, 10, 1, 1, 1]","[1, 1, 1, 2, 2, 2, 5, 5, 5, 5, 5, 5, 5, 5, 5, 2, 2, 10, 10, 15, 15, 10, 1, 1, 1]","9","9","9","0.0009970664978027344","0.0010001659393310547"
"370","74","88","25","True","False","73","88","25","True","False","73","88","25","True","False","0.0","0.0","11","11","11","37","37","37","[1, 1, 2, 2, 4, 5, 23, 7, 4, 4, 2, 2, 2, 2, 4, 4, 4, 4, 5, 11, 11, 11, 11, 11, 2]","[1, 1, 2, 2, 4, 5, 22, 7, 4, 4, 2, 2, 2, 2, 4, 4, 4, 4, 4, 10, 10, 10, 10, 10, 2]","[1, 1, 2, 2, 4, 5, 22, 7, 4, 4, 2, 2, 2, 2, 4, 4, 4, 4, 4, 10, 10, 10, 10, 10, 2]","11","11","11","0.29665565490722656","0.037009239196777344"
"371","80","94","25","True","False","66","70","25","True","True","70","76","25","True","True","0.0609553877180643","0.08965770654972438","15","4","6","39","28","30","[1, 1, 1, 2, 2, 2, 2, 3, 3, 3, 1, 11, 11, 11, 11, 3, 4, 7, 9, 9, 23, 1, 1, 1, 1]","[1, 1, 1, 3, 3, 3, 1, 1, 1, 1, 1, 2, 2, 2, 2, 2, 2, 2, 2, 2, 4, 4, 4, 4, 8]","[1, 1, 1, 2, 2, 2, 2, 3, 3, 3, 1, 4, 4, 4, 4, 2, 2, 2, 2, 2, 8, 1, 1, 1, 1]","15","4","6","0.6963021755218506","0.15841889381408691"
"372","67","76","25","True","True","67","76","25","True","True","67","76","25","True","True","0.0","0.0","9","9","9","33","33","33","[1, 1, 1, 1, 1, 1, 1, 1, 1, 2, 3, 3, 3, 3, 4, 7, 14, 14, 7, 4, 8, 8, 8, 3, 1]","[1, 1, 1, 1, 1, 1, 1, 1, 1, 2, 3, 3, 3, 3, 4, 7, 14, 14, 7, 4, 8, 8, 8, 3, 1]","[1, 1, 1, 1, 1, 1, 1, 1, 1, 2, 3, 3, 3, 3, 4, 7, 14, 14, 7, 4, 8, 8, 8, 3, 1]","9","9","9","0.0029964447021484375","0.002987384796142578"
"373","80","94","25","True","False","66","70","26","True","True","72","79","26","True","True","0.05320762995140249","0.09623385045405386","15","5","8","39","29","32","[1, 1, 1, 2, 2, 2, 4, 4, 4, 2, 6, 6, 3, 11, 16, 16, 2, 8, 2, 4, 4, 1, 1, 1, 1]","[1, 1, 1, 2, 1, 1, 1, 1, 1, 2, 2, 2, 2, 2, 2, 4, 4, 4, 4, 4, 4, 6, 6, 8, 10, 10]","[1, 1, 1, 2, 2, 2, 4, 4, 4, 2, 6, 6, 2, 8, 10, 10, 2, 4, 2, 4, 4, 1, 1, 1, 1, 1]","15","5","8","1.1862034797668457","0.16018009185791016"
"374","74","88","25","True","False","73","87","25","True","False","73","87","25","True","False","0.005236553454152637","0.005236553454152637","11","11","11","37","36","36","[1, 1, 1, 1, 1, 1, 1, 1, 13, 2, 4, 4, 3, 4, 4, 4, 4, 6, 7, 7, 2, 2, 2, 2, 1]","[1, 1, 1, 1, 1, 1, 1, 1, 13, 2, 4, 4, 3, 4, 4, 4, 4, 6, 7, 7, 2, 2, 2, 2, 1]","[1, 1, 1, 1, 1, 1, 1, 1, 13, 2, 4, 4, 3, 4, 4, 4, 4, 6, 7, 7, 2, 2, 2, 2, 1]","11","11","11","0.21601581573486328","0.04218411445617676"
"375","72","85","25","True","True","72","85","25","True","True","72","85","25","True","True","0.0","0.0","9","9","9","36","36","36","[1, 1, 1, 1, 1, 1, 3, 4, 6, 6, 7, 7, 5, 6, 6, 4, 1, 1, 2, 2, 2, 3, 3, 3, 1]","[1, 1, 1, 1, 1, 1, 3, 4, 6, 6, 7, 7, 5, 6, 6, 4, 1, 1, 2, 2, 2, 3, 3, 3, 1]","[1, 1, 1, 1, 1, 1, 3, 4, 6, 6, 7, 7, 5, 6, 6, 4, 1, 1, 2, 2, 2, 3, 3, 3, 1]","9","9","9","0.002001047134399414","0.0009996891021728516"
"376","72","86","25","True","True","72","86","25","True","True","72","86","25","True","True","0.0","0.0","9","9","9","37","37","37","[1, 1, 1, 2, 2, 5, 5, 10, 10, 2, 6, 10, 10, 8, 2, 2, 2, 2, 2, 2, 2, 2, 2, 1, 1]","[1, 1, 1, 2, 2, 5, 5, 10, 10, 2, 6, 10, 10, 8, 2, 2, 2, 2, 2, 2, 2, 2, 2, 1, 1]","[1, 1, 1, 2, 2, 5, 5, 10, 10, 2, 6, 10, 10, 8, 2, 2, 2, 2, 2, 2, 2, 2, 2, 1, 1]","9","9","9","0.001997709274291992","0.0010006427764892578"
"377","67","75","25","True","True","67","75","25","True","True","67","75","25","True","True","0.0","0.0","9","9","9","32","32","32","[1, 1, 1, 1, 1, 3, 3, 2, 1, 1, 2, 3, 3, 3, 3, 7, 7, 7, 6, 6, 7, 7, 7, 7, 7]","[1, 1, 1, 1, 1, 3, 3, 2, 1, 1, 2, 3, 3, 3, 3, 7, 7, 7, 6, 6, 7, 7, 7, 7, 7]","[1, 1, 1, 1, 1, 3, 3, 2, 1, 1, 2, 3, 3, 3, 3, 7, 7, 7, 6, 6, 7, 7, 7, 7, 7]","9","9","9","0.0009915828704833984","0.001001596450805664"
"378","67","76","25","True","True","67","76","25","True","True","67","76","25","True","True","0.0","0.0","9","9","9","33","33","33","[1, 1, 1, 2, 2, 2, 2, 3, 5, 10, 10, 10, 10, 10, 3, 3, 3, 1, 1, 1, 23, 23, 23, 21, 11]","[1, 1, 1, 2, 2, 2, 2, 3, 5, 10, 10, 10, 10, 10, 3, 3, 3, 1, 1, 1, 23, 23, 23, 21, 11]","[1, 1, 1, 2, 2, 2, 2, 3, 5, 10, 10, 10, 10, 10, 3, 3, 3, 1, 1, 1, 23, 23, 23, 21, 11]","9","9","9","0.001981496810913086","0.00099945068359375"
"379","67","76","25","True","True","67","76","25","True","True","67","76","25","True","True","0.0","0.0","9","9","9","33","33","33","[1, 1, 1, 4, 4, 7, 7, 7, 4, 5, 5, 5, 3, 3, 3, 3, 3, 6, 6, 6, 9, 9, 3, 3, 1]","[1, 1, 1, 4, 4, 7, 7, 7, 4, 5, 5, 5, 3, 3, 3, 3, 3, 6, 6, 6, 9, 9, 3, 3, 1]","[1, 1, 1, 4, 4, 7, 7, 7, 4, 5, 5, 5, 3, 3, 3, 3, 3, 6, 6, 6, 9, 9, 3, 3, 1]","9","9","9","0.0010004043579101562","0.0010027885437011719"
"380","67","76","25","True","True","67","76","25","True","True","67","76","25","True","True","0.0","0.0","9","9","9","33","33","33","[1, 1, 1, 1, 1, 1, 3, 4, 4, 4, 8, 8, 8, 8, 8, 16, 16, 4, 3, 4, 4, 5, 5, 5, 5]","[1, 1, 1, 1, 1, 1, 3, 4, 4, 4, 8, 8, 8, 8, 8, 16, 16, 4, 3, 4, 4, 5, 5, 5, 5]","[1, 1, 1, 1, 1, 1, 3, 4, 4, 4, 8, 8, 8, 8, 8, 16, 16, 4, 3, 4, 4, 5, 5, 5, 5]","9","9","9","0.0019981861114501953","0.0010004043579101562"
"381","67","76","25","True","True","67","76","25","True","True","67","76","25","True","True","0.0","0.0","9","9","9","33","33","33","[1, 1, 1, 1, 1, 1, 1, 2, 2, 1, 2, 3, 3, 6, 6, 9, 9, 9, 6, 4, 9, 9, 9, 1, 1]","[1, 1, 1, 1, 1, 1, 1, 2, 2, 1, 2, 3, 3, 6, 6, 9, 9, 9, 6, 4, 9, 9, 9, 1, 1]","[1, 1, 1, 1, 1, 1, 1, 2, 2, 1, 2, 3, 3, 6, 6, 9, 9, 9, 6, 4, 9, 9, 9, 1, 1]","9","9","9","0.0010013580322265625","0.001989126205444336"
"382","72","85","25","True","True","72","85","25","True","True","72","85","25","True","True","0.0","0.0","9","9","9","36","36","36","[1, 1, 1, 1, 1, 2, 4, 4, 5, 5, 5, 5, 5, 4, 3, 1, 1, 1, 2, 8, 12, 12, 12, 11, 1]","[1, 1, 1, 1, 1, 2, 4, 4, 5, 5, 5, 5, 5, 4, 3, 1, 1, 1, 2, 8, 12, 12, 12, 11, 1]","[1, 1, 1, 1, 1, 2, 4, 4, 5, 5, 5, 5, 5, 4, 3, 1, 1, 1, 2, 8, 12, 12, 12, 11, 1]","9","9","9","0.0019998550415039062","0.0009872913360595703"
"383","67","75","25","True","True","67","75","25","True","True","67","75","25","True","True","0.0","0.0","9","9","9","32","32","32","[1, 1, 1, 1, 1, 1, 1, 1, 1, 1, 3, 4, 5, 5, 5, 5, 4, 4, 4, 2, 2, 6, 6, 6, 5]","[1, 1, 1, 1, 1, 1, 1, 1, 1, 1, 3, 4, 5, 5, 5, 5, 4, 4, 4, 2, 2, 6, 6, 6, 5]","[1, 1, 1, 1, 1, 1, 1, 1, 1, 1, 3, 4, 5, 5, 5, 5, 4, 4, 4, 2, 2, 6, 6, 6, 5]","9","9","9","0.0010018348693847656","0.0019974708557128906"
"384","72","86","25","True","True","72","86","25","True","True","72","86","25","True","True","0.0","0.0","9","9","9","37","37","37","[1, 1, 1, 1, 1, 1, 1, 1, 1, 1, 1, 1, 1, 2, 3, 5, 5, 3, 1, 1, 5, 5, 5, 5, 1]","[1, 1, 1, 1, 1, 1, 1, 1, 1, 1, 1, 1, 1, 2, 3, 5, 5, 3, 1, 1, 5, 5, 5, 5, 1]","[1, 1, 1, 1, 1, 1, 1, 1, 1, 1, 1, 1, 1, 2, 3, 5, 5, 3, 1, 1, 5, 5, 5, 5, 1]","9","9","9","0.0020003318786621094","0.001996755599975586"
"385","80","94","25","True","False","64","70","26","True","True","76","88","26","True","True","0.02154645684859935","0.10662087651923502","15","6","12","39","31","37","[1, 1, 1, 1, 1, 1, 3, 9, 10, 10, 10, 2, 2, 2, 4, 4, 4, 2, 2, 6, 10, 5, 1, 1, 1]","[1, 1, 0, 1, 1, 1, 1, 1, 1, 1, 2, 2, 2, 2, 2, 3, 3, 3, 3, 5, 5, 8, 9, 10, 10, 10]","[1, 1, 1, 1, 1, 1, 3, 9, 10, 10, 10, 2, 2, 2, 3, 3, 3, 2, 2, 5, 8, 5, 1, 1, 1, 0]","15","6","12","1.8693723678588867","0.2921628952026367"
"386","74","88","25","True","False","73","87","25","True","False","73","87","25","True","False","0.005236553454152637","0.005236553454152637","11","11","11","37","36","36","[1, 1, 1, 1, 1, 1, 1, 1, 1, 1, 1, 4, 5, 6, 6, 2, 18, 6, 6, 2, 6, 8, 8, 8, 8]","[1, 1, 1, 1, 1, 1, 1, 1, 1, 1, 1, 4, 5, 6, 6, 2, 18, 6, 6, 2, 6, 8, 8, 8, 8]","[1, 1, 1, 1, 1, 1, 1, 1, 1, 1, 1, 4, 5, 6, 6, 2, 18, 6, 6, 2, 6, 8, 8, 8, 8]","11","11","11","0.4326028823852539","0.017998933792114258"
"387","67","75","25","True","True","67","75","25","True","True","67","75","25","True","True","0.0","0.0","9","9","9","32","32","32","[1, 1, 1, 1, 1, 2, 2, 2, 2, 1, 1, 5, 5, 5, 5, 4, 8, 22, 22, 13, 13, 13, 1, 1, 1]","[1, 1, 1, 1, 1, 2, 2, 2, 2, 1, 1, 5, 5, 5, 5, 4, 8, 22, 22, 13, 13, 13, 1, 1, 1]","[1, 1, 1, 1, 1, 2, 2, 2, 2, 1, 1, 5, 5, 5, 5, 4, 8, 22, 22, 13, 13, 13, 1, 1, 1]","9","9","9","0.0009996891021728516","0.002001523971557617"
"388","74","88","25","True","False","73","87","25","True","False","73","87","25","True","False","0.00600946705868266","0.00600946705868266","11","11","11","37","36","36","[1, 2, 2, 2, 2, 2, 1, 3, 3, 3, 3, 3, 3, 6, 6, 34, 9, 11, 15, 15, 15, 24, 24, 24, 3]","[1, 2, 2, 2, 2, 2, 1, 3, 3, 3, 3, 3, 3, 6, 6, 34, 9, 11, 15, 15, 15, 24, 24, 24, 3]","[1, 2, 2, 2, 2, 2, 1, 3, 3, 3, 3, 3, 3, 6, 6, 34, 9, 11, 15, 15, 15, 24, 24, 24, 3]","11","11","11","0.23500442504882812","0.0240020751953125"
"389","80","94","25","True","False","69","75","25","True","True","73","81","25","True","True","0.046988628684724865","0.0752573432328334","15","7","9","39","31","33","[1, 1, 2, 2, 2, 5, 5, 5, 5, 20, 5, 10, 10, 5, 5, 2, 13, 13, 10, 23, 23, 3, 20, 20, 20]","[1, 1, 2, 2, 2, 5, 5, 10, 10, 5, 5, 2, 3, 5, 5, 5, 5, 5, 5, 10, 10, 10, 10, 10, 15]","[1, 1, 2, 2, 2, 5, 5, 5, 5, 15, 5, 10, 10, 5, 5, 2, 5, 5, 5, 10, 10, 3, 10, 10, 10]","15","7","9","0.6474008560180664","0.14757227897644043"
"390","67","75","25","True","True","67","75","25","True","True","67","75","25","True","True","0.0","0.0","9","9","9","32","32","32","[2, 2, 2, 2, 2, 2, 4, 4, 2, 2, 2, 4, 4, 4, 6, 10, 10, 6, 4, 4, 4, 1, 12, 12, 12]","[2, 2, 2, 2, 2, 2, 4, 4, 2, 2, 2, 4, 4, 4, 6, 10, 10, 6, 4, 4, 4, 1, 12, 12, 12]","[2, 2, 2, 2, 2, 2, 4, 4, 2, 2, 2, 4, 4, 4, 6, 10, 10, 6, 4, 4, 4, 1, 12, 12, 12]","9","9","9","0.0029952526092529297","0.0029993057250976562"
"391","80","94","25","True","False","64","68","25","True","True","74","83","25","True","True","0.03957504795626021","0.1113426661644763","15","5","10","39","28","33","[1, 2, 2, 4, 4, 4, 2, 2, 2, 2, 2, 2, 18, 18, 4, 2, 4, 4, 5, 5, 19, 19, 4, 4, 4]","[1, 2, 2, 2, 2, 2, 2, 2, 2, 2, 2, 2, 2, 2, 2, 2, 2, 2, 2, 2, 4, 10, 10, 14, 14]","[1, 2, 2, 2, 2, 2, 2, 2, 2, 2, 2, 2, 14, 14, 4, 2, 2, 2, 2, 2, 10, 10, 2, 2, 2]","15","5","10","2.4600095748901367","0.10633707046508789"
"392","67","76","25","True","True","67","76","25","True","True","67","76","25","True","True","0.0","0.0","9","9","9","33","33","33","[1, 1, 1, 1, 1, 1, 1, 1, 1, 1, 1, 3, 3, 5, 7, 7, 7, 5, 5, 5, 5, 3, 1, 1, 1]","[1, 1, 1, 1, 1, 1, 1, 1, 1, 1, 1, 3, 3, 5, 7, 7, 7, 5, 5, 5, 5, 3, 1, 1, 1]","[1, 1, 1, 1, 1, 1, 1, 1, 1, 1, 1, 3, 3, 5, 7, 7, 7, 5, 5, 5, 5, 3, 1, 1, 1]","9","9","9","0.0029802322387695312","0.003000497817993164"
"393","80","94","25","True","False","67","70","26","True","True","69","73","26","True","True","0.07574069767784941","0.09021188641348077","15","4","5","39","28","29","[1, 1, 1, 2, 5, 2, 1, 1, 1, 3, 3, 1, 3, 3, 1, 3, 10, 10, 10, 4, 4, 1, 1, 1, 1]","[1, 1, 1, 2, 2, 1, 1, 1, 1, 1, 1, 1, 1, 1, 1, 1, 1, 1, 1, 2, 2, 2, 2, 5, 5, 5]","[1, 1, 1, 2, 2, 2, 1, 1, 1, 1, 1, 1, 1, 1, 1, 2, 5, 5, 5, 2, 2, 1, 1, 1, 1, 1]","15","4","5","0.6556117534637451","0.08115220069885254"
"394","74","88","25","True","False","73","87","25","True","False","73","87","25","True","False","0.005236553454152637","0.005236553454152637","11","11","11","37","36","36","[1, 1, 15, 1, 2, 2, 2, 2, 2, 2, 2, 2, 12, 12, 12, 8, 6, 1, 2, 2, 9, 9, 9, 1, 1]","[1, 1, 15, 1, 2, 2, 2, 2, 2, 2, 2, 2, 12, 12, 12, 8, 6, 1, 2, 2, 9, 9, 9, 1, 1]","[1, 1, 15, 1, 2, 2, 2, 2, 2, 2, 2, 2, 12, 12, 12, 8, 6, 1, 2, 2, 9, 9, 9, 1, 1]","11","11","11","0.2903144359588623","0.024003028869628906"
"395","67","76","25","True","True","67","76","25","True","True","67","76","25","True","True","0.0","0.0","9","9","9","33","33","33","[1, 2, 2, 2, 2, 5, 10, 10, 10, 10, 10, 10, 10, 5, 5, 5, 5, 5, 7, 7, 4, 1, 1, 1, 1]","[1, 2, 2, 2, 2, 5, 10, 10, 10, 10, 10, 10, 10, 5, 5, 5, 5, 5, 7, 7, 4, 1, 1, 1, 1]","[1, 2, 2, 2, 2, 5, 10, 10, 10, 10, 10, 10, 10, 5, 5, 5, 5, 5, 7, 7, 4, 1, 1, 1, 1]","9","9","9","0.0019884109497070312","0.0009989738464355469"
"396","80","94","25","True","False","66","72","25","True","True","74","84","25","True","True","0.03368595139005537","0.09027506612267933","15","6","10","39","30","34","[1, 35, 1, 2, 2, 3, 3, 3, 3, 2, 2, 2, 2, 16, 6, 13, 17, 17, 17, 17, 17, 3, 2, 2, 2]","[1, 1, 1, 1, 1, 1, 1, 1, 1, 1, 1, 1, 1, 1, 1, 1, 2, 5, 6, 7, 7, 7, 7, 7, 13]","[1, 13, 1, 1, 1, 1, 1, 1, 1, 1, 1, 1, 1, 6, 2, 5, 7, 7, 7, 7, 7, 1, 1, 1, 1]","15","6","10","1.8181889057159424","0.18606996536254883"
"397","72","86","25","True","True","72","86","25","True","True","72","86","25","True","True","0.0","0.0","9","9","9","37","37","37","[1, 1, 1, 1, 2, 2, 2, 2, 2, 3, 3, 1, 1, 1, 3, 3, 5, 8, 8, 8, 3, 3, 2, 2, 2]","[1, 1, 1, 1, 2, 2, 2, 2, 2, 3, 3, 1, 1, 1, 3, 3, 5, 8, 8, 8, 3, 3, 2, 2, 2]","[1, 1, 1, 1, 2, 2, 2, 2, 2, 3, 3, 1, 1, 1, 3, 3, 5, 8, 8, 8, 3, 3, 2, 2, 2]","9","9","9","0.0020003318786621094","0.00099945068359375"
"398","72","85","25","True","True","72","85","25","True","True","72","85","25","True","True","0.0","0.0","9","9","9","36","36","36","[1, 1, 1, 2, 3, 6, 6, 6, 7, 7, 7, 7, 3, 1, 1, 1, 1, 9, 9, 16, 16, 15, 15, 15, 1]","[1, 1, 1, 2, 3, 6, 6, 6, 7, 7, 7, 7, 3, 1, 1, 1, 1, 9, 9, 16, 16, 15, 15, 15, 1]","[1, 1, 1, 2, 3, 6, 6, 6, 7, 7, 7, 7, 3, 1, 1, 1, 1, 9, 9, 16, 16, 15, 15, 15, 1]","9","9","9","0.0010004043579101562","0.0009996891021728516"
"399","74","88","25","True","False","73","88","25","True","False","73","88","25","True","False","0.0","0.0","11","11","11","37","37","37","[1, 1, 1, 1, 1, 1, 2, 2, 3, 3, 7, 7, 9, 10, 10, 10, 10, 22, 22, 10, 10, 2, 1, 6, 1]","[1, 1, 1, 1, 1, 1, 2, 2, 3, 3, 7, 7, 9, 9, 9, 9, 9, 20, 20, 9, 9, 2, 1, 6, 1]","[1, 1, 1, 1, 1, 1, 2, 2, 3, 3, 7, 7, 9, 9, 9, 9, 9, 20, 20, 9, 9, 2, 1, 6, 1]","11","11","11","0.2841501235961914","0.01699972152709961"
"400","94","110","30","True","False","80","87","30","True","True","86","96","30","True","True","0.040079783279230674","0.0760836708269933","17","6","9","46","37","40","[1, 1, 1, 1, 1, 1, 1, 2, 2, 2, 2, 3, 3, 3, 3, 9, 9, 18, 18, 10, 1, 3, 14, 14, 12, 2, 2, 2, 1, 1]","[1, 1, 1, 1, 1, 1, 1, 1, 3, 2, 2, 2, 1, 1, 1, 1, 1, 1, 1, 1, 1, 1, 2, 2, 2, 2, 3, 3, 6, 6]","[1, 1, 1, 1, 1, 1, 1, 1, 1, 1, 1, 1, 1, 1, 1, 2, 2, 6, 6, 2, 1, 3, 3, 3, 2, 2, 2, 2, 1, 1]","17","6","9","0.8259971141815186","0.08799934387207031"
"401","94","110","30","True","False","83","95","30","True","True","93","110","30","True","False","0.0","0.05821573521030943","17","12","17","46","41","46","[1, 1, 1, 2, 2, 21, 2, 2, 3, 3, 4, 13, 34, 34, 34, 17, 17, 23, 27, 27, 27, 27, 4, 29, 29, 29, 2, 2, 2, 1]","[]","[1, 1, 1, 2, 2, 19, 2, 2, 3, 3, 4, 12, 32, 32, 32, 16, 16, 22, 26, 26, 26, 26, 4, 28, 28, 28, 2, 2, 2, 1]","17","12","17","356.20704197883606","2.1730329990386963"
"402","94","110","30","True","False","82","90","30","True","True","88","99","30","True","True","0.034448032507971016","0.07023381284808872","17","8","11","46","38","41","[1, 1, 1, 1, 1, 2, 26, 26, 3, 3, 4, 4, 8, 11, 11, 11, 15, 15, 11, 9, 9, 9, 20, 31, 43, 43, 31, 4, 2, 1]","[1, 2, 3, 3, 2, 1, 1, 1, 1, 1, 1, 1, 1, 2, 3, 3, 3, 3, 3, 3, 3, 4, 4, 6, 6, 6, 9, 9, 13, 13]","[1, 1, 1, 1, 1, 2, 6, 6, 3, 3, 1, 1, 2, 3, 3, 3, 4, 4, 3, 3, 3, 3, 6, 9, 13, 13, 9, 1, 2, 1]","17","8","11","1.943603515625","0.3839223384857178"
"403","81","92","30","True","True","81","92","30","True","True","81","92","30","True","True","0.0","0.0","11","11","11","40","40","40","[1, 2, 2, 2, 2, 4, 4, 4, 4, 6, 6, 4, 4, 4, 11, 11, 19, 19, 11, 11, 11, 8, 8, 6, 6, 4, 4, 3, 2, 1]","[1, 2, 2, 2, 2, 4, 4, 4, 4, 6, 6, 4, 4, 4, 11, 11, 19, 19, 11, 11, 11, 8, 8, 6, 6, 4, 4, 3, 2, 1]","[1, 2, 2, 2, 2, 4, 4, 4, 4, 6, 6, 4, 4, 4, 11, 11, 19, 19, 11, 11, 11, 8, 8, 6, 6, 4, 4, 3, 2, 1]","11","11","11","0.0009996891021728516","0.002001047134399414"
"404","94","110","30","True","False","75","78","31","True","True","84","92","30","True","True","0.05750575087087406","0.11425853492937244","17","4","9","46","34","38","[1, 1, 2, 2, 2, 2, 4, 4, 7, 7, 14, 15, 15, 7, 4, 4, 4, 8, 8, 3, 12, 3, 23, 23, 1, 5, 5, 2, 2, 2]","[1, 1, 1, 1, 1, 1, 1, 1, 1, 1, 1, 1, 1, 1, 1, 1, 1, 1, 1, 1, 2, 2, 2, 2, 2, 4, 4, 4, 4, 7, 7]","[1, 1, 1, 1, 1, 1, 1, 1, 2, 2, 4, 4, 4, 2, 1, 1, 1, 2, 2, 1, 4, 1, 7, 7, 1, 1, 1, 1, 1, 1]","17","4","9","1.2838668823242188","0.18917465209960938"
"405","81","92","30","True","True","81","92","30","True","True","81","92","30","True","True","0.0","0.0","11","11","11","40","40","40","[1, 1, 1, 1, 1, 1, 1, 1, 1, 2, 2, 2, 2, 2, 2, 10, 12, 12, 13, 25, 25, 14, 14, 14, 4, 4, 3, 3, 1, 1]","[1, 1, 1, 1, 1, 1, 1, 1, 1, 2, 2, 2, 2, 2, 2, 10, 12, 12, 13, 25, 25, 14, 14, 14, 4, 4, 3, 3, 1, 1]","[1, 1, 1, 1, 1, 1, 1, 1, 1, 2, 2, 2, 2, 2, 2, 10, 12, 12, 13, 25, 25, 14, 14, 14, 4, 4, 3, 3, 1, 1]","11","11","11","0.002996683120727539","0.0039937496185302734"
"406","81","91","30","True","True","81","91","30","True","True","81","91","30","True","True","0.0","0.0","11","11","11","39","39","39","[1, 2, 3, 3, 3, 3, 2, 3, 6, 6, 3, 3, 3, 3, 6, 10, 10, 13, 13, 13, 16, 16, 8, 6, 6, 3, 3, 2, 2, 1]","[1, 2, 3, 3, 3, 3, 2, 3, 6, 6, 3, 3, 3, 3, 6, 10, 10, 13, 13, 13, 16, 16, 8, 6, 6, 3, 3, 2, 2, 1]","[1, 2, 3, 3, 3, 3, 2, 3, 6, 6, 3, 3, 3, 3, 6, 10, 10, 13, 13, 13, 16, 16, 8, 6, 6, 3, 3, 2, 2, 1]","11","11","11","0.0010001659393310547","0.0020017623901367188"
"407","94","110","30","True","False","77","84","30","True","True","89","102","30","True","True","0.02238034214582929","0.09441217040562244","17","7","13","46","36","42","[1, 1, 1, 1, 2, 2, 2, 2, 2, 2, 4, 4, 4, 3, 4, 8, 8, 4, 4, 1, 1, 1, 2, 31, 14, 14, 18, 18, 33, 18]","[1, 1, 1, 1, 1, 1, 2, 1, 1, 1, 1, 1, 1, 1, 1, 1, 1, 1, 2, 2, 2, 3, 3, 5, 5, 6, 6, 6, 11, 12]","[1, 1, 1, 1, 1, 1, 1, 1, 1, 1, 2, 2, 2, 1, 1, 3, 3, 1, 1, 1, 1, 1, 2, 12, 5, 5, 6, 6, 11, 6]","17","7","13","5.615612506866455","0.29203176498413086"
"408","81","91","30","True","True","81","91","30","True","True","81","91","30","True","True","0.0","0.0","11","11","11","39","39","39","[1, 1, 1, 1, 1, 1, 1, 1, 3, 3, 3, 3, 3, 3, 3, 7, 7, 7, 6, 6, 6, 1, 1, 1, 1, 1, 10, 10, 10, 10]","[1, 1, 1, 1, 1, 1, 1, 1, 3, 3, 3, 3, 3, 3, 3, 7, 7, 7, 6, 6, 6, 1, 1, 1, 1, 1, 10, 10, 10, 10]","[1, 1, 1, 1, 1, 1, 1, 1, 3, 3, 3, 3, 3, 3, 3, 7, 7, 7, 6, 6, 6, 1, 1, 1, 1, 1, 10, 10, 10, 10]","11","11","11","0.002994060516357422","0.004000663757324219"
"409","86","101","30","True","True","86","101","30","True","True","86","101","30","True","True","0.0","0.0","11","11","11","43","43","43","[1, 1, 1, 1, 1, 1, 1, 1, 1, 1, 3, 3, 6, 6, 15, 15, 15, 16, 16, 9, 6, 6, 1, 1, 8, 39, 39, 39, 39, 2]","[1, 1, 1, 1, 1, 1, 1, 1, 1, 1, 3, 3, 6, 6, 15, 15, 15, 16, 16, 9, 6, 6, 1, 1, 8, 39, 39, 39, 39, 2]","[1, 1, 1, 1, 1, 1, 1, 1, 1, 1, 3, 3, 6, 6, 15, 15, 15, 16, 16, 9, 6, 6, 1, 1, 8, 39, 39, 39, 39, 2]","11","11","11","0.004137277603149414","0.0040130615234375"
"410","88","104","30","True","False","87","103","30","True","False","87","103","30","True","False","0.005074541257336529","0.005074541257336529","13","13","13","44","43","43","[1, 2, 6, 6, 52, 52, 9, 3, 12, 12, 12, 15, 15, 3, 3, 6, 6, 6, 6, 1, 4, 14, 14, 10, 4, 4, 4, 4, 4, 4]","[1, 2, 6, 6, 52, 52, 9, 3, 12, 12, 12, 15, 15, 3, 3, 6, 6, 6, 6, 1, 4, 14, 14, 10, 4, 4, 4, 4, 4, 4]","[1, 2, 6, 6, 52, 52, 9, 3, 12, 12, 12, 15, 15, 3, 3, 6, 6, 6, 6, 1, 4, 14, 14, 10, 4, 4, 4, 4, 4, 4]","13","13","13","0.3550074100494385","0.04831290245056152"
"411","94","110","30","True","False","81","88","31","True","True","87","97","31","True","True","0.04052744090120375","0.07654878173946411","17","7","10","46","38","41","[1, 1, 1, 2, 2, 1, 1, 12, 1, 1, 1, 1, 2, 2, 2, 1, 1, 25, 25, 6, 7, 7, 6, 3, 2, 9, 9, 9, 9, 9]","[1, 1, 1, 2, 2, 1, 1, 1, 1, 1, 1, 1, 1, 1, 1, 1, 1, 2, 2, 3, 3, 4, 4, 4, 4, 4, 5, 5, 5, 12, 12]","[1, 1, 1, 2, 2, 1, 1, 5, 1, 1, 1, 1, 1, 1, 1, 1, 1, 12, 12, 3, 4, 4, 3, 2, 2, 5, 5, 4, 4, 4, 1]","17","7","10","2.097104072570801","0.22045516967773438"
"412","81","92","30","True","True","81","92","30","True","True","81","92","30","True","True","0.0","0.0","11","11","11","40","40","40","[1, 1, 1, 1, 1, 1, 1, 1, 2, 2, 2, 1, 3, 3, 4, 4, 4, 5, 5, 1, 1, 1, 1, 7, 7, 1, 2, 2, 2, 2]","[1, 1, 1, 1, 1, 1, 1, 1, 2, 2, 2, 1, 3, 3, 4, 4, 4, 5, 5, 1, 1, 1, 1, 7, 7, 1, 2, 2, 2, 2]","[1, 1, 1, 1, 1, 1, 1, 1, 2, 2, 2, 1, 3, 3, 4, 4, 4, 5, 5, 1, 1, 1, 1, 7, 7, 1, 2, 2, 2, 2]","11","11","11","0.0019996166229248047","0.0019865036010742188"
"413","81","91","30","True","True","81","91","30","True","True","81","91","30","True","True","0.0","0.0","11","11","11","39","39","39","[1, 1, 1, 1, 1, 1, 1, 2, 4, 5, 10, 10, 10, 6, 6, 4, 14, 14, 14, 4, 4, 1, 5, 5, 1, 21, 21, 5, 5, 5]","[1, 1, 1, 1, 1, 1, 1, 2, 4, 5, 10, 10, 10, 6, 6, 4, 14, 14, 14, 4, 4, 1, 5, 5, 1, 21, 21, 5, 5, 5]","[1, 1, 1, 1, 1, 1, 1, 2, 4, 5, 10, 10, 10, 6, 6, 4, 14, 14, 14, 4, 4, 1, 5, 5, 1, 21, 21, 5, 5, 5]","11","11","11","0.001996278762817383","0.002001047134399414"
"414","94","110","30","True","False","81","86","30","True","True","83","89","30","True","True","0.06345997903641387","0.07560899444684877","17","6","7","46","34","35","[1, 1, 1, 2, 4, 4, 4, 4, 4, 4, 4, 4, 2, 2, 4, 6, 6, 6, 6, 24, 24, 5, 5, 2, 22, 1, 12, 12, 12, 8]","[1, 1, 1, 2, 4, 4, 4, 4, 4, 4, 4, 4, 2, 2, 2, 1, 2, 2, 2, 2, 2, 2, 2, 2, 2, 2, 2, 4, 6, 6]","[1, 1, 1, 2, 4, 4, 4, 4, 4, 4, 4, 4, 2, 2, 2, 2, 2, 2, 2, 6, 6, 2, 2, 2, 4, 1, 2, 2, 2, 2]","17","6","7","0.4333784580230713","0.13188982009887695"
"415","81","91","30","True","True","81","91","30","True","True","81","91","30","True","True","0.0","0.0","11","11","11","39","39","39","[1, 1, 1, 1, 2, 2, 2, 2, 2, 2, 2, 2, 2, 2, 2, 2, 2, 4, 10, 10, 10, 6, 6, 6, 4, 4, 1, 3, 3, 3]","[1, 1, 1, 1, 2, 2, 2, 2, 2, 2, 2, 2, 2, 2, 2, 2, 2, 4, 10, 10, 10, 6, 6, 6, 4, 4, 1, 3, 3, 3]","[1, 1, 1, 1, 2, 2, 2, 2, 2, 2, 2, 2, 2, 2, 2, 2, 2, 4, 10, 10, 10, 6, 6, 6, 4, 4, 1, 3, 3, 3]","11","11","11","0.004000186920166016","0.0029990673065185547"
"416","81","92","30","True","True","81","92","30","True","True","81","92","30","True","True","0.0","0.0","11","11","11","40","40","40","[1, 1, 1, 2, 2, 2, 5, 5, 5, 2, 2, 6, 6, 6, 2, 8, 8, 8, 2, 4, 4, 4, 2, 3, 3, 4, 4, 1, 1, 1]","[1, 1, 1, 2, 2, 2, 5, 5, 5, 2, 2, 6, 6, 6, 2, 8, 8, 8, 2, 4, 4, 4, 2, 3, 3, 4, 4, 1, 1, 1]","[1, 1, 1, 2, 2, 2, 5, 5, 5, 2, 2, 6, 6, 6, 2, 8, 8, 8, 2, 4, 4, 4, 2, 3, 3, 4, 4, 1, 1, 1]","11","11","11","0.003000974655151367","0.002998828887939453"
"417","88","104","30","True","False","87","104","30","True","False","87","104","30","True","False","0.0","0.0","13","13","13","44","44","44","[1, 1, 1, 1, 2, 3, 3, 3, 3, 2, 1, 2, 2, 4, 4, 4, 4, 1, 1, 6, 11, 11, 11, 7, 4, 4, 5, 5, 5, 19]","[1, 1, 1, 1, 2, 3, 3, 3, 3, 2, 1, 1, 1, 3, 3, 3, 3, 1, 1, 6, 11, 11, 11, 7, 4, 4, 5, 5, 5, 19]","[1, 1, 1, 1, 2, 3, 3, 3, 3, 2, 1, 1, 1, 3, 3, 3, 3, 1, 1, 6, 11, 11, 11, 7, 4, 4, 5, 5, 5, 19]","13","13","13","0.22011518478393555","0.017363309860229492"
"418","94","110","30","True","False","79","84","30","True","True","83","90","30","True","True","0.058059782379657365","0.08237566829729193","17","5","7","46","34","36","[1, 1, 1, 8, 8, 8, 1, 1, 14, 14, 2, 2, 3, 5, 5, 5, 5, 7, 7, 3, 3, 3, 1, 2, 2, 1, 1, 3, 3, 3]","[1, 1, 1, 1, 1, 1, 3, 3, 3, 1, 1, 1, 1, 1, 1, 1, 1, 1, 1, 1, 1, 1, 1, 2, 2, 3, 3, 3, 5, 5]","[1, 1, 1, 3, 3, 3, 1, 1, 5, 5, 1, 1, 1, 1, 1, 1, 1, 2, 2, 1, 1, 1, 1, 1, 1, 1, 1, 3, 3, 3]","17","5","7","0.6131548881530762","0.20540356636047363"
"419","81","92","30","True","True","81","92","30","True","True","81","92","30","True","True","0.0","0.0","11","11","11","40","40","40","[1, 1, 2, 2, 2, 2, 2, 2, 1, 1, 1, 2, 2, 1, 3, 3, 3, 4, 4, 4, 6, 8, 21, 21, 21, 21, 21, 21, 11, 4]","[1, 1, 2, 2, 2, 2, 2, 2, 1, 1, 1, 2, 2, 1, 3, 3, 3, 4, 4, 4, 6, 8, 21, 21, 21, 21, 21, 21, 11, 4]","[1, 1, 2, 2, 2, 2, 2, 2, 1, 1, 1, 2, 2, 1, 3, 3, 3, 4, 4, 4, 6, 8, 21, 21, 21, 21, 21, 21, 11, 4]","11","11","11","0.0030002593994140625","0.0029900074005126953"
"420","81","92","30","True","True","81","92","30","True","True","81","92","30","True","True","0.0","0.0","11","11","11","40","40","40","[1, 1, 1, 2, 2, 2, 4, 6, 6, 8, 14, 14, 8, 8, 8, 12, 12, 12, 12, 12, 12, 8, 8, 10, 10, 6, 10, 10, 10, 1]","[1, 1, 1, 2, 2, 2, 4, 6, 6, 8, 14, 14, 8, 8, 8, 12, 12, 12, 12, 12, 12, 8, 8, 10, 10, 6, 10, 10, 10, 1]","[1, 1, 1, 2, 2, 2, 4, 6, 6, 8, 14, 14, 8, 8, 8, 12, 12, 12, 12, 12, 12, 8, 8, 10, 10, 6, 10, 10, 10, 1]","11","11","11","0.0021953582763671875","0.0060672760009765625"
"421","81","92","30","True","True","81","92","30","True","True","81","92","30","True","True","0.0","0.0","11","11","11","40","40","40","[1, 1, 1, 2, 2, 2, 1, 1, 1, 1, 1, 1, 3, 4, 4, 5, 5, 3, 6, 6, 6, 6, 10, 11, 11, 11, 17, 17, 17, 9]","[1, 1, 1, 2, 2, 2, 1, 1, 1, 1, 1, 1, 3, 4, 4, 5, 5, 3, 6, 6, 6, 6, 10, 11, 11, 11, 17, 17, 17, 9]","[1, 1, 1, 2, 2, 2, 1, 1, 1, 1, 1, 1, 3, 4, 4, 5, 5, 3, 6, 6, 6, 6, 10, 11, 11, 11, 17, 17, 17, 9]","11","11","11","0.0030002593994140625","0.003000974655151367"
"422","81","91","30","True","True","81","91","30","True","True","81","91","30","True","True","0.0","0.0","11","11","11","39","39","39","[1, 1, 1, 1, 2, 2, 2, 2, 2, 2, 3, 3, 3, 3, 6, 9, 9, 9, 6, 6, 7, 7, 9, 9, 23, 23, 26, 26, 26, 3]","[1, 1, 1, 1, 2, 2, 2, 2, 2, 2, 3, 3, 3, 3, 6, 9, 9, 9, 6, 6, 7, 7, 9, 9, 23, 23, 26, 26, 26, 3]","[1, 1, 1, 1, 2, 2, 2, 2, 2, 2, 3, 3, 3, 3, 6, 9, 9, 9, 6, 6, 7, 7, 9, 9, 23, 23, 26, 26, 26, 3]","11","11","11","0.0019958019256591797","0.0019996166229248047"
"423","88","104","30","True","False","87","104","30","True","False","87","104","30","True","False","0.0","0.0","13","13","13","44","44","44","[1, 1, 1, 1, 1, 3, 3, 3, 6, 6, 3, 3, 3, 10, 10, 9, 9, 9, 9, 9, 52, 146, 146, 42, 9, 9, 9, 9, 9, 9]","[1, 1, 1, 1, 1, 2, 2, 2, 4, 4, 2, 2, 2, 7, 7, 6, 6, 6, 6, 6, 35, 98, 98, 28, 6, 6, 6, 6, 6, 6]","[1, 1, 1, 1, 1, 2, 2, 2, 4, 4, 2, 2, 2, 7, 7, 6, 6, 6, 6, 6, 35, 98, 98, 28, 6, 6, 6, 6, 6, 6]","13","13","13","1.8071997165679932","0.0183565616607666"
"424","81","91","30","True","True","81","91","30","True","True","81","91","30","True","True","0.0","0.0","11","11","11","39","39","39","[1, 1, 1, 3, 3, 1, 2, 2, 4, 8, 9, 9, 9, 3, 3, 3, 3, 1, 1, 3, 3, 3, 3, 1, 1, 1, 1, 1, 1, 1]","[1, 1, 1, 3, 3, 1, 2, 2, 4, 8, 9, 9, 9, 3, 3, 3, 3, 1, 1, 3, 3, 3, 3, 1, 1, 1, 1, 1, 1, 1]","[1, 1, 1, 3, 3, 1, 2, 2, 4, 8, 9, 9, 9, 3, 3, 3, 3, 1, 1, 3, 3, 3, 3, 1, 1, 1, 1, 1, 1, 1]","11","11","11","0.0020041465759277344","0.0009925365447998047"
"425","94","110","30","True","False","84","92","30","True","True","86","95","30","True","True","0.04487706831749294","0.056786697026129374","17","9","10","46","37","38","[1, 19, 1, 1, 1, 17, 4, 4, 4, 1, 1, 1, 6, 6, 6, 9, 9, 6, 6, 6, 6, 6, 2, 2, 8, 8, 7, 2, 2, 2]","[1, 1, 1, 1, 4, 4, 4, 1, 1, 1, 6, 6, 6, 6, 2, 2, 2, 2, 2, 6, 6, 6, 6, 6, 6, 6, 6, 6, 12, 12]","[1, 12, 1, 1, 1, 12, 4, 4, 4, 1, 1, 1, 6, 6, 6, 6, 6, 6, 6, 6, 6, 6, 2, 2, 6, 6, 6, 2, 2, 2]","17","9","10","0.478696346282959","0.06656956672668457"
"426","88","104","30","True","False","87","104","30","True","False","87","104","30","True","False","0.0","0.0","13","13","13","44","44","44","[1, 1, 1, 1, 2, 20, 2, 4, 4, 4, 4, 3, 3, 3, 2, 2, 2, 3, 3, 3, 6, 6, 6, 6, 4, 4, 7, 7, 7, 3]","[1, 1, 1, 1, 1, 13, 1, 2, 2, 2, 2, 2, 3, 3, 2, 2, 2, 2, 2, 2, 4, 4, 4, 4, 3, 3, 5, 5, 5, 2]","[1, 1, 1, 1, 1, 13, 1, 2, 2, 2, 2, 2, 3, 3, 2, 2, 2, 2, 2, 2, 4, 4, 4, 4, 3, 3, 5, 5, 5, 2]","13","13","13","0.20551562309265137","0.018296003341674805"
"427","88","104","30","True","False","87","104","30","True","False","87","104","30","True","False","0.0","0.0","13","13","13","44","44","44","[2, 2, 2, 2, 4, 4, 4, 4, 2, 2, 2, 2, 2, 2, 8, 8, 18, 18, 18, 18, 52, 54, 54, 54, 8, 12, 12, 8, 1, 1]","[1, 1, 1, 1, 2, 2, 2, 2, 1, 1, 1, 1, 1, 1, 4, 4, 9, 9, 9, 9, 26, 27, 27, 27, 4, 6, 6, 4, 1, 1]","[1, 1, 1, 1, 2, 2, 2, 2, 1, 1, 1, 1, 1, 1, 4, 4, 9, 9, 9, 9, 26, 27, 27, 27, 4, 6, 6, 4, 1, 1]","13","13","13","0.24964547157287598","0.028476238250732422"
"428","81","91","30","True","True","81","91","30","True","True","81","91","30","True","True","0.0","0.0","11","11","11","39","39","39","[1, 1, 1, 1, 1, 1, 2, 4, 4, 6, 6, 8, 8, 4, 4, 4, 4, 11, 11, 11, 11, 3, 1, 8, 8, 12, 12, 1, 1, 1]","[1, 1, 1, 1, 1, 1, 2, 4, 4, 6, 6, 8, 8, 4, 4, 4, 4, 11, 11, 11, 11, 3, 1, 8, 8, 12, 12, 1, 1, 1]","[1, 1, 1, 1, 1, 1, 2, 4, 4, 6, 6, 8, 8, 4, 4, 4, 4, 11, 11, 11, 11, 3, 1, 8, 8, 12, 12, 1, 1, 1]","11","11","11","0.0019979476928710938","0.002000570297241211"
"429","86","102","30","True","True","86","102","30","True","True","86","102","30","True","True","0.0","0.0","11","11","11","44","44","44","[1, 1, 1, 1, 1, 1, 1, 1, 1, 1, 1, 1, 1, 1, 1, 1, 2, 2, 2, 4, 8, 8, 7, 7, 2, 2, 4, 4, 4, 2]","[1, 1, 1, 1, 1, 1, 1, 1, 1, 1, 1, 1, 1, 1, 1, 1, 2, 2, 2, 4, 8, 8, 7, 7, 2, 2, 4, 4, 4, 2]","[1, 1, 1, 1, 1, 1, 1, 1, 1, 1, 1, 1, 1, 1, 1, 1, 2, 2, 2, 4, 8, 8, 7, 7, 2, 2, 4, 4, 4, 2]","11","11","11","0.0020003318786621094","0.001999378204345703"
"430","88","104","30","True","False","87","103","30","True","False","87","103","30","True","False","0.004422141910903066","0.004422141910903066","13","13","13","44","43","43","[1, 1, 1, 1, 1, 1, 1, 1, 1, 1, 3, 3, 1, 1, 1, 1, 1, 1, 2, 4, 5, 7, 14, 14, 27, 27, 27, 27, 7, 1]","[1, 1, 1, 1, 1, 1, 1, 1, 1, 1, 3, 3, 1, 1, 1, 1, 1, 1, 2, 4, 5, 7, 14, 14, 27, 27, 27, 27, 7, 1]","[1, 1, 1, 1, 1, 1, 1, 1, 1, 1, 3, 3, 1, 1, 1, 1, 1, 1, 2, 4, 5, 7, 14, 14, 27, 27, 27, 27, 7, 1]","13","13","13","0.2751193046569824","0.01699972152709961"
"431","86","101","30","True","True","86","101","30","True","True","86","101","30","True","True","0.0","0.0","11","11","11","43","43","43","[1, 1, 1, 1, 1, 3, 3, 6, 6, 6, 6, 6, 6, 3, 3, 8, 8, 8, 10, 10, 32, 32, 19, 19, 19, 19, 18, 1, 1, 1]","[1, 1, 1, 1, 1, 3, 3, 6, 6, 6, 6, 6, 6, 3, 3, 8, 8, 8, 10, 10, 32, 32, 19, 19, 19, 19, 18, 1, 1, 1]","[1, 1, 1, 1, 1, 3, 3, 6, 6, 6, 6, 6, 6, 3, 3, 8, 8, 8, 10, 10, 32, 32, 19, 19, 19, 19, 18, 1, 1, 1]","11","11","11","0.0019996166229248047","0.0010008811950683594"
"432","88","104","30","True","False","87","104","30","True","False","87","104","30","True","False","0.0","0.0","13","13","13","44","44","44","[1, 1, 1, 1, 1, 1, 1, 1, 2, 11, 3, 3, 4, 5, 5, 5, 5, 6, 9, 9, 8, 2, 2, 2, 16, 16, 16, 16, 2, 1]","[1, 1, 1, 1, 1, 1, 1, 1, 2, 9, 2, 2, 3, 4, 4, 4, 4, 4, 7, 7, 6, 2, 2, 2, 13, 13, 13, 13, 2, 1]","[1, 1, 1, 1, 1, 1, 1, 1, 2, 9, 2, 2, 3, 4, 4, 4, 4, 4, 7, 7, 6, 2, 2, 2, 13, 13, 13, 13, 2, 1]","13","13","13","0.2335190773010254","0.03759765625"
"433","81","92","30","True","True","81","92","30","True","True","81","92","30","True","True","0.0","0.0","11","11","11","40","40","40","[1, 1, 1, 2, 2, 2, 2, 2, 2, 1, 1, 2, 2, 3, 3, 3, 1, 1, 1, 4, 5, 5, 5, 5, 6, 6, 9, 9, 5, 5]","[1, 1, 1, 2, 2, 2, 2, 2, 2, 1, 1, 2, 2, 3, 3, 3, 1, 1, 1, 4, 5, 5, 5, 5, 6, 6, 9, 9, 5, 5]","[1, 1, 1, 2, 2, 2, 2, 2, 2, 1, 1, 2, 2, 3, 3, 3, 1, 1, 1, 4, 5, 5, 5, 5, 6, 6, 9, 9, 5, 5]","11","11","11","0.0029981136322021484","0.001999378204345703"
"434","86","102","30","True","True","86","102","30","True","True","86","102","30","True","True","0.0","0.0","11","11","11","44","44","44","[1, 2, 2, 3, 3, 1, 1, 2, 2, 2, 3, 3, 3, 3, 3, 2, 2, 2, 1, 1, 1, 4, 4, 6, 6, 6, 6, 6, 6, 1]","[1, 2, 2, 3, 3, 1, 1, 2, 2, 2, 3, 3, 3, 3, 3, 2, 2, 2, 1, 1, 1, 4, 4, 6, 6, 6, 6, 6, 6, 1]","[1, 2, 2, 3, 3, 1, 1, 2, 2, 2, 3, 3, 3, 3, 3, 2, 2, 2, 1, 1, 1, 4, 4, 6, 6, 6, 6, 6, 6, 1]","11","11","11","0.001998424530029297","0.0009987354278564453"
"435","81","91","30","True","True","81","91","30","True","True","81","91","30","True","True","0.0","0.0","11","11","11","39","39","39","[1, 1, 1, 1, 1, 2, 2, 1, 1, 4, 4, 9, 9, 5, 4, 4, 2, 3, 3, 3, 3, 6, 10, 10, 6, 9, 9, 5, 5, 5]","[1, 1, 1, 1, 1, 2, 2, 1, 1, 4, 4, 9, 9, 5, 4, 4, 2, 3, 3, 3, 3, 6, 10, 10, 6, 9, 9, 5, 5, 5]","[1, 1, 1, 1, 1, 2, 2, 1, 1, 4, 4, 9, 9, 5, 4, 4, 2, 3, 3, 3, 3, 6, 10, 10, 6, 9, 9, 5, 5, 5]","11","11","11","0.0020008087158203125","0.0009989738464355469"
"436","81","92","30","True","True","81","92","30","True","True","81","92","30","True","True","0.0","0.0","11","11","11","40","40","40","[1, 2, 2, 2, 4, 4, 4, 4, 6, 6, 4, 4, 2, 10, 10, 10, 10, 10, 6, 2, 2, 2, 2, 1, 9, 21, 21, 21, 21, 1]","[1, 2, 2, 2, 4, 4, 4, 4, 6, 6, 4, 4, 2, 10, 10, 10, 10, 10, 6, 2, 2, 2, 2, 1, 9, 21, 21, 21, 21, 1]","[1, 2, 2, 2, 4, 4, 4, 4, 6, 6, 4, 4, 2, 10, 10, 10, 10, 10, 6, 2, 2, 2, 2, 1, 9, 21, 21, 21, 21, 1]","11","11","11","0.0019998550415039062","0.00099945068359375"
"437","81","91","30","True","True","81","91","30","True","True","81","91","30","True","True","0.0","0.0","11","11","11","39","39","39","[1, 1, 3, 5, 5, 1, 1, 1, 1, 1, 1, 2, 2, 6, 7, 7, 7, 8, 9, 18, 18, 18, 18, 19, 19, 1, 2, 2, 2, 2]","[1, 1, 3, 5, 5, 1, 1, 1, 1, 1, 1, 2, 2, 6, 7, 7, 7, 8, 9, 18, 18, 18, 18, 19, 19, 1, 2, 2, 2, 2]","[1, 1, 3, 5, 5, 1, 1, 1, 1, 1, 1, 2, 2, 6, 7, 7, 7, 8, 9, 18, 18, 18, 18, 19, 19, 1, 2, 2, 2, 2]","11","11","11","0.0021495819091796875","0.000997781753540039"
"438","81","92","30","True","True","81","92","30","True","True","81","92","30","True","True","0.0","0.0","11","11","11","40","40","40","[1, 1, 1, 1, 1, 1, 1, 1, 3, 3, 3, 3, 1, 1, 1, 1, 3, 6, 6, 7, 7, 4, 5, 5, 3, 3, 3, 1, 1, 1]","[1, 1, 1, 1, 1, 1, 1, 1, 3, 3, 3, 3, 1, 1, 1, 1, 3, 6, 6, 7, 7, 4, 5, 5, 3, 3, 3, 1, 1, 1]","[1, 1, 1, 1, 1, 1, 1, 1, 3, 3, 3, 3, 1, 1, 1, 1, 3, 6, 6, 7, 7, 4, 5, 5, 3, 3, 3, 1, 1, 1]","11","11","11","0.0019998550415039062","0.0010001659393310547"
"439","88","104","30","True","False","87","104","30","True","False","87","104","30","True","False","0.0","0.0","13","13","13","44","44","44","[1, 1, 3, 5, 5, 10, 10, 10, 10, 10, 10, 10, 11, 11, 3, 3, 3, 3, 4, 4, 3, 3, 3, 21, 21, 25, 25, 25, 1, 1]","[1, 1, 3, 5, 5, 10, 10, 10, 10, 10, 10, 10, 10, 10, 3, 3, 3, 3, 4, 4, 3, 3, 3, 20, 20, 24, 24, 24, 1, 1]","[1, 1, 3, 5, 5, 10, 10, 10, 10, 10, 10, 10, 10, 10, 3, 3, 3, 3, 4, 4, 3, 3, 3, 20, 20, 24, 24, 24, 1, 1]","13","13","13","0.2536168098449707","0.024675369262695312"
"440","94","110","30","True","False","77","81","30","True","True","85","93","30","True","True","0.05151817807070447","0.10045353224267384","17","5","9","46","33","37","[1, 1, 1, 6, 6, 6, 1, 1, 1, 2, 2, 3, 3, 3, 3, 4, 20, 22, 22, 4, 3, 3, 5, 11, 11, 14, 14, 14, 14, 2]","[1, 1, 1, 1, 1, 1, 2, 2, 1, 1, 1, 1, 1, 1, 1, 1, 2, 2, 2, 2, 2, 3, 3, 4, 4, 4, 4, 8, 8, 8]","[1, 1, 1, 2, 2, 2, 1, 1, 1, 2, 2, 1, 1, 1, 1, 2, 8, 8, 8, 2, 1, 1, 1, 3, 3, 4, 4, 4, 4, 1]","17","5","9","1.062323808670044","0.16758298873901367"
"441","94","110","30","True","False","82","90","30","True","True","83","89","30","True","True","0.06320451095405277","0.0691056570385612","17","9","7","46","37","35","[1, 1, 2, 2, 2, 2, 2, 2, 2, 4, 4, 6, 8, 10, 10, 16, 53, 12, 12, 12, 23, 35, 35, 35, 23, 23, 23, 23, 2, 2]","[1, 1, 2, 2, 2, 2, 2, 2, 2, 2, 2, 2, 2, 4, 4, 6, 6, 8, 8, 8, 10, 14, 14, 14, 14, 14, 22, 22, 22, 34]","[1, 1, 2, 2, 2, 2, 2, 2, 2, 2, 2, 4, 4, 6, 6, 10, 6, 8, 8, 8, 4, 4, 4, 4, 4, 4, 4, 4, 2, 2]","17","9","7","3.084068536758423","0.3887615203857422"
"442","81","92","30","True","True","81","92","30","True","True","81","92","30","True","True","0.0","0.0","11","11","11","40","40","40","[1, 1, 1, 1, 1, 1, 1, 1, 2, 3, 4, 4, 1, 1, 2, 2, 2, 3, 3, 2, 3, 4, 9, 9, 9, 5, 5, 3, 1, 1]","[1, 1, 1, 1, 1, 1, 1, 1, 2, 3, 4, 4, 1, 1, 2, 2, 2, 3, 3, 2, 3, 4, 9, 9, 9, 5, 5, 3, 1, 1]","[1, 1, 1, 1, 1, 1, 1, 1, 2, 3, 4, 4, 1, 1, 2, 2, 2, 3, 3, 2, 3, 4, 9, 9, 9, 5, 5, 3, 1, 1]","11","11","11","0.0009992122650146484","0.0019996166229248047"
"443","86","102","30","True","True","86","102","30","True","True","86","102","30","True","True","0.0","0.0","11","11","11","44","44","44","[1, 1, 1, 1, 1, 1, 1, 1, 1, 1, 2, 3, 3, 3, 2, 2, 1, 4, 6, 6, 2, 2, 3, 3, 2, 1, 2, 2, 2, 1]","[1, 1, 1, 1, 1, 1, 1, 1, 1, 1, 2, 3, 3, 3, 2, 2, 1, 4, 6, 6, 2, 2, 3, 3, 2, 1, 2, 2, 2, 1]","[1, 1, 1, 1, 1, 1, 1, 1, 1, 1, 2, 3, 3, 3, 2, 2, 1, 4, 6, 6, 2, 2, 3, 3, 2, 1, 2, 2, 2, 1]","11","11","11","0.0009999275207519531","0.0021162033081054688"
"444","81","92","30","True","True","81","92","30","True","True","81","92","30","True","True","0.0","0.0","11","11","11","40","40","40","[1, 1, 1, 1, 1, 1, 1, 2, 4, 4, 5, 5, 4, 8, 13, 13, 13, 13, 13, 13, 17, 17, 26, 26, 12, 3, 1, 2, 2, 2]","[1, 1, 1, 1, 1, 1, 1, 2, 4, 4, 5, 5, 4, 8, 13, 13, 13, 13, 13, 13, 17, 17, 26, 26, 12, 3, 1, 2, 2, 2]","[1, 1, 1, 1, 1, 1, 1, 2, 4, 4, 5, 5, 4, 8, 13, 13, 13, 13, 13, 13, 17, 17, 26, 26, 12, 3, 1, 2, 2, 2]","11","11","11","0.0019865036010742188","0.0010030269622802734"
"445","81","92","30","True","True","81","92","30","True","True","81","92","30","True","True","0.0","0.0","11","11","11","40","40","40","[1, 1, 2, 2, 4, 6, 6, 4, 2, 4, 4, 4, 4, 4, 4, 4, 4, 4, 4, 8, 10, 10, 8, 8, 1, 1, 7, 7, 7, 7]","[1, 1, 2, 2, 4, 6, 6, 4, 2, 4, 4, 4, 4, 4, 4, 4, 4, 4, 4, 8, 10, 10, 8, 8, 1, 1, 7, 7, 7, 7]","[1, 1, 2, 2, 4, 6, 6, 4, 2, 4, 4, 4, 4, 4, 4, 4, 4, 4, 4, 8, 10, 10, 8, 8, 1, 1, 7, 7, 7, 7]","11","11","11","0.002002716064453125","0.0010025501251220703"
"446","81","92","30","True","True","81","92","30","True","True","81","92","30","True","True","0.0","0.0","11","11","11","40","40","40","[1, 1, 1, 1, 1, 1, 1, 1, 1, 1, 1, 1, 1, 2, 2, 6, 6, 2, 1, 3, 3, 3, 3, 4, 4, 4, 4, 3, 1, 1]","[1, 1, 1, 1, 1, 1, 1, 1, 1, 1, 1, 1, 1, 2, 2, 6, 6, 2, 1, 3, 3, 3, 3, 4, 4, 4, 4, 3, 1, 1]","[1, 1, 1, 1, 1, 1, 1, 1, 1, 1, 1, 1, 1, 2, 2, 6, 6, 2, 1, 3, 3, 3, 3, 4, 4, 4, 4, 3, 1, 1]","11","11","11","0.0010020732879638672","0.0009982585906982422"
"447","94","110","30","True","False","82","89","30","True","True","86","96","30","True","True","0.04092425486148177","0.06587473135865662","17","7","10","46","37","39","[1, 1, 1, 1, 2, 2, 2, 3, 5, 5, 2, 2, 4, 4, 6, 6, 11, 11, 11, 11, 11, 19, 19, 11, 8, 26, 2, 2, 28, 28]","[0, 0, 0, 0, 0, 0, 1, 1, 1, 1, 1, 1, 1, 1, 2, 2, 3, 3, 3, 4, 4, 4, 4, 4, 4, 7, 7, 9, 9, 10]","[1, 1, 1, 1, 2, 2, 1, 1, 1, 1, 1, 1, 2, 2, 3, 3, 4, 4, 4, 4, 4, 7, 7, 4, 3, 10, 1, 1, 9, 9]","17","7","10","3.564065933227539","0.6701030731201172"
"448","81","91","30","True","True","81","91","30","True","True","81","91","30","True","True","0.0","0.0","11","11","11","39","39","39","[1, 1, 1, 1, 1, 1, 1, 1, 1, 1, 2, 2, 2, 2, 2, 2, 2, 2, 2, 2, 2, 2, 9, 9, 8, 8, 8, 10, 10, 10]","[1, 1, 1, 1, 1, 1, 1, 1, 1, 1, 2, 2, 2, 2, 2, 2, 2, 2, 2, 2, 2, 2, 9, 9, 8, 8, 8, 10, 10, 10]","[1, 1, 1, 1, 1, 1, 1, 1, 1, 1, 2, 2, 2, 2, 2, 2, 2, 2, 2, 2, 2, 2, 9, 9, 8, 8, 8, 10, 10, 10]","11","11","11","0.0069942474365234375","0.004003286361694336"
"449","94","110","30","True","False","84","94","30","True","True","88","100","30","True","True","0.028621224877856455","0.052181575764651655","17","10","12","46","39","41","[61, 1, 1, 1, 1, 1, 1, 1, 2, 4, 4, 4, 4, 4, 9, 35, 35, 35, 14, 14, 15, 45, 45, 45, 8, 8, 3, 2, 1, 1]","[1, 1, 1, 1, 1, 1, 1, 1, 1, 2, 2, 2, 2, 2, 2, 2, 2, 4, 4, 5, 8, 8, 8, 20, 20, 20, 25, 25, 25, 34]","[34, 1, 1, 1, 1, 1, 1, 1, 2, 2, 2, 2, 2, 2, 5, 20, 20, 20, 8, 8, 8, 25, 25, 25, 4, 4, 2, 2, 1, 1]","17","10","12","10.690721273422241","0.7697396278381348"
"450","94","110","30","True","False","79","85","31","True","True","85","94","31","True","True","0.04814698631445058","0.08446806691107833","17","6","9","46","36","39","[1, 1, 2, 2, 2, 4, 4, 8, 9, 9, 9, 13, 13, 13, 42, 21, 13, 13, 12, 8, 34, 34, 20, 8, 2, 2, 2, 26, 1, 1]","[1, 1, 1, 1, 1, 2, 2, 1, 1, 1, 1, 1, 2, 4, 4, 4, 4, 4, 4, 4, 4, 4, 4, 4, 4, 8, 8, 8, 12, 12, 16]","[1, 1, 1, 1, 1, 2, 2, 4, 4, 4, 4, 4, 4, 4, 16, 8, 4, 4, 4, 4, 12, 12, 8, 4, 1, 1, 1, 8, 1, 1, 2]","17","6","9","0.96767258644104","0.15399169921875"
"451","81","92","30","True","True","81","92","30","True","True","81","92","30","True","True","0.0","0.0","11","11","11","40","40","40","[1, 1, 1, 2, 2, 2, 3, 3, 2, 2, 2, 2, 4, 4, 4, 4, 6, 12, 16, 16, 6, 6, 6, 7, 7, 2, 1, 1, 1, 1]","[1, 1, 1, 2, 2, 2, 3, 3, 2, 2, 2, 2, 4, 4, 4, 4, 6, 12, 16, 16, 6, 6, 6, 7, 7, 2, 1, 1, 1, 1]","[1, 1, 1, 2, 2, 2, 3, 3, 2, 2, 2, 2, 4, 4, 4, 4, 6, 12, 16, 16, 6, 6, 6, 7, 7, 2, 1, 1, 1, 1]","11","11","11","0.003997325897216797","0.001996278762817383"
"452","81","92","30","True","True","81","92","30","True","True","81","92","30","True","True","0.0","0.0","11","11","11","40","40","40","[1, 2, 2, 2, 4, 4, 4, 8, 9, 9, 9, 8, 8, 8, 8, 8, 12, 12, 12, 12, 12, 4, 4, 3, 3, 3, 2, 1, 1, 1]","[1, 2, 2, 2, 4, 4, 4, 8, 9, 9, 9, 8, 8, 8, 8, 8, 12, 12, 12, 12, 12, 4, 4, 3, 3, 3, 2, 1, 1, 1]","[1, 2, 2, 2, 4, 4, 4, 8, 9, 9, 9, 8, 8, 8, 8, 8, 12, 12, 12, 12, 12, 4, 4, 3, 3, 3, 2, 1, 1, 1]","11","11","11","0.002005338668823242","0.0029942989349365234"
"453","81","92","30","True","True","81","92","30","True","True","81","92","30","True","True","0.0","0.0","11","11","11","40","40","40","[1, 1, 1, 1, 2, 3, 3, 1, 1, 2, 2, 2, 2, 2, 2, 2, 2, 2, 2, 7, 7, 7, 5, 5, 5, 5, 3, 3, 3, 3]","[1, 1, 1, 1, 2, 3, 3, 1, 1, 2, 2, 2, 2, 2, 2, 2, 2, 2, 2, 7, 7, 7, 5, 5, 5, 5, 3, 3, 3, 3]","[1, 1, 1, 1, 2, 3, 3, 1, 1, 2, 2, 2, 2, 2, 2, 2, 2, 2, 2, 7, 7, 7, 5, 5, 5, 5, 3, 3, 3, 3]","11","11","11","0.0030100345611572266","0.006993293762207031"
"454","81","91","30","True","True","81","91","30","True","True","81","91","30","True","True","0.0","0.0","11","11","11","39","39","39","[1, 1, 1, 3, 4, 8, 8, 8, 8, 9, 9, 9, 4, 12, 12, 4, 4, 10, 10, 10, 10, 10, 10, 10, 1, 1, 1, 5, 5, 5]","[1, 1, 1, 3, 4, 8, 8, 8, 8, 9, 9, 9, 4, 12, 12, 4, 4, 10, 10, 10, 10, 10, 10, 10, 1, 1, 1, 5, 5, 5]","[1, 1, 1, 3, 4, 8, 8, 8, 8, 9, 9, 9, 4, 12, 12, 4, 4, 10, 10, 10, 10, 10, 10, 10, 1, 1, 1, 5, 5, 5]","11","11","11","0.009994029998779297","0.009997844696044922"
"455","94","110","30","True","False","75","81","30","True","True","89","102","30","True","False","0.022819891413435545","0.10746338641773856","17","6","13","46","35","42","[1, 1, 1, 1, 1, 2, 2, 2, 2, 3, 4, 4, 7, 5, 1, 3, 9, 10, 11, 12, 12, 12, 3, 1, 1, 1, 1, 1, 1, 1]","[1, 1, 1, 1, 1, 1, 1, 1, 1, 1, 1, 1, 1, 1, 1, 2, 2, 2, 3, 3, 3, 3, 5, 6, 8, 9, 9, 9, 9, 9]","[1, 1, 1, 1, 1, 1, 1, 2, 2, 2, 3, 3, 6, 5, 1, 3, 8, 9, 9, 9, 9, 9, 3, 1, 1, 1, 1, 1, 1, 1]","17","6","13","29.268908500671387","0.2603874206542969"
"456","88","104","30","True","False","87","103","30","True","False","87","103","30","True","False","0.005074541257336529","0.005074541257336529","13","13","13","44","43","43","[1, 1, 1, 1, 3, 3, 1, 1, 1, 3, 3, 3, 3, 3, 4, 4, 4, 4, 15, 15, 14, 14, 7, 15, 3, 8, 8, 8, 8, 8]","[1, 1, 1, 1, 3, 3, 1, 1, 1, 3, 3, 3, 3, 3, 4, 4, 4, 4, 15, 15, 14, 14, 7, 15, 3, 8, 8, 8, 8, 8]","[1, 1, 1, 1, 3, 3, 1, 1, 1, 3, 3, 3, 3, 3, 4, 4, 4, 4, 15, 15, 14, 14, 7, 15, 3, 8, 8, 8, 8, 8]","13","13","13","0.21895647048950195","0.039937734603881836"
"457","94","110","30","True","False","74","78","31","True","True","85","95","30","True","True","0.04663611436721382","0.1151737993316333","17","4","10","46","34","39","[1, 1, 1, 2, 2, 2, 2, 2, 2, 2, 2, 2, 2, 5, 5, 2, 8, 1, 1, 4, 4, 4, 3, 5, 5, 16, 15, 15, 15, 15]","[1, 1, 1, 1, 1, 1, 2, 2, 2, 2, 2, 2, 2, 2, 2, 2, 2, 2, 2, 2, 2, 4, 4, 4, 4, 4, 12, 12, 12, 12, 12]","[1, 1, 1, 2, 2, 2, 2, 2, 2, 2, 2, 2, 2, 4, 4, 2, 4, 1, 1, 2, 2, 2, 2, 4, 4, 12, 12, 12, 12, 12]","17","4","10","1.1805624961853027","0.29497194290161133"
"458","88","104","30","True","False","87","104","30","True","False","87","104","30","True","False","0.0","0.0","13","13","13","44","44","44","[1, 1, 1, 1, 1, 1, 3, 3, 3, 2, 14, 5, 5, 5, 3, 3, 3, 3, 5, 5, 5, 5, 5, 5, 11, 11, 15, 15, 3, 3]","[1, 1, 1, 1, 1, 1, 3, 3, 3, 1, 9, 4, 4, 4, 2, 2, 2, 2, 3, 3, 3, 3, 4, 4, 9, 9, 12, 12, 2, 2]","[1, 1, 1, 1, 1, 1, 3, 3, 3, 1, 9, 4, 4, 4, 2, 2, 2, 2, 3, 3, 3, 3, 4, 4, 9, 9, 12, 12, 2, 2]","13","13","13","0.22717666625976562","0.03686189651489258"
"459","94","110","30","True","False","85","95","30","True","True","87","98","30","True","True","0.0331234942789701","0.0448865524994424","17","10","11","46","39","40","[1, 1, 1, 20, 1, 2, 4, 5, 6, 6, 6, 2, 2, 2, 2, 2, 3, 3, 3, 3, 12, 22, 9, 9, 3, 6, 6, 6, 1, 1]","[1, 1, 1, 1, 2, 4, 4, 2, 2, 2, 2, 2, 3, 3, 3, 3, 3, 6, 6, 6, 1, 1, 1, 1, 1, 1, 1, 1, 2, 3]","[1, 1, 1, 2, 1, 2, 4, 4, 1, 1, 1, 2, 2, 2, 2, 2, 3, 3, 3, 3, 1, 3, 1, 1, 3, 6, 6, 6, 1, 1]","17","10","11","0.36589527130126953","0.058493852615356445"
"460","81","92","30","True","True","81","92","30","True","True","81","92","30","True","True","0.0","0.0","11","11","11","40","40","40","[1, 1, 1, 1, 2, 2, 1, 1, 1, 1, 1, 2, 2, 3, 3, 3, 3, 4, 4, 4, 4, 4, 4, 4, 14, 20, 20, 4, 4, 4]","[1, 1, 1, 1, 2, 2, 1, 1, 1, 1, 1, 2, 2, 3, 3, 3, 3, 4, 4, 4, 4, 4, 4, 4, 14, 20, 20, 4, 4, 4]","[1, 1, 1, 1, 2, 2, 1, 1, 1, 1, 1, 2, 2, 3, 3, 3, 3, 4, 4, 4, 4, 4, 4, 4, 14, 20, 20, 4, 4, 4]","11","11","11","0.0019927024841308594","0.0009999275207519531"
"461","81","91","30","True","True","81","91","30","True","True","81","91","30","True","True","0.0","0.0","11","11","11","39","39","39","[1, 1, 1, 1, 1, 1, 1, 1, 1, 1, 1, 2, 4, 4, 8, 8, 7, 7, 11, 11, 18, 18, 18, 11, 11, 3, 3, 2, 2, 1]","[1, 1, 1, 1, 1, 1, 1, 1, 1, 1, 1, 2, 4, 4, 8, 8, 7, 7, 11, 11, 18, 18, 18, 11, 11, 3, 3, 2, 2, 1]","[1, 1, 1, 1, 1, 1, 1, 1, 1, 1, 1, 2, 4, 4, 8, 8, 7, 7, 11, 11, 18, 18, 18, 11, 11, 3, 3, 2, 2, 1]","11","11","11","0.0009970664978027344","0.001999378204345703"
"462","81","92","30","True","True","81","92","30","True","True","81","92","30","True","True","0.0","0.0","11","11","11","40","40","40","[1, 1, 1, 1, 1, 2, 2, 4, 4, 4, 4, 4, 5, 5, 6, 8, 8, 6, 6, 4, 5, 5, 5, 10, 10, 14, 14, 1, 1, 1]","[1, 1, 1, 1, 1, 2, 2, 4, 4, 4, 4, 4, 5, 5, 6, 8, 8, 6, 6, 4, 5, 5, 5, 10, 10, 14, 14, 1, 1, 1]","[1, 1, 1, 1, 1, 2, 2, 4, 4, 4, 4, 4, 5, 5, 6, 8, 8, 6, 6, 4, 5, 5, 5, 10, 10, 14, 14, 1, 1, 1]","11","11","11","0.0019996166229248047","0.0009996891021728516"
"463","94","110","30","True","False","77","80","30","True","True","81","86","30","True","True","0.0703429446960262","0.09498879507564151","17","3","5","46","32","34","[1, 1, 2, 2, 1, 5, 1, 1, 12, 1, 1, 1, 2, 2, 5, 7, 7, 2, 1, 1, 3, 3, 3, 1, 8, 8, 8, 8, 1, 1]","[1, 1, 1, 1, 1, 1, 1, 1, 1, 1, 1, 1, 1, 1, 1, 1, 1, 1, 1, 1, 1, 1, 1, 1, 1, 2, 2, 2, 3, 3]","[1, 1, 1, 1, 1, 2, 1, 1, 2, 1, 1, 1, 1, 1, 2, 3, 3, 1, 1, 1, 1, 1, 1, 1, 1, 1, 1, 1, 1, 1]","17","3","5","0.608928918838501","0.07928586006164551"
"464","81","92","30","True","True","81","92","30","True","True","81","92","30","True","True","0.0","0.0","11","11","11","40","40","40","[1, 1, 1, 1, 1, 1, 1, 2, 4, 4, 2, 2, 3, 3, 6, 7, 12, 12, 12, 5, 5, 5, 5, 5, 5, 5, 5, 5, 2, 2]","[1, 1, 1, 1, 1, 1, 1, 2, 4, 4, 2, 2, 3, 3, 6, 7, 12, 12, 12, 5, 5, 5, 5, 5, 5, 5, 5, 5, 2, 2]","[1, 1, 1, 1, 1, 1, 1, 2, 4, 4, 2, 2, 3, 3, 6, 7, 12, 12, 12, 5, 5, 5, 5, 5, 5, 5, 5, 5, 2, 2]","11","11","11","0.001001119613647461","0.001999378204345703"
"465","81","92","30","True","True","81","92","30","True","True","81","92","30","True","True","0.0","0.0","11","11","11","40","40","40","[1, 1, 1, 1, 1, 1, 2, 4, 8, 8, 9, 9, 9, 9, 9, 9, 8, 8, 4, 1, 15, 15, 23, 23, 6, 2, 2, 1, 1, 1]","[1, 1, 1, 1, 1, 1, 2, 4, 8, 8, 9, 9, 9, 9, 9, 9, 8, 8, 4, 1, 15, 15, 23, 23, 6, 2, 2, 1, 1, 1]","[1, 1, 1, 1, 1, 1, 2, 4, 8, 8, 9, 9, 9, 9, 9, 9, 8, 8, 4, 1, 15, 15, 23, 23, 6, 2, 2, 1, 1, 1]","11","11","11","0.0010030269622802734","0.0020017623901367188"
"466","81","91","30","True","True","81","91","30","True","True","81","91","30","True","True","0.0","0.0","11","11","11","39","39","39","[1, 1, 1, 1, 1, 1, 1, 1, 1, 1, 1, 1, 2, 2, 5, 5, 2, 3, 4, 4, 4, 2, 7, 7, 6, 6, 6, 5, 5, 1]","[1, 1, 1, 1, 1, 1, 1, 1, 1, 1, 1, 1, 2, 2, 5, 5, 2, 3, 4, 4, 4, 2, 7, 7, 6, 6, 6, 5, 5, 1]","[1, 1, 1, 1, 1, 1, 1, 1, 1, 1, 1, 1, 2, 2, 5, 5, 2, 3, 4, 4, 4, 2, 7, 7, 6, 6, 6, 5, 5, 1]","11","11","11","0.0009999275207519531","0.0010023117065429688"
"467","81","92","30","True","True","81","92","30","True","True","81","92","30","True","True","0.0","0.0","11","11","11","40","40","40","[1, 1, 1, 2, 2, 4, 4, 4, 4, 2, 2, 2, 2, 4, 4, 6, 6, 2, 2, 4, 4, 4, 1, 1, 3, 3, 5, 11, 11, 11]","[1, 1, 1, 2, 2, 4, 4, 4, 4, 2, 2, 2, 2, 4, 4, 6, 6, 2, 2, 4, 4, 4, 1, 1, 3, 3, 5, 11, 11, 11]","[1, 1, 1, 2, 2, 4, 4, 4, 4, 2, 2, 2, 2, 4, 4, 6, 6, 2, 2, 4, 4, 4, 1, 1, 3, 3, 5, 11, 11, 11]","11","11","11","0.0010025501251220703","0.0019965171813964844"
"468","81","92","30","True","True","81","92","30","True","True","81","92","30","True","True","0.0","0.0","11","11","11","40","40","40","[2, 2, 2, 2, 1, 2, 3, 4, 4, 4, 4, 7, 7, 7, 7, 8, 9, 9, 7, 7, 7, 3, 3, 6, 6, 1, 1, 1, 1, 1]","[2, 2, 2, 2, 1, 2, 3, 4, 4, 4, 4, 7, 7, 7, 7, 8, 9, 9, 7, 7, 7, 3, 3, 6, 6, 1, 1, 1, 1, 1]","[2, 2, 2, 2, 1, 2, 3, 4, 4, 4, 4, 7, 7, 7, 7, 8, 9, 9, 7, 7, 7, 3, 3, 6, 6, 1, 1, 1, 1, 1]","11","11","11","0.0009918212890625","0.0021152496337890625"
"469","81","92","30","True","True","81","92","30","True","True","81","92","30","True","True","0.0","0.0","11","11","11","40","40","40","[1, 1, 1, 2, 2, 2, 2, 2, 2, 2, 2, 1, 2, 4, 4, 4, 4, 4, 1, 3, 3, 3, 5, 6, 8, 8, 8, 4, 4, 4]","[1, 1, 1, 2, 2, 2, 2, 2, 2, 2, 2, 1, 2, 4, 4, 4, 4, 4, 1, 3, 3, 3, 5, 6, 8, 8, 8, 4, 4, 4]","[1, 1, 1, 2, 2, 2, 2, 2, 2, 2, 2, 1, 2, 4, 4, 4, 4, 4, 1, 3, 3, 3, 5, 6, 8, 8, 8, 4, 4, 4]","11","11","11","0.0010004043579101562","0.002000093460083008"
"470","81","91","30","True","True","81","91","30","True","True","81","91","30","True","True","0.0","0.0","11","11","11","39","39","39","[1, 1, 1, 1, 2, 2, 1, 1, 2, 2, 1, 1, 1, 4, 4, 4, 4, 1, 1, 1, 2, 2, 3, 6, 6, 6, 6, 6, 6, 3]","[1, 1, 1, 1, 2, 2, 1, 1, 2, 2, 1, 1, 1, 4, 4, 4, 4, 1, 1, 1, 2, 2, 3, 6, 6, 6, 6, 6, 6, 3]","[1, 1, 1, 1, 2, 2, 1, 1, 2, 2, 1, 1, 1, 4, 4, 4, 4, 1, 1, 1, 2, 2, 3, 6, 6, 6, 6, 6, 6, 3]","11","11","11","0.002000093460083008","0.0009989738464355469"
"471","81","92","30","True","True","81","92","30","True","True","81","92","30","True","True","0.0","0.0","11","11","11","40","40","40","[1, 1, 1, 1, 2, 2, 2, 2, 2, 1, 1, 1, 1, 2, 2, 3, 3, 4, 4, 7, 7, 5, 8, 8, 5, 4, 4, 1, 1, 1]","[1, 1, 1, 1, 2, 2, 2, 2, 2, 1, 1, 1, 1, 2, 2, 3, 3, 4, 4, 7, 7, 5, 8, 8, 5, 4, 4, 1, 1, 1]","[1, 1, 1, 1, 2, 2, 2, 2, 2, 1, 1, 1, 1, 2, 2, 3, 3, 4, 4, 7, 7, 5, 8, 8, 5, 4, 4, 1, 1, 1]","11","11","11","0.0020003318786621094","0.0010013580322265625"
"472","81","92","30","True","True","81","92","30","True","True","81","92","30","True","True","0.0","0.0","11","11","11","40","40","40","[1, 1, 1, 1, 1, 1, 1, 2, 2, 1, 2, 3, 3, 2, 2, 2, 3, 3, 5, 5, 6, 6, 3, 2, 2, 5, 5, 5, 5, 1]","[1, 1, 1, 1, 1, 1, 1, 2, 2, 1, 2, 3, 3, 2, 2, 2, 3, 3, 5, 5, 6, 6, 3, 2, 2, 5, 5, 5, 5, 1]","[1, 1, 1, 1, 1, 1, 1, 2, 2, 1, 2, 3, 3, 2, 2, 2, 3, 3, 5, 5, 6, 6, 3, 2, 2, 5, 5, 5, 5, 1]","11","11","11","0.0020003318786621094","0.0010004043579101562"
"473","81","92","30","True","True","81","92","30","True","True","81","92","30","True","True","0.0","0.0","11","11","11","40","40","40","[1, 1, 1, 1, 1, 1, 1, 1, 2, 3, 3, 3, 3, 3, 8, 9, 9, 15, 15, 17, 17, 17, 17, 17, 17, 3, 3, 3, 3, 1]","[1, 1, 1, 1, 1, 1, 1, 1, 2, 3, 3, 3, 3, 3, 8, 9, 9, 15, 15, 17, 17, 17, 17, 17, 17, 3, 3, 3, 3, 1]","[1, 1, 1, 1, 1, 1, 1, 1, 2, 3, 3, 3, 3, 3, 8, 9, 9, 15, 15, 17, 17, 17, 17, 17, 17, 3, 3, 3, 3, 1]","11","11","11","0.002000093460083008","0.0009996891021728516"
"474","81","92","30","True","True","81","92","30","True","True","81","92","30","True","True","0.0","0.0","11","11","11","40","40","40","[1, 1, 1, 1, 2, 2, 2, 2, 2, 2, 2, 2, 1, 1, 1, 1, 1, 1, 1, 1, 2, 4, 5, 9, 11, 22, 24, 24, 24, 22]","[1, 1, 1, 1, 2, 2, 2, 2, 2, 2, 2, 2, 1, 1, 1, 1, 1, 1, 1, 1, 2, 4, 5, 9, 11, 22, 24, 24, 24, 22]","[1, 1, 1, 1, 2, 2, 2, 2, 2, 2, 2, 2, 1, 1, 1, 1, 1, 1, 1, 1, 2, 4, 5, 9, 11, 22, 24, 24, 24, 22]","11","11","11","0.002000093460083008","0.0009999275207519531"
"475","81","91","30","True","True","81","91","30","True","True","81","91","30","True","True","0.0","0.0","11","11","11","39","39","39","[1, 1, 1, 1, 1, 1, 2, 3, 3, 3, 8, 8, 6, 12, 12, 13, 13, 13, 13, 6, 5, 3, 2, 1, 1, 1, 5, 5, 1, 1]","[1, 1, 1, 1, 1, 1, 2, 3, 3, 3, 8, 8, 6, 12, 12, 13, 13, 13, 13, 6, 5, 3, 2, 1, 1, 1, 5, 5, 1, 1]","[1, 1, 1, 1, 1, 1, 2, 3, 3, 3, 8, 8, 6, 12, 12, 13, 13, 13, 13, 6, 5, 3, 2, 1, 1, 1, 5, 5, 1, 1]","11","11","11","0.002000093460083008","0.0009996891021728516"
"476","81","92","30","True","True","81","92","30","True","True","81","92","30","True","True","0.0","0.0","11","11","11","40","40","40","[1, 1, 1, 2, 4, 6, 6, 8, 8, 8, 16, 16, 16, 16, 8, 8, 16, 24, 24, 32, 32, 16, 16, 16, 16, 8, 8, 8, 8, 2]","[1, 1, 1, 2, 4, 6, 6, 8, 8, 8, 16, 16, 16, 16, 8, 8, 16, 24, 24, 32, 32, 16, 16, 16, 16, 8, 8, 8, 8, 2]","[1, 1, 1, 2, 4, 6, 6, 8, 8, 8, 16, 16, 16, 16, 8, 8, 16, 24, 24, 32, 32, 16, 16, 16, 16, 8, 8, 8, 8, 2]","11","11","11","0.0019953250885009766","0.0010006427764892578"
"477","88","104","30","True","False","87","104","30","True","False","87","104","30","True","False","0.0","0.0","13","13","13","44","44","44","[1, 1, 2, 2, 2, 2, 2, 2, 2, 2, 4, 4, 43, 45, 46, 46, 46, 43, 4, 4, 2, 19, 19, 13, 13, 13, 12, 12, 1, 1]","[1, 1, 1, 1, 1, 1, 1, 1, 1, 1, 2, 2, 23, 24, 24, 24, 24, 23, 2, 2, 1, 10, 10, 7, 7, 7, 6, 6, 1, 1]","[1, 1, 1, 1, 1, 1, 1, 1, 1, 1, 2, 2, 23, 24, 24, 24, 24, 23, 2, 2, 1, 10, 10, 7, 7, 7, 6, 6, 1, 1]","13","13","13","0.2875180244445801","0.017299413681030273"
"478","81","92","30","True","True","81","92","30","True","True","81","92","30","True","True","0.0","0.0","11","11","11","40","40","40","[1, 1, 2, 4, 5, 5, 6, 6, 6, 6, 6, 12, 12, 42, 42, 30, 17, 17, 17, 17, 12, 6, 6, 6, 4, 4, 9, 9, 9, 1]","[1, 1, 2, 4, 5, 5, 6, 6, 6, 6, 6, 12, 12, 42, 42, 30, 17, 17, 17, 17, 12, 6, 6, 6, 4, 4, 9, 9, 9, 1]","[1, 1, 2, 4, 5, 5, 6, 6, 6, 6, 6, 12, 12, 42, 42, 30, 17, 17, 17, 17, 12, 6, 6, 6, 4, 4, 9, 9, 9, 1]","11","11","11","0.0009996891021728516","0.002000093460083008"
"479","94","110","30","True","False","78","85","31","True","True","81","87","31","True","True","0.07220303933217909","0.0902441055993799","17","7","6","46","37","36","[1, 1, 1, 2, 2, 2, 1, 2, 2, 3, 13, 3, 2, 1, 1, 3, 3, 3, 2, 8, 8, 8, 8, 11, 11, 10, 11, 11, 2, 2]","[1, 0, 1, 1, 1, 1, 1, 1, 1, 1, 2, 2, 2, 2, 2, 2, 3, 3, 3, 3, 3, 6, 6, 6, 6, 7, 8, 8, 9, 9, 10]","[1, 1, 1, 1, 1, 1, 1, 1, 1, 1, 5, 1, 1, 1, 1, 1, 1, 1, 1, 3, 3, 3, 3, 4, 4, 3, 3, 3, 1, 1, 0]","17","7","6","3.1794698238372803","0.44855189323425293"
"480","81","92","30","True","True","81","92","30","True","True","81","92","30","True","True","0.0","0.0","11","11","11","40","40","40","[1, 1, 1, 1, 1, 2, 2, 2, 2, 2, 3, 7, 7, 7, 14, 14, 21, 21, 10, 17, 17, 17, 17, 7, 3, 3, 3, 3, 3, 1]","[1, 1, 1, 1, 1, 2, 2, 2, 2, 2, 3, 7, 7, 7, 14, 14, 21, 21, 10, 17, 17, 17, 17, 7, 3, 3, 3, 3, 3, 1]","[1, 1, 1, 1, 1, 2, 2, 2, 2, 2, 3, 7, 7, 7, 14, 14, 21, 21, 10, 17, 17, 17, 17, 7, 3, 3, 3, 3, 3, 1]","11","11","11","0.003991603851318359","0.003996610641479492"
"481","81","91","30","True","True","81","91","30","True","True","81","91","30","True","True","0.0","0.0","11","11","11","39","39","39","[1, 1, 1, 1, 1, 1, 1, 1, 2, 2, 2, 1, 1, 1, 1, 2, 2, 2, 4, 4, 7, 7, 8, 16, 16, 8, 8, 8, 8, 8]","[1, 1, 1, 1, 1, 1, 1, 1, 2, 2, 2, 1, 1, 1, 1, 2, 2, 2, 4, 4, 7, 7, 8, 16, 16, 8, 8, 8, 8, 8]","[1, 1, 1, 1, 1, 1, 1, 1, 2, 2, 2, 1, 1, 1, 1, 2, 2, 2, 4, 4, 7, 7, 8, 16, 16, 8, 8, 8, 8, 8]","11","11","11","0.004000663757324219","0.0029985904693603516"
"482","94","110","30","True","False","77","86","30","True","True","93","110","30","True","False","0.0","0.09494079627422569","17","9","17","46","38","46","[1, 1, 1, 1, 3, 4, 4, 4, 1, 4, 6, 7, 7, 7, 15, 15, 4, 3, 3, 14, 3, 1, 1, 7, 7, 7, 7, 7, 32, 1]","[]","[1, 1, 1, 1, 2, 3, 3, 3, 1, 4, 6, 7, 7, 7, 14, 14, 4, 3, 3, 13, 3, 1, 1, 7, 7, 7, 7, 7, 29, 1]","17","9","17","73.96678233146667","0.7762970924377441"
"483","81","92","30","True","True","81","92","30","True","True","81","92","30","True","True","0.0","0.0","11","11","11","40","40","40","[1, 1, 1, 1, 1, 1, 1, 1, 1, 1, 2, 2, 2, 1, 1, 1, 1, 1, 2, 2, 3, 4, 8, 8, 6, 9, 9, 9, 1, 1]","[1, 1, 1, 1, 1, 1, 1, 1, 1, 1, 2, 2, 2, 1, 1, 1, 1, 1, 2, 2, 3, 4, 8, 8, 6, 9, 9, 9, 1, 1]","[1, 1, 1, 1, 1, 1, 1, 1, 1, 1, 2, 2, 2, 1, 1, 1, 1, 1, 2, 2, 3, 4, 8, 8, 6, 9, 9, 9, 1, 1]","11","11","11","0.001998424530029297","0.00099945068359375"
"484","94","110","30","True","False","79","84","30","True","True","83","90","30","True","True","0.058313854758233474","0.08263647516239203","17","4","6","46","35","37","[6, 6, 1, 7, 1, 1, 1, 2, 2, 2, 3, 3, 4, 4, 4, 4, 3, 4, 5, 5, 6, 7, 16, 16, 13, 2, 1, 1, 1, 1]","[1, 1, 1, 1, 1, 1, 1, 1, 1, 1, 2, 2, 2, 2, 2, 2, 2, 2, 2, 2, 2, 2, 2, 2, 3, 3, 3, 6, 8, 8]","[2, 2, 1, 3, 1, 1, 1, 1, 1, 2, 2, 2, 2, 2, 2, 2, 2, 2, 2, 2, 3, 3, 8, 8, 6, 2, 1, 1, 1, 1]","17","4","6","0.9988706111907959","0.3237724304199219"
"485","86","102","30","True","True","86","102","30","True","True","86","102","30","True","True","0.0","0.0","11","11","11","44","44","44","[1, 1, 1, 1, 2, 2, 2, 3, 5, 5, 5, 5, 8, 8, 5, 5, 5, 2, 2, 3, 3, 3, 1, 3, 15, 17, 17, 17, 15, 13]","[1, 1, 1, 1, 2, 2, 2, 3, 5, 5, 5, 5, 8, 8, 5, 5, 5, 2, 2, 3, 3, 3, 1, 3, 15, 17, 17, 17, 15, 13]","[1, 1, 1, 1, 2, 2, 2, 3, 5, 5, 5, 5, 8, 8, 5, 5, 5, 2, 2, 3, 3, 3, 1, 3, 15, 17, 17, 17, 15, 13]","11","11","11","0.001998424530029297","0.0020008087158203125"
"486","86","102","30","True","True","86","102","30","True","True","86","102","30","True","True","0.0","0.0","11","11","11","44","44","44","[1, 1, 1, 1, 1, 2, 3, 3, 3, 3, 3, 3, 4, 4, 4, 4, 4, 4, 10, 13, 13, 10, 10, 25, 25, 25, 3, 3, 3, 3]","[1, 1, 1, 1, 1, 2, 3, 3, 3, 3, 3, 3, 4, 4, 4, 4, 4, 4, 10, 13, 13, 10, 10, 25, 25, 25, 3, 3, 3, 3]","[1, 1, 1, 1, 1, 2, 3, 3, 3, 3, 3, 3, 4, 4, 4, 4, 4, 4, 10, 13, 13, 10, 10, 25, 25, 25, 3, 3, 3, 3]","11","11","11","0.0019898414611816406","0.0019986629486083984"
"487","94","110","30","True","False","74","77","31","True","True","86","96","30","True","True","0.04027807720467591","0.11582958190519232","17","4","10","46","33","39","[1, 1, 1, 1, 1, 1, 1, 1, 1, 1, 1, 1, 1, 2, 3, 3, 1, 2, 2, 1, 2, 9, 4, 5, 5, 3, 19, 19, 5, 5]","[0, 0, 0, 0, 0, 0, 0, 1, 1, 1, 1, 1, 1, 1, 1, 1, 1, 1, 1, 2, 2, 2, 2, 2, 2, 2, 3, 3, 4, 7, 7]","[1, 1, 1, 1, 1, 1, 1, 1, 1, 1, 1, 1, 1, 1, 2, 2, 1, 2, 2, 1, 1, 4, 2, 3, 3, 1, 7, 7, 2, 2]","17","4","10","1.2449655532836914","0.29584264755249023"
"488","81","92","30","True","True","81","92","30","True","True","81","92","30","True","True","0.0","0.0","11","11","11","40","40","40","[1, 1, 1, 1, 1, 1, 1, 2, 3, 3, 3, 1, 1, 1, 1, 1, 1, 3, 6, 13, 15, 15, 15, 15, 6, 2, 1, 1, 1, 1]","[1, 1, 1, 1, 1, 1, 1, 2, 3, 3, 3, 1, 1, 1, 1, 1, 1, 3, 6, 13, 15, 15, 15, 15, 6, 2, 1, 1, 1, 1]","[1, 1, 1, 1, 1, 1, 1, 2, 3, 3, 3, 1, 1, 1, 1, 1, 1, 3, 6, 13, 15, 15, 15, 15, 6, 2, 1, 1, 1, 1]","11","11","11","0.002000570297241211","0.003098726272583008"
"489","81","91","30","True","True","81","91","30","True","True","81","91","30","True","True","0.0","0.0","11","11","11","39","39","39","[1, 1, 1, 1, 1, 1, 2, 2, 1, 1, 1, 1, 4, 4, 5, 5, 5, 8, 8, 7, 7, 3, 3, 2, 5, 6, 6, 5, 1, 1]","[1, 1, 1, 1, 1, 1, 2, 2, 1, 1, 1, 1, 4, 4, 5, 5, 5, 8, 8, 7, 7, 3, 3, 2, 5, 6, 6, 5, 1, 1]","[1, 1, 1, 1, 1, 1, 2, 2, 1, 1, 1, 1, 4, 4, 5, 5, 5, 8, 8, 7, 7, 3, 3, 2, 5, 6, 6, 5, 1, 1]","11","11","11","0.003000974655151367","0.0019996166229248047"
"490","94","110","30","True","False","79","86","30","True","True","87","98","30","True","False","0.03509969389714074","0.08315831146170172","17","7","11","46","36","40","[1, 2, 2, 2, 2, 24, 2, 2, 2, 2, 6, 8, 24, 6, 12, 12, 6, 8, 8, 8, 2, 2, 2, 4, 10, 10, 14, 14, 14, 2]","[1, 1, 1, 1, 1, 1, 1, 1, 1, 1, 1, 1, 1, 1, 2, 3, 3, 3, 3, 3, 3, 3, 3, 6, 6, 6, 6, 6, 10, 11]","[1, 1, 1, 1, 1, 10, 1, 1, 1, 1, 3, 3, 11, 3, 6, 6, 2, 3, 3, 3, 1, 1, 1, 1, 3, 3, 6, 6, 6, 1]","17","7","11","25.439603328704834","0.23948884010314941"
"491","81","92","30","True","True","81","92","30","True","True","81","92","30","True","True","0.0","0.0","11","11","11","40","40","40","[1, 1, 1, 1, 1, 1, 1, 1, 1, 3, 3, 12, 12, 6, 3, 7, 7, 5, 6, 6, 6, 7, 7, 7, 6, 6, 6, 6, 1, 1]","[1, 1, 1, 1, 1, 1, 1, 1, 1, 3, 3, 12, 12, 6, 3, 7, 7, 5, 6, 6, 6, 7, 7, 7, 6, 6, 6, 6, 1, 1]","[1, 1, 1, 1, 1, 1, 1, 1, 1, 3, 3, 12, 12, 6, 3, 7, 7, 5, 6, 6, 6, 7, 7, 7, 6, 6, 6, 6, 1, 1]","11","11","11","0.0010001659393310547","0.0019996166229248047"
"492","94","110","30","True","False","83","90","30","True","True","85","93","30","True","True","0.05081320343868412","0.06279826342060979","17","8","9","46","36","37","[1, 1, 1, 3, 3, 42, 42, 4, 4, 4, 54, 8, 8, 8, 10, 10, 10, 10, 24, 24, 36, 36, 36, 20, 10, 20, 20, 20, 2, 1]","[1, 1, 1, 3, 3, 4, 4, 4, 8, 8, 8, 10, 10, 2, 1, 10, 10, 10, 10, 10, 10, 20, 20, 20, 20, 20, 20, 30, 30, 30]","[1, 1, 1, 3, 3, 30, 30, 4, 4, 4, 30, 8, 8, 8, 10, 10, 10, 10, 20, 20, 20, 20, 20, 20, 10, 10, 10, 10, 2, 1]","17","8","9","0.41386890411376953","0.11387920379638672"
"493","86","101","30","True","True","86","101","30","True","True","86","101","30","True","True","0.0","0.0","11","11","11","43","43","43","[1, 1, 1, 1, 1, 1, 1, 1, 2, 2, 4, 4, 6, 7, 7, 13, 14, 15, 15, 15, 4, 7, 7, 4, 1, 1, 1, 8, 8, 8]","[1, 1, 1, 1, 1, 1, 1, 1, 2, 2, 4, 4, 6, 7, 7, 13, 14, 15, 15, 15, 4, 7, 7, 4, 1, 1, 1, 8, 8, 8]","[1, 1, 1, 1, 1, 1, 1, 1, 2, 2, 4, 4, 6, 7, 7, 13, 14, 15, 15, 15, 4, 7, 7, 4, 1, 1, 1, 8, 8, 8]","11","11","11","0.001999378204345703","0.0010006427764892578"
"494","81","91","30","True","True","81","91","30","True","True","81","91","30","True","True","0.0","0.0","11","11","11","39","39","39","[1, 1, 1, 2, 2, 2, 2, 2, 5, 5, 6, 6, 5, 5, 2, 7, 7, 2, 8, 8, 1, 2, 2, 8, 8, 8, 8, 3, 3, 1]","[1, 1, 1, 2, 2, 2, 2, 2, 5, 5, 6, 6, 5, 5, 2, 7, 7, 2, 8, 8, 1, 2, 2, 8, 8, 8, 8, 3, 3, 1]","[1, 1, 1, 2, 2, 2, 2, 2, 5, 5, 6, 6, 5, 5, 2, 7, 7, 2, 8, 8, 1, 2, 2, 8, 8, 8, 8, 3, 3, 1]","11","11","11","0.0020062923431396484","0.0011849403381347656"
"495","81","92","30","True","True","81","92","30","True","True","81","92","30","True","True","0.0","0.0","11","11","11","40","40","40","[1, 1, 1, 1, 1, 2, 4, 4, 4, 4, 4, 4, 4, 4, 4, 4, 1, 2, 6, 6, 6, 6, 6, 6, 6, 1, 7, 9, 9, 9]","[1, 1, 1, 1, 1, 2, 4, 4, 4, 4, 4, 4, 4, 4, 4, 4, 1, 2, 6, 6, 6, 6, 6, 6, 6, 1, 7, 9, 9, 9]","[1, 1, 1, 1, 1, 2, 4, 4, 4, 4, 4, 4, 4, 4, 4, 4, 1, 2, 6, 6, 6, 6, 6, 6, 6, 1, 7, 9, 9, 9]","11","11","11","0.0009915828704833984","0.0010001659393310547"
"496","94","110","30","True","False","75","78","30","True","True","85","93","30","True","True","0.05146655800368194","0.11305395204057611","17","4","9","46","32","37","[1, 1, 1, 1, 2, 2, 1, 1, 2, 2, 1, 1, 1, 1, 1, 1, 1, 2, 2, 6, 6, 2, 1, 11, 5, 7, 7, 11, 5, 3]","[1, 1, 1, 1, 2, 2, 2, 1, 1, 1, 1, 1, 1, 1, 1, 1, 1, 1, 1, 1, 2, 2, 2, 2, 2, 2, 2, 2, 4, 5]","[1, 1, 1, 1, 1, 1, 1, 1, 2, 2, 1, 1, 1, 1, 1, 1, 1, 2, 2, 2, 2, 2, 1, 5, 2, 2, 2, 4, 2, 1]","17","4","9","3.0947890281677246","0.23671770095825195"
"497","81","92","30","True","True","81","92","30","True","True","81","92","30","True","True","0.0","0.0","11","11","11","40","40","40","[1, 1, 1, 1, 1, 1, 1, 1, 1, 1, 1, 4, 4, 4, 6, 10, 10, 10, 10, 10, 6, 7, 14, 14, 7, 6, 1, 1, 1, 1]","[1, 1, 1, 1, 1, 1, 1, 1, 1, 1, 1, 4, 4, 4, 6, 10, 10, 10, 10, 10, 6, 7, 14, 14, 7, 6, 1, 1, 1, 1]","[1, 1, 1, 1, 1, 1, 1, 1, 1, 1, 1, 4, 4, 4, 6, 10, 10, 10, 10, 10, 6, 7, 14, 14, 7, 6, 1, 1, 1, 1]","11","11","11","0.0019991397857666016","0.0019996166229248047"
"498","88","104","30","True","False","87","104","30","True","False","87","104","30","True","False","0.0","0.0","13","13","13","44","44","44","[1, 1, 1, 1, 2, 4, 4, 4, 4, 4, 4, 1, 1, 1, 3, 3, 3, 3, 6, 19, 19, 18, 6, 15, 15, 15, 9, 3, 3, 3]","[1, 1, 1, 1, 2, 4, 4, 4, 4, 3, 3, 1, 1, 1, 3, 3, 3, 3, 6, 18, 18, 17, 6, 15, 15, 15, 9, 3, 3, 3]","[1, 1, 1, 1, 2, 4, 4, 4, 4, 3, 3, 1, 1, 1, 3, 3, 3, 3, 6, 18, 18, 17, 6, 15, 15, 15, 9, 3, 3, 3]","13","13","13","0.2389233112335205","0.035819053649902344"
"499","81","92","30","True","True","81","92","30","True","True","81","92","30","True","True","0.0","0.0","11","11","11","40","40","40","[1, 1, 1, 1, 1, 2, 2, 2, 2, 4, 4, 4, 5, 5, 5, 11, 15, 15, 11, 11, 11, 5, 5, 4, 4, 8, 8, 2, 1, 1]","[1, 1, 1, 1, 1, 2, 2, 2, 2, 4, 4, 4, 5, 5, 5, 11, 15, 15, 11, 11, 11, 5, 5, 4, 4, 8, 8, 2, 1, 1]","[1, 1, 1, 1, 1, 2, 2, 2, 2, 4, 4, 4, 5, 5, 5, 11, 15, 15, 11, 11, 11, 5, 5, 4, 4, 8, 8, 2, 1, 1]","11","11","11","0.003000497817993164","0.003000497817993164"
"500","100","117","35","True","True","100","117","35","True","True","100","117","35","True","True","0.0","0.0","13","13","13","50","50","50","[1, 1, 1, 2, 2, 2, 2, 1, 1, 1, 2, 3, 3, 3, 3, 5, 7, 7, 4, 4, 3, 5, 14, 18, 32, 32, 16, 1, 1, 1, 1, 1, 1, 1, 1]","[1, 1, 1, 2, 2, 2, 2, 1, 1, 1, 2, 3, 3, 3, 3, 5, 7, 7, 4, 4, 3, 5, 14, 18, 32, 32, 16, 1, 1, 1, 1, 1, 1, 1, 1]","[1, 1, 1, 2, 2, 2, 2, 1, 1, 1, 2, 3, 3, 3, 3, 5, 7, 7, 4, 4, 3, 5, 14, 18, 32, 32, 16, 1, 1, 1, 1, 1, 1, 1, 1]","13","13","13","0.0020003318786621094","0.0020008087158203125"
"501","95","107","35","True","True","95","107","35","True","True","95","107","35","True","True","0.0","0.0","13","13","13","46","46","46","[2, 2, 2, 2, 2, 4, 4, 4, 2, 2, 5, 5, 8, 13, 13, 13, 13, 2, 1, 1, 1, 1, 1, 1, 1, 1, 3, 8, 28, 30, 30, 28, 28, 3, 3]","[2, 2, 2, 2, 2, 4, 4, 4, 2, 2, 5, 5, 8, 13, 13, 13, 13, 2, 1, 1, 1, 1, 1, 1, 1, 1, 3, 8, 28, 30, 30, 28, 28, 3, 3]","[2, 2, 2, 2, 2, 4, 4, 4, 2, 2, 5, 5, 8, 13, 13, 13, 13, 2, 1, 1, 1, 1, 1, 1, 1, 1, 3, 8, 28, 30, 30, 28, 28, 3, 3]","13","13","13","0.0020017623901367188","0.0019991397857666016"
"502","102","120","35","True","False","101","120","35","True","False","101","120","35","True","False","0.0","0.0","15","15","15","51","51","51","[1, 1, 1, 1, 1, 3, 4, 4, 5, 5, 7, 7, 7, 4, 8, 8, 4, 4, 3, 15, 19, 19, 26, 26, 26, 27, 27, 27, 14, 11, 2, 2, 1, 1, 1]","[1, 1, 1, 1, 1, 3, 4, 4, 4, 4, 7, 7, 7, 4, 8, 8, 4, 4, 3, 15, 19, 19, 26, 26, 26, 27, 27, 27, 14, 10, 2, 2, 1, 1, 1]","[1, 1, 1, 1, 1, 3, 4, 4, 4, 4, 7, 7, 7, 4, 8, 8, 4, 4, 3, 15, 19, 19, 26, 26, 26, 27, 27, 27, 14, 10, 2, 2, 1, 1, 1]","15","15","15","0.21059417724609375","0.01839756965637207"
"503","95","108","35","True","True","95","108","35","True","True","95","108","35","True","True","0.0","0.0","13","13","13","47","47","47","[1, 1, 2, 2, 2, 2, 4, 4, 4, 4, 4, 4, 8, 8, 4, 4, 4, 2, 2, 2, 6, 6, 6, 6, 6, 6, 12, 30, 30, 4, 4, 6, 12, 12, 12]","[1, 1, 2, 2, 2, 2, 4, 4, 4, 4, 4, 4, 8, 8, 4, 4, 4, 2, 2, 2, 6, 6, 6, 6, 6, 6, 12, 30, 30, 4, 4, 6, 12, 12, 12]","[1, 1, 2, 2, 2, 2, 4, 4, 4, 4, 4, 4, 8, 8, 4, 4, 4, 2, 2, 2, 6, 6, 6, 6, 6, 6, 12, 30, 30, 4, 4, 6, 12, 12, 12]","13","13","13","0.0019998550415039062","0.0019996166229248047"
"504","95","108","35","True","True","95","108","35","True","True","95","108","35","True","True","0.0","0.0","13","13","13","47","47","47","[1, 1, 1, 2, 2, 2, 3, 3, 3, 5, 5, 3, 3, 2, 2, 2, 2, 2, 2, 2, 2, 2, 4, 4, 4, 2, 4, 11, 11, 17, 17, 21, 21, 21, 21]","[1, 1, 1, 2, 2, 2, 3, 3, 3, 5, 5, 3, 3, 2, 2, 2, 2, 2, 2, 2, 2, 2, 4, 4, 4, 2, 4, 11, 11, 17, 17, 21, 21, 21, 21]","[1, 1, 1, 2, 2, 2, 3, 3, 3, 5, 5, 3, 3, 2, 2, 2, 2, 2, 2, 2, 2, 2, 4, 4, 4, 2, 4, 11, 11, 17, 17, 21, 21, 21, 21]","13","13","13","0.0009968280792236328","0.0019991397857666016"
"505","108","126","35","True","False","94","104","35","True","True","102","116","35","True","True","0.025604619589205346","0.06689639501855316","19","9","13","53","45","49","[1, 1, 2, 2, 2, 1, 1, 1, 1, 2, 2, 2, 2, 3, 4, 4, 4, 3, 2, 2, 2, 4, 8, 8, 8, 8, 14, 14, 33, 33, 4, 20, 20, 20, 4]","[1, 1, 1, 1, 1, 1, 1, 1, 1, 2, 2, 2, 2, 2, 2, 2, 2, 2, 2, 2, 2, 2, 2, 4, 6, 6, 6, 6, 8, 8, 12, 12, 12, 20, 20]","[1, 1, 1, 1, 1, 1, 1, 1, 1, 2, 2, 2, 2, 2, 2, 2, 2, 2, 2, 2, 2, 4, 6, 6, 6, 6, 8, 8, 20, 20, 2, 12, 12, 12, 2]","19","9","13","1.2935247421264648","0.317920446395874"
"506","108","126","35","True","False","96","106","35","True","True","102","115","35","True","True","0.02976312968314243","0.06069889294228081","19","10","13","53","45","48","[1, 1, 1, 1, 1, 1, 1, 1, 2, 2, 3, 4, 4, 2, 1, 2, 24, 24, 4, 4, 5, 5, 31, 8, 8, 13, 13, 5, 1, 12, 21, 21, 21, 12, 12]","[1, 1, 1, 1, 1, 1, 1, 1, 2, 2, 3, 4, 4, 2, 1, 2, 4, 4, 1, 5, 5, 5, 5, 5, 5, 5, 5, 10, 10, 10, 10, 10, 15, 15, 25]","[1, 1, 1, 1, 1, 1, 1, 1, 2, 2, 3, 4, 4, 2, 1, 2, 15, 15, 4, 4, 5, 5, 25, 5, 5, 10, 10, 5, 1, 5, 10, 10, 10, 5, 5]","19","10","13","0.8451662063598633","0.16479182243347168"
"507","108","126","35","True","False","87","94","36","True","True","103","118","36","True","True","0.02057359608472853","0.10459615747231132","19","7","15","53","42","50","[1, 1, 1, 1, 1, 1, 1, 1, 1, 17, 1, 2, 3, 3, 2, 2, 1, 1, 1, 1, 1, 2, 2, 2, 5, 5, 6, 6, 11, 11, 12, 6, 6, 1, 1]","[1, 1, 1, 1, 1, 1, 1, 1, 1, 1, 1, 1, 1, 1, 1, 1, 1, 1, 1, 1, 1, 2, 2, 2, 2, 2, 4, 4, 5, 5, 5, 5, 8, 8, 9, 14]","[1, 1, 1, 1, 1, 1, 1, 1, 1, 14, 1, 1, 2, 2, 1, 1, 1, 1, 1, 1, 1, 2, 2, 2, 5, 5, 5, 5, 8, 8, 9, 4, 4, 1, 1, 1]","19","7","15","2.049449920654297","0.5777475833892822"
"508","108","126","35","True","False","92","98","36","True","True","98","107","36","True","True","0.05172564765966148","0.08340236062703377","19","7","10","53","41","44","[1, 2, 2, 2, 2, 1, 1, 1, 1, 2, 2, 2, 2, 4, 8, 8, 4, 4, 13, 4, 4, 7, 7, 10, 27, 31, 31, 11, 11, 2, 2, 2, 2, 2, 1]","[1, 2, 2, 2, 2, 1, 1, 1, 1, 2, 2, 2, 2, 2, 2, 2, 2, 2, 1, 1, 4, 4, 4, 4, 4, 4, 4, 4, 4, 8, 8, 8, 12, 20, 24, 24]","[1, 2, 2, 2, 2, 1, 1, 1, 1, 2, 2, 2, 2, 4, 4, 4, 4, 4, 12, 4, 4, 4, 4, 8, 20, 24, 24, 8, 8, 2, 2, 2, 2, 2, 1, 1]","19","7","10","0.8237450122833252","0.1533818244934082"
"509","102","120","35","True","False","101","119","35","True","False","101","119","35","True","False","0.003826957749403004","0.003826957749403004","15","15","15","51","50","50","[1, 1, 1, 1, 1, 1, 1, 1, 2, 2, 1, 1, 38, 38, 3, 4, 4, 4, 4, 4, 4, 10, 10, 10, 11, 25, 25, 26, 28, 28, 28, 28, 10, 2, 1]","[1, 1, 1, 1, 1, 1, 1, 1, 2, 2, 1, 1, 38, 38, 3, 4, 4, 4, 4, 4, 4, 10, 10, 10, 11, 25, 25, 26, 28, 28, 28, 28, 10, 2, 1]","[1, 1, 1, 1, 1, 1, 1, 1, 2, 2, 1, 1, 38, 38, 3, 4, 4, 4, 4, 4, 4, 10, 10, 10, 11, 25, 25, 26, 28, 28, 28, 28, 10, 2, 1]","15","15","15","0.27800798416137695","0.022528648376464844"
"510","95","108","35","True","True","95","108","35","True","True","95","108","35","True","True","0.0","0.0","13","13","13","47","47","47","[1, 1, 1, 2, 2, 2, 4, 4, 4, 4, 4, 4, 4, 6, 12, 12, 6, 4, 4, 4, 4, 9, 9, 8, 4, 4, 12, 21, 21, 22, 22, 22, 22, 22, 1]","[1, 1, 1, 2, 2, 2, 4, 4, 4, 4, 4, 4, 4, 6, 12, 12, 6, 4, 4, 4, 4, 9, 9, 8, 4, 4, 12, 21, 21, 22, 22, 22, 22, 22, 1]","[1, 1, 1, 2, 2, 2, 4, 4, 4, 4, 4, 4, 4, 6, 12, 12, 6, 4, 4, 4, 4, 9, 9, 8, 4, 4, 12, 21, 21, 22, 22, 22, 22, 22, 1]","13","13","13","0.005999326705932617","0.005998373031616211"
"511","108","126","35","True","False","89","95","35","True","True","99","110","35","True","False","0.039755437078845324","0.09246785404098079","19","6","11","53","40","45","[1, 1, 1, 1, 1, 1, 2, 2, 2, 2, 5, 5, 5, 5, 5, 2, 10, 10, 11, 11, 11, 18, 19, 19, 19, 19, 20, 20, 12, 1, 2, 2, 1, 1, 1]","[1, 1, 1, 1, 1, 1, 1, 1, 1, 1, 1, 1, 1, 1, 1, 1, 1, 3, 3, 3, 3, 3, 5, 5, 5, 5, 5, 6, 9, 9, 9, 9, 9, 10, 10]","[1, 1, 1, 1, 1, 1, 1, 1, 1, 1, 3, 3, 3, 3, 3, 1, 5, 5, 5, 5, 5, 9, 9, 9, 9, 9, 10, 10, 6, 1, 1, 1, 1, 1, 1]","19","6","11","33.68632650375366","0.5557887554168701"
"512","102","120","35","True","False","101","120","35","True","False","101","120","35","True","False","0.0","0.0","15","15","15","51","51","51","[1, 1, 1, 1, 1, 1, 1, 2, 2, 2, 2, 1, 2, 2, 3, 3, 2, 2, 20, 20, 7, 7, 10, 16, 23, 23, 10, 12, 12, 10, 10, 10, 10, 10, 1]","[1, 1, 1, 1, 1, 1, 1, 1, 1, 1, 1, 1, 2, 2, 2, 2, 2, 2, 16, 16, 6, 6, 8, 13, 19, 19, 8, 9, 9, 8, 8, 8, 8, 8, 1]","[1, 1, 1, 1, 1, 1, 1, 1, 1, 1, 1, 1, 2, 2, 2, 2, 2, 2, 16, 16, 6, 6, 8, 13, 19, 19, 8, 9, 9, 8, 8, 8, 8, 8, 1]","15","15","15","0.25357818603515625","0.019481897354125977"
"513","95","107","35","True","True","95","107","35","True","True","95","107","35","True","True","0.0","0.0","13","13","13","46","46","46","[1, 1, 1, 1, 2, 2, 2, 2, 2, 2, 4, 4, 8, 8, 8, 8, 8, 8, 8, 11, 23, 23, 11, 2, 10, 10, 13, 13, 12, 12, 12, 4, 4, 4, 2]","[1, 1, 1, 1, 2, 2, 2, 2, 2, 2, 4, 4, 8, 8, 8, 8, 8, 8, 8, 11, 23, 23, 11, 2, 10, 10, 13, 13, 12, 12, 12, 4, 4, 4, 2]","[1, 1, 1, 1, 2, 2, 2, 2, 2, 2, 4, 4, 8, 8, 8, 8, 8, 8, 8, 11, 23, 23, 11, 2, 10, 10, 13, 13, 12, 12, 12, 4, 4, 4, 2]","13","13","13","0.000997304916381836","0.0019991397857666016"
"514","95","108","35","True","True","95","108","35","True","True","95","108","35","True","True","0.0","0.0","13","13","13","47","47","47","[1, 1, 1, 1, 1, 2, 6, 6, 6, 11, 12, 12, 6, 6, 5, 3, 3, 3, 8, 8, 6, 6, 2, 2, 1, 1, 1, 1, 2, 2, 2, 1, 1, 1, 1]","[1, 1, 1, 1, 1, 2, 6, 6, 6, 11, 12, 12, 6, 6, 5, 3, 3, 3, 8, 8, 6, 6, 2, 2, 1, 1, 1, 1, 2, 2, 2, 1, 1, 1, 1]","[1, 1, 1, 1, 1, 2, 6, 6, 6, 11, 12, 12, 6, 6, 5, 3, 3, 3, 8, 8, 6, 6, 2, 2, 1, 1, 1, 1, 2, 2, 2, 1, 1, 1, 1]","13","13","13","0.000997781753540039","0.002000570297241211"
"515","95","108","35","True","True","95","108","35","True","True","95","108","35","True","True","0.0","0.0","13","13","13","47","47","47","[1, 1, 2, 3, 3, 2, 2, 2, 2, 3, 4, 4, 4, 4, 4, 4, 6, 6, 4, 4, 6, 6, 10, 10, 9, 12, 12, 12, 9, 6, 2, 1, 1, 1, 1]","[1, 1, 2, 3, 3, 2, 2, 2, 2, 3, 4, 4, 4, 4, 4, 4, 6, 6, 4, 4, 6, 6, 10, 10, 9, 12, 12, 12, 9, 6, 2, 1, 1, 1, 1]","[1, 1, 2, 3, 3, 2, 2, 2, 2, 3, 4, 4, 4, 4, 4, 4, 6, 6, 4, 4, 6, 6, 10, 10, 9, 12, 12, 12, 9, 6, 2, 1, 1, 1, 1]","13","13","13","0.004001140594482422","0.00299835205078125"
"516","95","108","35","True","True","95","108","35","True","True","95","108","35","True","True","0.0","0.0","13","13","13","47","47","47","[1, 1, 1, 1, 2, 2, 2, 2, 2, 2, 2, 2, 2, 1, 1, 1, 1, 1, 2, 3, 3, 3, 2, 7, 7, 3, 3, 4, 4, 6, 7, 7, 4, 4, 2]","[1, 1, 1, 1, 2, 2, 2, 2, 2, 2, 2, 2, 2, 1, 1, 1, 1, 1, 2, 3, 3, 3, 2, 7, 7, 3, 3, 4, 4, 6, 7, 7, 4, 4, 2]","[1, 1, 1, 1, 2, 2, 2, 2, 2, 2, 2, 2, 2, 1, 1, 1, 1, 1, 2, 3, 3, 3, 2, 7, 7, 3, 3, 4, 4, 6, 7, 7, 4, 4, 2]","13","13","13","0.003002166748046875","0.0040094852447509766"
"517","108","126","35","True","False","87","92","35","True","True","99","110","35","True","True","0.03971102879235966","0.10333457821869796","19","5","11","53","39","45","[9, 1, 1, 1, 2, 2, 2, 2, 2, 2, 2, 2, 3, 6, 6, 8, 8, 8, 8, 8, 10, 10, 8, 8, 18, 18, 39, 39, 6, 6, 1, 30, 30, 30, 1]","[1, 1, 1, 2, 2, 2, 1, 1, 2, 2, 2, 2, 2, 2, 2, 2, 2, 2, 2, 2, 4, 4, 4, 4, 4, 4, 4, 4, 6, 6, 12, 12, 12, 16, 16]","[4, 1, 1, 1, 2, 2, 2, 2, 2, 2, 2, 2, 2, 2, 2, 2, 2, 4, 4, 4, 4, 4, 4, 4, 6, 6, 16, 16, 2, 2, 1, 12, 12, 12, 1]","19","5","11","3.7605631351470947","0.22174739837646484"
"518","95","108","35","True","True","95","108","35","True","True","95","108","35","True","True","0.0","0.0","13","13","13","47","47","47","[1, 1, 1, 1, 1, 1, 1, 2, 2, 2, 1, 2, 2, 4, 4, 2, 2, 2, 2, 4, 6, 6, 2, 2, 2, 2, 5, 7, 7, 4, 4, 5, 5, 5, 4]","[1, 1, 1, 1, 1, 1, 1, 2, 2, 2, 1, 2, 2, 4, 4, 2, 2, 2, 2, 4, 6, 6, 2, 2, 2, 2, 5, 7, 7, 4, 4, 5, 5, 5, 4]","[1, 1, 1, 1, 1, 1, 1, 2, 2, 2, 1, 2, 2, 4, 4, 2, 2, 2, 2, 4, 6, 6, 2, 2, 2, 2, 5, 7, 7, 4, 4, 5, 5, 5, 4]","13","13","13","0.001005411148071289","0.001995086669921875"
"519","108","126","35","True","False","101","116","35","True","True","105","122","35","True","False","0.009516609014242672","0.029600423562344158","19","15","17","53","49","51","[1, 2, 36, 2, 2, 2, 2, 2, 2, 4, 50, 6, 6, 15, 30, 31, 33, 35, 41, 41, 33, 31, 31, 31, 32, 32, 72, 72, 72, 15, 15, 14, 14, 6, 1]","[1, 1, 1, 1, 1, 1, 1, 1, 1, 2, 3, 3, 3, 7, 7, 8, 8, 8, 16, 17, 17, 17, 17, 17, 17, 18, 18, 19, 20, 22, 22, 27, 39, 39, 39]","[1, 1, 20, 1, 1, 1, 1, 1, 1, 2, 27, 3, 3, 8, 16, 17, 18, 19, 22, 22, 18, 17, 17, 17, 17, 17, 39, 39, 39, 8, 8, 7, 7, 3, 1]","19","15","17","460.8927721977234","2.8260157108306885"
"520","108","126","35","True","False","94","102","35","True","True","98","108","35","True","True","0.045416572305755465","0.06627225029978334","19","8","10","53","42","44","[1, 1, 2, 2, 2, 1, 1, 1, 1, 1, 1, 2, 5, 7, 7, 9, 10, 40, 40, 9, 9, 9, 9, 7, 5, 14, 23, 39, 5, 18, 20, 20, 18, 18, 1]","[1, 1, 2, 2, 2, 1, 1, 1, 1, 1, 1, 2, 4, 4, 1, 4, 4, 4, 4, 4, 4, 4, 4, 4, 4, 4, 4, 4, 4, 4, 4, 8, 12, 12, 16]","[1, 1, 2, 2, 2, 1, 1, 1, 1, 1, 1, 2, 4, 4, 4, 4, 4, 12, 12, 4, 4, 4, 4, 4, 4, 4, 8, 16, 4, 4, 4, 4, 4, 4, 1]","19","8","10","0.8876473903656006","0.0957951545715332"
"521","95","108","35","True","True","95","108","35","True","True","95","108","35","True","True","0.0","0.0","13","13","13","47","47","47","[1, 1, 1, 1, 1, 2, 4, 5, 5, 5, 5, 2, 1, 1, 2, 2, 2, 4, 9, 9, 9, 9, 9, 18, 19, 19, 2, 2, 10, 12, 12, 12, 12, 10, 1]","[1, 1, 1, 1, 1, 2, 4, 5, 5, 5, 5, 2, 1, 1, 2, 2, 2, 4, 9, 9, 9, 9, 9, 18, 19, 19, 2, 2, 10, 12, 12, 12, 12, 10, 1]","[1, 1, 1, 1, 1, 2, 4, 5, 5, 5, 5, 2, 1, 1, 2, 2, 2, 4, 9, 9, 9, 9, 9, 18, 19, 19, 2, 2, 10, 12, 12, 12, 12, 10, 1]","13","13","13","0.0010025501251220703","0.0019974708557128906"
"522","95","107","35","True","True","95","107","35","True","True","95","107","35","True","True","0.0","0.0","13","13","13","46","46","46","[1, 1, 1, 1, 1, 1, 1, 1, 2, 2, 2, 2, 2, 5, 5, 7, 7, 6, 8, 8, 3, 5, 5, 6, 6, 3, 9, 9, 10, 10, 9, 9, 1, 1, 1]","[1, 1, 1, 1, 1, 1, 1, 1, 2, 2, 2, 2, 2, 5, 5, 7, 7, 6, 8, 8, 3, 5, 5, 6, 6, 3, 9, 9, 10, 10, 9, 9, 1, 1, 1]","[1, 1, 1, 1, 1, 1, 1, 1, 2, 2, 2, 2, 2, 5, 5, 7, 7, 6, 8, 8, 3, 5, 5, 6, 6, 3, 9, 9, 10, 10, 9, 9, 1, 1, 1]","13","13","13","0.004099369049072266","0.0041043758392333984"
"523","108","126","35","True","False","88","94","35","True","True","100","112","35","True","True","0.03537380028088499","0.09869113197541768","19","6","12","53","40","46","[1, 8, 1, 2, 2, 4, 4, 8, 18, 18, 18, 6, 6, 2, 3, 4, 4, 2, 2, 4, 4, 2, 2, 3, 3, 3, 3, 4, 12, 12, 4, 1, 1, 1, 1]","[1, 1, 1, 1, 1, 1, 2, 2, 2, 2, 2, 2, 2, 2, 2, 2, 2, 2, 2, 2, 2, 2, 4, 4, 4, 4, 6, 6, 6, 8, 10, 10, 18, 18, 18]","[1, 6, 1, 2, 2, 4, 4, 8, 18, 18, 18, 6, 6, 2, 2, 2, 2, 2, 2, 4, 4, 2, 2, 2, 2, 2, 2, 2, 10, 10, 2, 1, 1, 1, 1]","19","6","12","1.7329082489013672","0.24621081352233887"
"524","95","108","35","True","True","95","108","35","True","True","95","108","35","True","True","0.0","0.0","13","13","13","47","47","47","[1, 1, 1, 1, 2, 2, 2, 2, 5, 5, 5, 5, 3, 2, 4, 6, 6, 6, 2, 2, 2, 4, 4, 2, 3, 3, 2, 10, 10, 10, 9, 3, 3, 3, 1]","[1, 1, 1, 1, 2, 2, 2, 2, 5, 5, 5, 5, 3, 2, 4, 6, 6, 6, 2, 2, 2, 4, 4, 2, 3, 3, 2, 10, 10, 10, 9, 3, 3, 3, 1]","[1, 1, 1, 1, 2, 2, 2, 2, 5, 5, 5, 5, 3, 2, 4, 6, 6, 6, 2, 2, 2, 4, 4, 2, 3, 3, 2, 10, 10, 10, 9, 3, 3, 3, 1]","13","13","13","0.00099945068359375","0.002000093460083008"
"525","102","120","35","True","False","101","119","35","True","False","101","119","35","True","False","0.003826957749403004","0.003826957749403004","15","15","15","51","50","50","[1, 1, 1, 1, 1, 1, 1, 1, 2, 4, 10, 10, 10, 10, 10, 10, 63, 63, 15, 16, 16, 32, 32, 17, 26, 26, 26, 17, 15, 31, 31, 5, 2, 2, 2]","[1, 1, 1, 1, 1, 1, 1, 1, 2, 4, 10, 10, 10, 10, 10, 10, 63, 63, 15, 16, 16, 32, 32, 17, 26, 26, 26, 17, 15, 31, 31, 5, 2, 2, 2]","[1, 1, 1, 1, 1, 1, 1, 1, 2, 4, 10, 10, 10, 10, 10, 10, 63, 63, 15, 16, 16, 32, 32, 17, 26, 26, 26, 17, 15, 31, 31, 5, 2, 2, 2]","15","15","15","0.34833741188049316","0.040817975997924805"
"526","95","108","35","True","True","95","108","35","True","True","95","108","35","True","True","0.0","0.0","13","13","13","47","47","47","[1, 1, 2, 2, 5, 5, 8, 10, 13, 13, 15, 15, 8, 8, 8, 10, 10, 10, 10, 10, 12, 12, 10, 10, 2, 2, 2, 2, 12, 12, 12, 12, 1, 1, 1]","[1, 1, 2, 2, 5, 5, 8, 10, 13, 13, 15, 15, 8, 8, 8, 10, 10, 10, 10, 10, 12, 12, 10, 10, 2, 2, 2, 2, 12, 12, 12, 12, 1, 1, 1]","[1, 1, 2, 2, 5, 5, 8, 10, 13, 13, 15, 15, 8, 8, 8, 10, 10, 10, 10, 10, 12, 12, 10, 10, 2, 2, 2, 2, 12, 12, 12, 12, 1, 1, 1]","13","13","13","0.0020003318786621094","0.0010006427764892578"
"527","95","108","35","True","True","95","108","35","True","True","95","108","35","True","True","0.0","0.0","13","13","13","47","47","47","[1, 1, 1, 1, 3, 3, 3, 3, 3, 3, 3, 7, 10, 17, 20, 20, 17, 10, 10, 7, 24, 24, 7, 7, 8, 8, 7, 2, 1, 8, 13, 13, 13, 13, 10]","[1, 1, 1, 1, 3, 3, 3, 3, 3, 3, 3, 7, 10, 17, 20, 20, 17, 10, 10, 7, 24, 24, 7, 7, 8, 8, 7, 2, 1, 8, 13, 13, 13, 13, 10]","[1, 1, 1, 1, 3, 3, 3, 3, 3, 3, 3, 7, 10, 17, 20, 20, 17, 10, 10, 7, 24, 24, 7, 7, 8, 8, 7, 2, 1, 8, 13, 13, 13, 13, 10]","13","13","13","0.0019998550415039062","0.0009999275207519531"
"528","95","108","35","True","True","95","108","35","True","True","95","108","35","True","True","0.0","0.0","13","13","13","47","47","47","[1, 1, 1, 1, 1, 1, 1, 1, 2, 6, 6, 6, 8, 8, 8, 8, 8, 8, 10, 10, 19, 19, 19, 19, 10, 14, 14, 14, 1, 1, 1, 1, 1, 1, 1]","[1, 1, 1, 1, 1, 1, 1, 1, 2, 6, 6, 6, 8, 8, 8, 8, 8, 8, 10, 10, 19, 19, 19, 19, 10, 14, 14, 14, 1, 1, 1, 1, 1, 1, 1]","[1, 1, 1, 1, 1, 1, 1, 1, 2, 6, 6, 6, 8, 8, 8, 8, 8, 8, 10, 10, 19, 19, 19, 19, 10, 14, 14, 14, 1, 1, 1, 1, 1, 1, 1]","13","13","13","0.0020008087158203125","0.0019986629486083984"
"529","95","108","35","True","True","95","108","35","True","True","95","108","35","True","True","0.0","0.0","13","13","13","47","47","47","[1, 1, 1, 1, 1, 1, 1, 1, 1, 1, 1, 1, 1, 2, 2, 2, 2, 2, 2, 1, 2, 5, 5, 5, 4, 4, 7, 8, 11, 13, 14, 14, 14, 1, 1]","[1, 1, 1, 1, 1, 1, 1, 1, 1, 1, 1, 1, 1, 2, 2, 2, 2, 2, 2, 1, 2, 5, 5, 5, 4, 4, 7, 8, 11, 13, 14, 14, 14, 1, 1]","[1, 1, 1, 1, 1, 1, 1, 1, 1, 1, 1, 1, 1, 2, 2, 2, 2, 2, 2, 1, 2, 5, 5, 5, 4, 4, 7, 8, 11, 13, 14, 14, 14, 1, 1]","13","13","13","0.0020008087158203125","0.0019998550415039062"
"530","108","126","35","True","False","91","97","36","True","True","99","109","36","True","False","0.04546124603287893","0.08765126563984382","19","7","11","53","41","45","[1, 1, 1, 1, 2, 2, 17, 17, 34, 34, 17, 17, 4, 4, 9, 9, 11, 13, 13, 11, 20, 10, 10, 10, 10, 10, 11, 11, 2, 1, 3, 12, 12, 12, 1]","[1, 1, 1, 1, 1, 1, 1, 1, 1, 1, 1, 2, 2, 4, 4, 4, 4, 4, 4, 4, 4, 4, 5, 5, 5, 5, 5, 6, 6, 7, 7, 7, 7, 9, 14, 14]","[1, 1, 1, 1, 1, 1, 7, 7, 14, 14, 7, 7, 2, 2, 4, 4, 5, 6, 6, 5, 9, 4, 4, 4, 4, 4, 4, 4, 1, 1, 1, 5, 5, 5, 1, 1]","19","7","11","49.7037136554718","0.8504493236541748"
"531","95","108","35","True","True","95","108","35","True","True","95","108","35","True","True","0.0","0.0","13","13","13","47","47","47","[1, 1, 1, 2, 2, 1, 1, 1, 1, 2, 2, 3, 3, 3, 3, 2, 3, 3, 3, 5, 6, 6, 6, 6, 7, 8, 8, 12, 12, 12, 12, 3, 3, 2, 1]","[1, 1, 1, 2, 2, 1, 1, 1, 1, 2, 2, 3, 3, 3, 3, 2, 3, 3, 3, 5, 6, 6, 6, 6, 7, 8, 8, 12, 12, 12, 12, 3, 3, 2, 1]","[1, 1, 1, 2, 2, 1, 1, 1, 1, 2, 2, 3, 3, 3, 3, 2, 3, 3, 3, 5, 6, 6, 6, 6, 7, 8, 8, 12, 12, 12, 12, 3, 3, 2, 1]","13","13","13","0.0031392574310302734","0.001995086669921875"
"532","95","107","35","True","True","95","107","35","True","True","95","107","35","True","True","0.0","0.0","13","13","13","46","46","46","[1, 1, 1, 2, 2, 2, 2, 3, 7, 9, 11, 12, 12, 12, 9, 11, 17, 18, 18, 18, 18, 18, 18, 9, 9, 9, 4, 3, 3, 3, 29, 29, 1, 1, 1]","[1, 1, 1, 2, 2, 2, 2, 3, 7, 9, 11, 12, 12, 12, 9, 11, 17, 18, 18, 18, 18, 18, 18, 9, 9, 9, 4, 3, 3, 3, 29, 29, 1, 1, 1]","[1, 1, 1, 2, 2, 2, 2, 3, 7, 9, 11, 12, 12, 12, 9, 11, 17, 18, 18, 18, 18, 18, 18, 9, 9, 9, 4, 3, 3, 3, 29, 29, 1, 1, 1]","13","13","13","0.001995086669921875","0.0029976367950439453"
"533","102","120","35","True","False","101","119","35","True","False","101","119","35","True","False","0.003826957749403004","0.003826957749403004","15","15","15","51","50","50","[1, 1, 1, 1, 1, 1, 1, 2, 2, 4, 4, 4, 4, 18, 18, 4, 5, 6, 7, 7, 4, 4, 8, 8, 4, 6, 6, 10, 10, 6, 6, 6, 1, 1, 1]","[1, 1, 1, 1, 1, 1, 1, 2, 2, 4, 4, 4, 4, 18, 18, 4, 5, 6, 7, 7, 4, 4, 8, 8, 4, 6, 6, 10, 10, 6, 6, 6, 1, 1, 1]","[1, 1, 1, 1, 1, 1, 1, 2, 2, 4, 4, 4, 4, 18, 18, 4, 5, 6, 7, 7, 4, 4, 8, 8, 4, 6, 6, 10, 10, 6, 6, 6, 1, 1, 1]","15","15","15","0.37977123260498047","0.025543928146362305"
"534","108","126","35","True","False","89","96","35","True","True","101","114","35","True","True","0.030283955143771024","0.0932458006456105","19","7","13","53","41","47","[1, 1, 1, 2, 2, 2, 2, 3, 3, 3, 4, 8, 8, 4, 4, 26, 4, 10, 18, 18, 18, 18, 28, 28, 5, 13, 29, 13, 13, 4, 4, 4, 4, 1, 1]","[1, 1, 1, 2, 2, 2, 2, 3, 3, 3, 4, 4, 1, 1, 4, 4, 4, 4, 4, 4, 4, 4, 4, 8, 12, 12, 12, 12, 12, 12, 12, 20, 20, 20, 24]","[1, 1, 1, 2, 2, 2, 2, 3, 3, 3, 4, 4, 4, 4, 4, 20, 4, 8, 12, 12, 12, 12, 20, 20, 4, 12, 24, 12, 12, 4, 4, 4, 4, 1, 1]","19","7","13","1.405055284500122","0.1836230754852295"
"535","95","108","35","True","True","95","108","35","True","True","95","108","35","True","True","0.0","0.0","13","13","13","47","47","47","[1, 1, 1, 1, 1, 1, 1, 2, 2, 3, 8, 8, 8, 9, 9, 9, 10, 10, 19, 19, 19, 11, 11, 22, 22, 12, 12, 23, 23, 23, 23, 11, 3, 2, 1]","[1, 1, 1, 1, 1, 1, 1, 2, 2, 3, 8, 8, 8, 9, 9, 9, 10, 10, 19, 19, 19, 11, 11, 22, 22, 12, 12, 23, 23, 23, 23, 11, 3, 2, 1]","[1, 1, 1, 1, 1, 1, 1, 2, 2, 3, 8, 8, 8, 9, 9, 9, 10, 10, 19, 19, 19, 11, 11, 22, 22, 12, 12, 23, 23, 23, 23, 11, 3, 2, 1]","13","13","13","0.002995014190673828","0.0019922256469726562"
"536","95","108","35","True","True","95","108","35","True","True","95","108","35","True","True","0.0","0.0","13","13","13","47","47","47","[1, 1, 1, 1, 1, 1, 2, 2, 3, 3, 3, 3, 3, 3, 2, 2, 5, 7, 7, 2, 4, 9, 9, 16, 16, 7, 4, 6, 6, 6, 6, 4, 2, 2, 1]","[1, 1, 1, 1, 1, 1, 2, 2, 3, 3, 3, 3, 3, 3, 2, 2, 5, 7, 7, 2, 4, 9, 9, 16, 16, 7, 4, 6, 6, 6, 6, 4, 2, 2, 1]","[1, 1, 1, 1, 1, 1, 2, 2, 3, 3, 3, 3, 3, 3, 2, 2, 5, 7, 7, 2, 4, 9, 9, 16, 16, 7, 4, 6, 6, 6, 6, 4, 2, 2, 1]","13","13","13","0.0020117759704589844","0.0019898414611816406"
"537","95","108","35","True","True","95","108","35","True","True","95","108","35","True","True","0.0","0.0","13","13","13","47","47","47","[1, 1, 1, 1, 2, 2, 2, 2, 2, 2, 1, 2, 4, 4, 4, 8, 8, 10, 10, 8, 4, 5, 5, 4, 4, 8, 15, 15, 15, 19, 19, 4, 4, 4, 2]","[1, 1, 1, 1, 2, 2, 2, 2, 2, 2, 1, 2, 4, 4, 4, 8, 8, 10, 10, 8, 4, 5, 5, 4, 4, 8, 15, 15, 15, 19, 19, 4, 4, 4, 2]","[1, 1, 1, 1, 2, 2, 2, 2, 2, 2, 1, 2, 4, 4, 4, 8, 8, 10, 10, 8, 4, 5, 5, 4, 4, 8, 15, 15, 15, 19, 19, 4, 4, 4, 2]","13","13","13","0.0019958019256591797","0.0020041465759277344"
"538","102","120","35","True","False","101","120","35","True","False","101","120","35","True","False","0.0","0.0","15","15","15","51","51","51","[1, 1, 1, 1, 1, 2, 2, 2, 2, 2, 2, 2, 8, 8, 8, 3, 3, 2, 3, 5, 5, 5, 1, 2, 2, 6, 26, 26, 26, 10, 10, 10, 8, 6, 1]","[1, 1, 1, 1, 1, 2, 2, 2, 2, 2, 2, 2, 8, 8, 8, 3, 3, 2, 2, 4, 4, 4, 1, 2, 2, 5, 23, 23, 23, 9, 9, 9, 7, 5, 1]","[1, 1, 1, 1, 1, 2, 2, 2, 2, 2, 2, 2, 8, 8, 8, 3, 3, 2, 2, 4, 4, 4, 1, 2, 2, 5, 23, 23, 23, 9, 9, 9, 7, 5, 1]","15","15","15","0.29364776611328125","0.026325464248657227"
"539","95","107","35","True","True","95","107","35","True","True","95","107","35","True","True","0.0","0.0","13","13","13","46","46","46","[1, 1, 1, 1, 1, 1, 1, 1, 1, 2, 2, 2, 2, 4, 5, 7, 9, 9, 9, 7, 2, 5, 5, 5, 6, 16, 16, 11, 6, 14, 14, 20, 20, 20, 7]","[1, 1, 1, 1, 1, 1, 1, 1, 1, 2, 2, 2, 2, 4, 5, 7, 9, 9, 9, 7, 2, 5, 5, 5, 6, 16, 16, 11, 6, 14, 14, 20, 20, 20, 7]","[1, 1, 1, 1, 1, 1, 1, 1, 1, 2, 2, 2, 2, 4, 5, 7, 9, 9, 9, 7, 2, 5, 5, 5, 6, 16, 16, 11, 6, 14, 14, 20, 20, 20, 7]","13","13","13","0.002994537353515625","0.0039997100830078125"
"540","95","108","35","True","True","95","108","35","True","True","95","108","35","True","True","0.0","0.0","13","13","13","47","47","47","[1, 1, 1, 1, 1, 1, 1, 1, 1, 1, 1, 1, 1, 2, 2, 1, 1, 1, 3, 3, 3, 1, 3, 3, 2, 2, 2, 4, 4, 5, 16, 16, 6, 6, 6]","[1, 1, 1, 1, 1, 1, 1, 1, 1, 1, 1, 1, 1, 2, 2, 1, 1, 1, 3, 3, 3, 1, 3, 3, 2, 2, 2, 4, 4, 5, 16, 16, 6, 6, 6]","[1, 1, 1, 1, 1, 1, 1, 1, 1, 1, 1, 1, 1, 2, 2, 1, 1, 1, 3, 3, 3, 1, 3, 3, 2, 2, 2, 4, 4, 5, 16, 16, 6, 6, 6]","13","13","13","0.0030007362365722656","0.0019936561584472656"
"541","108","126","35","True","False","97","106","35","True","True","99","109","35","True","True","0.04523467168641426","0.05560292926353383","19","10","11","53","43","44","[1, 1, 1, 1, 2, 2, 2, 2, 1, 1, 1, 1, 2, 6, 10, 6, 4, 1, 1, 1, 3, 3, 3, 3, 3, 3, 1, 8, 8, 2, 8, 8, 1, 1, 1]","[1, 1, 1, 1, 2, 2, 2, 2, 1, 1, 1, 1, 1, 1, 1, 3, 3, 3, 3, 3, 3, 1, 8, 8, 2, 1, 1, 1, 1, 1, 1, 1, 2, 2, 3]","[1, 1, 1, 1, 2, 2, 2, 2, 1, 1, 1, 1, 1, 1, 3, 1, 1, 1, 1, 1, 3, 3, 3, 3, 3, 3, 1, 8, 8, 2, 2, 2, 1, 1, 1]","19","10","11","2.382800817489624","0.0940859317779541"
"542","102","120","35","True","False","101","120","35","True","False","101","120","35","True","False","0.0","0.0","15","15","15","51","51","51","[1, 1, 2, 2, 2, 2, 6, 1, 1, 2, 2, 2, 2, 1, 1, 2, 2, 1, 2, 3, 4, 4, 6, 6, 4, 7, 8, 8, 4, 2, 7, 7, 7, 7, 7]","[1, 1, 1, 1, 1, 1, 5, 1, 1, 2, 2, 2, 2, 1, 1, 2, 2, 1, 2, 3, 3, 3, 4, 4, 3, 6, 7, 7, 3, 2, 6, 6, 6, 6, 6]","[1, 1, 1, 1, 1, 1, 5, 1, 1, 2, 2, 2, 2, 1, 1, 2, 2, 1, 2, 3, 3, 3, 4, 4, 3, 6, 7, 7, 3, 2, 6, 6, 6, 6, 6]","15","15","15","0.32256627082824707","0.03151082992553711"
"543","100","117","35","True","True","100","117","35","True","True","100","117","35","True","True","0.0","0.0","13","13","13","50","50","50","[1, 1, 1, 1, 1, 1, 2, 3, 5, 7, 9, 12, 12, 12, 8, 8, 3, 3, 3, 2, 2, 2, 1, 1, 3, 3, 6, 6, 4, 5, 5, 5, 5, 1, 1]","[1, 1, 1, 1, 1, 1, 2, 3, 5, 7, 9, 12, 12, 12, 8, 8, 3, 3, 3, 2, 2, 2, 1, 1, 3, 3, 6, 6, 4, 5, 5, 5, 5, 1, 1]","[1, 1, 1, 1, 1, 1, 2, 3, 5, 7, 9, 12, 12, 12, 8, 8, 3, 3, 3, 2, 2, 2, 1, 1, 3, 3, 6, 6, 4, 5, 5, 5, 5, 1, 1]","13","13","13","0.0029947757720947266","0.002152681350708008"
"544","95","107","35","True","True","95","107","35","True","True","95","107","35","True","True","0.0","0.0","13","13","13","46","46","46","[1, 1, 1, 1, 1, 1, 2, 2, 1, 1, 3, 3, 3, 6, 6, 6, 6, 25, 25, 25, 6, 6, 18, 18, 18, 18, 18, 18, 21, 22, 22, 21, 3, 3, 3]","[1, 1, 1, 1, 1, 1, 2, 2, 1, 1, 3, 3, 3, 6, 6, 6, 6, 25, 25, 25, 6, 6, 18, 18, 18, 18, 18, 18, 21, 22, 22, 21, 3, 3, 3]","[1, 1, 1, 1, 1, 1, 2, 2, 1, 1, 3, 3, 3, 6, 6, 6, 6, 25, 25, 25, 6, 6, 18, 18, 18, 18, 18, 18, 21, 22, 22, 21, 3, 3, 3]","13","13","13","0.002015829086303711","0.002991914749145508"
"545","95","108","35","True","True","95","108","35","True","True","95","108","35","True","True","0.0","0.0","13","13","13","47","47","47","[1, 1, 1, 1, 1, 1, 1, 2, 4, 4, 4, 4, 4, 5, 5, 4, 4, 4, 4, 4, 4, 3, 3, 10, 13, 13, 13, 13, 16, 20, 20, 16, 1, 1, 1]","[1, 1, 1, 1, 1, 1, 1, 2, 4, 4, 4, 4, 4, 5, 5, 4, 4, 4, 4, 4, 4, 3, 3, 10, 13, 13, 13, 13, 16, 20, 20, 16, 1, 1, 1]","[1, 1, 1, 1, 1, 1, 1, 2, 4, 4, 4, 4, 4, 5, 5, 4, 4, 4, 4, 4, 4, 3, 3, 10, 13, 13, 13, 13, 16, 20, 20, 16, 1, 1, 1]","13","13","13","0.0019941329956054688","0.0020055770874023438"
"546","95","107","35","True","True","95","107","35","True","True","95","107","35","True","True","0.0","0.0","13","13","13","46","46","46","[1, 1, 2, 2, 2, 6, 6, 6, 6, 6, 12, 12, 12, 12, 12, 12, 6, 18, 19, 31, 31, 6, 4, 3, 1, 8, 8, 7, 21, 21, 22, 22, 7, 7, 1]","[1, 1, 2, 2, 2, 6, 6, 6, 6, 6, 12, 12, 12, 12, 12, 12, 6, 18, 19, 31, 31, 6, 4, 3, 1, 8, 8, 7, 21, 21, 22, 22, 7, 7, 1]","[1, 1, 2, 2, 2, 6, 6, 6, 6, 6, 12, 12, 12, 12, 12, 12, 6, 18, 19, 31, 31, 6, 4, 3, 1, 8, 8, 7, 21, 21, 22, 22, 7, 7, 1]","13","13","13","0.0019865036010742188","0.0019998550415039062"
"547","102","120","35","True","False","101","120","35","True","False","101","120","35","True","False","0.0","0.0","15","15","15","51","51","51","[1, 1, 32, 1, 1, 1, 1, 2, 3, 4, 4, 3, 3, 3, 2, 6, 6, 3, 3, 2, 3, 7, 14, 14, 14, 14, 15, 15, 15, 2, 2, 2, 1, 1, 1]","[1, 1, 21, 1, 1, 1, 1, 1, 2, 3, 3, 2, 2, 2, 1, 4, 4, 2, 2, 1, 2, 5, 9, 9, 9, 9, 9, 9, 9, 1, 1, 1, 1, 1, 1]","[1, 1, 21, 1, 1, 1, 1, 1, 2, 3, 3, 2, 2, 2, 1, 4, 4, 2, 2, 1, 2, 5, 9, 9, 9, 9, 9, 9, 9, 1, 1, 1, 1, 1, 1]","15","15","15","0.3964104652404785","0.023113727569580078"
"548","108","126","35","True","False","97","106","35","True","True","99","109","35","True","True","0.044104292924856625","0.05446015532366011","19","10","11","53","43","44","[1, 1, 1, 1, 1, 1, 1, 1, 1, 1, 1, 2, 4, 4, 3, 35, 2, 2, 6, 7, 10, 10, 25, 25, 25, 38, 38, 10, 6, 2, 2, 2, 2, 2, 1]","[1, 1, 1, 1, 1, 1, 1, 1, 1, 1, 1, 2, 4, 4, 3, 2, 2, 2, 2, 2, 2, 2, 1, 6, 6, 6, 6, 6, 6, 18, 18, 18, 24, 24, 24]","[1, 1, 1, 1, 1, 1, 1, 1, 1, 1, 1, 2, 4, 4, 3, 24, 2, 2, 6, 6, 6, 6, 18, 18, 18, 24, 24, 6, 6, 2, 2, 2, 2, 2, 1]","19","10","11","0.6593666076660156","0.1328587532043457"
"549","95","108","35","True","True","95","108","35","True","True","95","108","35","True","True","0.0","0.0","13","13","13","47","47","47","[1, 1, 1, 1, 1, 2, 2, 5, 5, 3, 3, 1, 3, 3, 3, 3, 9, 9, 9, 9, 3, 3, 3, 10, 10, 4, 1, 1, 1, 1, 1, 1, 1, 1, 1]","[1, 1, 1, 1, 1, 2, 2, 5, 5, 3, 3, 1, 3, 3, 3, 3, 9, 9, 9, 9, 3, 3, 3, 10, 10, 4, 1, 1, 1, 1, 1, 1, 1, 1, 1]","[1, 1, 1, 1, 1, 2, 2, 5, 5, 3, 3, 1, 3, 3, 3, 3, 9, 9, 9, 9, 3, 3, 3, 10, 10, 4, 1, 1, 1, 1, 1, 1, 1, 1, 1]","13","13","13","0.003000497817993164","0.002993345260620117"
"550","100","118","35","True","True","100","118","35","True","True","100","118","35","True","True","0.0","0.0","13","13","13","51","51","51","[1, 1, 1, 1, 1, 1, 1, 1, 2, 4, 5, 5, 4, 4, 7, 7, 12, 12, 12, 16, 17, 17, 17, 7, 5, 3, 4, 4, 4, 4, 1, 1, 1, 1, 1]","[1, 1, 1, 1, 1, 1, 1, 1, 2, 4, 5, 5, 4, 4, 7, 7, 12, 12, 12, 16, 17, 17, 17, 7, 5, 3, 4, 4, 4, 4, 1, 1, 1, 1, 1]","[1, 1, 1, 1, 1, 1, 1, 1, 2, 4, 5, 5, 4, 4, 7, 7, 12, 12, 12, 16, 17, 17, 17, 7, 5, 3, 4, 4, 4, 4, 1, 1, 1, 1, 1]","13","13","13","0.005000114440917969","0.004014730453491211"
"551","108","126","35","True","False","89","95","35","True","True","99","110","35","True","False","0.03971102879235966","0.09242086650674275","19","6","11","53","40","45","[1, 1, 1, 1, 1, 2, 2, 2, 2, 2, 2, 1, 2, 2, 3, 3, 4, 4, 1, 2, 2, 1, 2, 10, 6, 9, 9, 9, 7, 7, 6, 11, 11, 15, 4]","[1, 1, 1, 1, 1, 2, 2, 2, 2, 2, 2, 1, 1, 2, 2, 1, 2, 1, 1, 1, 1, 1, 2, 2, 2, 2, 2, 2, 2, 2, 4, 4, 4, 4, 5]","[1, 1, 1, 1, 1, 2, 2, 2, 2, 2, 2, 1, 1, 1, 2, 2, 1, 1, 1, 2, 2, 1, 2, 5, 2, 4, 4, 4, 2, 2, 2, 2, 2, 4, 1]","19","6","11","14.726093530654907","0.11844468116760254"
"552","102","120","35","True","False","101","119","35","True","False","101","119","35","True","False","0.004391355390180762","0.004391355390180762","15","15","15","51","50","50","[1, 1, 1, 1, 1, 1, 1, 1, 1, 2, 2, 2, 2, 2, 2, 2, 4, 5, 15, 27, 28, 28, 28, 29, 29, 10, 20, 20, 20, 15, 15, 15, 5, 37, 1]","[1, 1, 1, 1, 1, 1, 1, 1, 1, 2, 2, 2, 2, 2, 2, 2, 4, 5, 15, 27, 28, 28, 28, 29, 29, 10, 20, 20, 20, 15, 15, 15, 5, 37, 1]","[1, 1, 1, 1, 1, 1, 1, 1, 1, 2, 2, 2, 2, 2, 2, 2, 4, 5, 15, 27, 28, 28, 28, 29, 29, 10, 20, 20, 20, 15, 15, 15, 5, 37, 1]","15","15","15","0.3106048107147217","0.019403934478759766"
"553","100","118","35","True","True","100","118","35","True","True","100","118","35","True","True","0.0","0.0","13","13","13","51","51","51","[1, 1, 1, 1, 2, 2, 2, 2, 2, 2, 5, 5, 5, 7, 7, 3, 3, 2, 2, 4, 5, 5, 5, 5, 5, 3, 3, 2, 6, 6, 5, 5, 7, 7, 7]","[1, 1, 1, 1, 2, 2, 2, 2, 2, 2, 5, 5, 5, 7, 7, 3, 3, 2, 2, 4, 5, 5, 5, 5, 5, 3, 3, 2, 6, 6, 5, 5, 7, 7, 7]","[1, 1, 1, 1, 2, 2, 2, 2, 2, 2, 5, 5, 5, 7, 7, 3, 3, 2, 2, 4, 5, 5, 5, 5, 5, 3, 3, 2, 6, 6, 5, 5, 7, 7, 7]","13","13","13","0.004119157791137695","0.00400090217590332"
"554","95","108","35","True","True","95","108","35","True","True","95","108","35","True","True","0.0","0.0","13","13","13","47","47","47","[1, 1, 1, 1, 1, 1, 1, 1, 1, 2, 2, 2, 2, 4, 4, 2, 2, 8, 10, 10, 14, 16, 16, 16, 10, 10, 21, 21, 24, 24, 9, 9, 2, 2, 1]","[1, 1, 1, 1, 1, 1, 1, 1, 1, 2, 2, 2, 2, 4, 4, 2, 2, 8, 10, 10, 14, 16, 16, 16, 10, 10, 21, 21, 24, 24, 9, 9, 2, 2, 1]","[1, 1, 1, 1, 1, 1, 1, 1, 1, 2, 2, 2, 2, 4, 4, 2, 2, 8, 10, 10, 14, 16, 16, 16, 10, 10, 21, 21, 24, 24, 9, 9, 2, 2, 1]","13","13","13","0.0030014514923095703","0.0029993057250976562"
"555","95","108","35","True","True","95","108","35","True","True","95","108","35","True","True","0.0","0.0","13","13","13","47","47","47","[1, 1, 1, 1, 1, 1, 1, 1, 1, 2, 2, 2, 3, 3, 3, 1, 2, 2, 3, 3, 3, 3, 4, 5, 5, 6, 6, 3, 3, 3, 3, 4, 8, 8, 8]","[1, 1, 1, 1, 1, 1, 1, 1, 1, 2, 2, 2, 3, 3, 3, 1, 2, 2, 3, 3, 3, 3, 4, 5, 5, 6, 6, 3, 3, 3, 3, 4, 8, 8, 8]","[1, 1, 1, 1, 1, 1, 1, 1, 1, 2, 2, 2, 3, 3, 3, 1, 2, 2, 3, 3, 3, 3, 4, 5, 5, 6, 6, 3, 3, 3, 3, 4, 8, 8, 8]","13","13","13","0.0029993057250976562","0.002001523971557617"
"556","95","108","35","True","True","95","108","35","True","True","95","108","35","True","True","0.0","0.0","13","13","13","47","47","47","[1, 1, 1, 1, 1, 1, 1, 1, 1, 1, 1, 1, 1, 2, 2, 3, 4, 4, 4, 5, 5, 4, 6, 8, 8, 9, 9, 10, 10, 8, 2, 2, 1, 1, 1]","[1, 1, 1, 1, 1, 1, 1, 1, 1, 1, 1, 1, 1, 2, 2, 3, 4, 4, 4, 5, 5, 4, 6, 8, 8, 9, 9, 10, 10, 8, 2, 2, 1, 1, 1]","[1, 1, 1, 1, 1, 1, 1, 1, 1, 1, 1, 1, 1, 2, 2, 3, 4, 4, 4, 5, 5, 4, 6, 8, 8, 9, 9, 10, 10, 8, 2, 2, 1, 1, 1]","13","13","13","0.0020008087158203125","0.0019974708557128906"
"557","108","126","35","True","False","92","99","35","True","True","100","112","35","True","True","0.03442662460857604","0.0762920423891712","19","6","11","53","42","47","[1, 1, 1, 2, 2, 1, 2, 3, 3, 3, 3, 3, 3, 3, 3, 3, 3, 3, 3, 3, 3, 3, 3, 21, 21, 17, 37, 37, 37, 37, 37, 55, 55, 55, 16]","[1, 1, 1, 2, 2, 1, 1, 1, 1, 1, 1, 1, 1, 1, 1, 1, 1, 1, 1, 1, 1, 1, 1, 3, 3, 4, 4, 7, 7, 7, 7, 7, 11, 11, 11]","[1, 1, 1, 2, 2, 1, 1, 1, 1, 1, 1, 1, 1, 1, 1, 1, 1, 1, 1, 1, 1, 1, 1, 6, 6, 5, 11, 11, 11, 11, 11, 17, 17, 17, 5]","19","6","11","10.109119653701782","0.6559426784515381"
"558","95","108","35","True","True","95","108","35","True","True","95","108","35","True","True","0.0","0.0","13","13","13","47","47","47","[1, 1, 1, 1, 2, 3, 3, 3, 3, 3, 4, 4, 4, 3, 3, 7, 7, 7, 7, 7, 7, 2, 2, 1, 2, 4, 10, 10, 18, 18, 10, 1, 1, 1, 1]","[1, 1, 1, 1, 2, 3, 3, 3, 3, 3, 4, 4, 4, 3, 3, 7, 7, 7, 7, 7, 7, 2, 2, 1, 2, 4, 10, 10, 18, 18, 10, 1, 1, 1, 1]","[1, 1, 1, 1, 2, 3, 3, 3, 3, 3, 4, 4, 4, 3, 3, 7, 7, 7, 7, 7, 7, 2, 2, 1, 2, 4, 10, 10, 18, 18, 10, 1, 1, 1, 1]","13","13","13","0.0029990673065185547","0.004001140594482422"
"559","95","107","35","True","True","95","107","35","True","True","95","107","35","True","True","0.0","0.0","13","13","13","46","46","46","[1, 1, 2, 2, 2, 2, 2, 2, 2, 2, 6, 6, 8, 8, 4, 4, 4, 2, 2, 2, 2, 4, 4, 4, 10, 10, 4, 6, 6, 10, 10, 10, 16, 16, 16]","[1, 1, 2, 2, 2, 2, 2, 2, 2, 2, 6, 6, 8, 8, 4, 4, 4, 2, 2, 2, 2, 4, 4, 4, 10, 10, 4, 6, 6, 10, 10, 10, 16, 16, 16]","[1, 1, 2, 2, 2, 2, 2, 2, 2, 2, 6, 6, 8, 8, 4, 4, 4, 2, 2, 2, 2, 4, 4, 4, 10, 10, 4, 6, 6, 10, 10, 10, 16, 16, 16]","13","13","13","0.0030188560485839844","0.003989219665527344"
"560","95","108","35","True","True","95","108","35","True","True","95","108","35","True","True","0.0","0.0","13","13","13","47","47","47","[1, 1, 1, 1, 2, 3, 3, 3, 3, 3, 3, 3, 3, 3, 6, 6, 6, 12, 16, 16, 16, 18, 38, 38, 34, 18, 6, 12, 12, 12, 3, 2, 2, 1, 1]","[1, 1, 1, 1, 2, 3, 3, 3, 3, 3, 3, 3, 3, 3, 6, 6, 6, 12, 16, 16, 16, 18, 38, 38, 34, 18, 6, 12, 12, 12, 3, 2, 2, 1, 1]","[1, 1, 1, 1, 2, 3, 3, 3, 3, 3, 3, 3, 3, 3, 6, 6, 6, 12, 16, 16, 16, 18, 38, 38, 34, 18, 6, 12, 12, 12, 3, 2, 2, 1, 1]","13","13","13","0.004118680953979492","0.004158973693847656"
"561","95","108","35","True","True","95","108","35","True","True","95","108","35","True","True","0.0","0.0","13","13","13","47","47","47","[1, 1, 1, 1, 1, 1, 1, 2, 2, 1, 1, 2, 2, 4, 4, 5, 5, 5, 6, 11, 12, 12, 13, 18, 18, 13, 12, 6, 5, 10, 10, 4, 4, 1, 1]","[1, 1, 1, 1, 1, 1, 1, 2, 2, 1, 1, 2, 2, 4, 4, 5, 5, 5, 6, 11, 12, 12, 13, 18, 18, 13, 12, 6, 5, 10, 10, 4, 4, 1, 1]","[1, 1, 1, 1, 1, 1, 1, 2, 2, 1, 1, 2, 2, 4, 4, 5, 5, 5, 6, 11, 12, 12, 13, 18, 18, 13, 12, 6, 5, 10, 10, 4, 4, 1, 1]","13","13","13","0.0030069351196289062","0.0029900074005126953"
"562","100","118","35","True","True","100","118","35","True","True","100","118","35","True","True","0.0","0.0","13","13","13","51","51","51","[1, 1, 1, 1, 1, 1, 1, 1, 1, 1, 1, 1, 1, 1, 3, 4, 4, 4, 4, 4, 3, 3, 7, 7, 7, 7, 7, 8, 12, 25, 27, 28, 28, 28, 7]","[1, 1, 1, 1, 1, 1, 1, 1, 1, 1, 1, 1, 1, 1, 3, 4, 4, 4, 4, 4, 3, 3, 7, 7, 7, 7, 7, 8, 12, 25, 27, 28, 28, 28, 7]","[1, 1, 1, 1, 1, 1, 1, 1, 1, 1, 1, 1, 1, 1, 3, 4, 4, 4, 4, 4, 3, 3, 7, 7, 7, 7, 7, 8, 12, 25, 27, 28, 28, 28, 7]","13","13","13","0.005134105682373047","0.004997730255126953"
"563","108","126","35","True","False","92","99","35","True","True","98","108","35","True","False","0.04672238188507716","0.07822714164688782","19","7","10","53","41","44","[2, 2, 2, 2, 2, 2, 2, 2, 2, 2, 4, 4, 2, 2, 2, 2, 2, 4, 6, 6, 4, 8, 8, 26, 27, 27, 28, 28, 58, 18, 18, 18, 34, 1, 1]","[1, 1, 1, 1, 1, 1, 1, 1, 1, 1, 2, 2, 1, 1, 1, 1, 1, 1, 1, 2, 2, 2, 2, 2, 2, 4, 4, 4, 6, 6, 6, 6, 6, 10, 14]","[1, 1, 1, 1, 1, 1, 1, 1, 1, 1, 2, 2, 1, 1, 1, 1, 1, 2, 2, 2, 2, 2, 2, 6, 6, 6, 6, 6, 14, 4, 4, 4, 10, 1, 1]","19","7","10","13.373272180557251","0.16892337799072266"
"564","95","107","35","True","True","95","107","35","True","True","95","107","35","True","True","0.0","0.0","13","13","13","46","46","46","[1, 1, 1, 1, 1, 2, 2, 2, 2, 2, 6, 16, 16, 16, 7, 7, 7, 7, 7, 4, 4, 4, 3, 3, 4, 10, 10, 10, 23, 23, 3, 3, 2, 1, 1]","[1, 1, 1, 1, 1, 2, 2, 2, 2, 2, 6, 16, 16, 16, 7, 7, 7, 7, 7, 4, 4, 4, 3, 3, 4, 10, 10, 10, 23, 23, 3, 3, 2, 1, 1]","[1, 1, 1, 1, 1, 2, 2, 2, 2, 2, 6, 16, 16, 16, 7, 7, 7, 7, 7, 4, 4, 4, 3, 3, 4, 10, 10, 10, 23, 23, 3, 3, 2, 1, 1]","13","13","13","0.001998424530029297","0.0019998550415039062"
"565","95","107","35","True","True","95","107","35","True","True","95","107","35","True","True","0.0","0.0","13","13","13","46","46","46","[1, 1, 1, 1, 1, 1, 1, 2, 2, 2, 4, 8, 8, 8, 4, 12, 12, 18, 18, 19, 19, 7, 6, 6, 4, 16, 16, 4, 4, 4, 4, 2, 2, 2, 2]","[1, 1, 1, 1, 1, 1, 1, 2, 2, 2, 4, 8, 8, 8, 4, 12, 12, 18, 18, 19, 19, 7, 6, 6, 4, 16, 16, 4, 4, 4, 4, 2, 2, 2, 2]","[1, 1, 1, 1, 1, 1, 1, 2, 2, 2, 4, 8, 8, 8, 4, 12, 12, 18, 18, 19, 19, 7, 6, 6, 4, 16, 16, 4, 4, 4, 4, 2, 2, 2, 2]","13","13","13","0.001993894577026367","0.0010030269622802734"
"566","108","126","35","True","False","90","96","36","True","True","100","111","36","True","True","0.04070787424299471","0.09347567166195858","19","7","12","53","41","46","[1, 1, 1, 1, 1, 1, 1, 1, 15, 1, 1, 2, 3, 3, 4, 19, 6, 6, 4, 4, 1, 2, 4, 5, 10, 10, 5, 5, 8, 8, 8, 8, 5, 1, 1]","[1, 1, 1, 1, 1, 1, 1, 1, 1, 1, 1, 1, 1, 1, 1, 2, 2, 2, 2, 2, 2, 3, 3, 3, 3, 3, 4, 4, 4, 4, 5, 5, 6, 6, 8, 11]","[1, 1, 1, 1, 1, 1, 1, 1, 8, 1, 1, 2, 2, 2, 2, 11, 5, 5, 3, 3, 1, 1, 2, 3, 6, 6, 3, 3, 4, 4, 4, 4, 2, 1, 1, 1]","19","7","12","2.269951820373535","0.5361578464508057"
"567","95","107","35","True","True","95","107","35","True","True","95","107","35","True","True","0.0","0.0","13","13","13","46","46","46","[1, 1, 2, 2, 2, 2, 2, 2, 2, 2, 2, 2, 2, 4, 4, 4, 6, 6, 4, 7, 11, 11, 6, 10, 10, 8, 8, 8, 4, 4, 4, 4, 4, 1, 1]","[1, 1, 2, 2, 2, 2, 2, 2, 2, 2, 2, 2, 2, 4, 4, 4, 6, 6, 4, 7, 11, 11, 6, 10, 10, 8, 8, 8, 4, 4, 4, 4, 4, 1, 1]","[1, 1, 2, 2, 2, 2, 2, 2, 2, 2, 2, 2, 2, 4, 4, 4, 6, 6, 4, 7, 11, 11, 6, 10, 10, 8, 8, 8, 4, 4, 4, 4, 4, 1, 1]","13","13","13","0.0030028820037841797","0.003998279571533203"
"568","102","120","35","True","False","101","119","35","True","False","101","119","35","True","False","0.003826957749403004","0.003826957749403004","15","15","15","51","50","50","[1, 1, 1, 1, 1, 1, 1, 1, 1, 1, 1, 1, 3, 3, 9, 2, 3, 3, 3, 3, 3, 9, 9, 9, 9, 10, 16, 16, 26, 26, 25, 25, 9, 9, 5]","[1, 1, 1, 1, 1, 1, 1, 1, 1, 1, 1, 1, 3, 3, 9, 2, 3, 3, 3, 3, 3, 9, 9, 9, 9, 10, 16, 16, 26, 26, 25, 25, 9, 9, 5]","[1, 1, 1, 1, 1, 1, 1, 1, 1, 1, 1, 1, 3, 3, 9, 2, 3, 3, 3, 3, 3, 9, 9, 9, 9, 10, 16, 16, 26, 26, 25, 25, 9, 9, 5]","15","15","15","0.3651096820831299","0.028214693069458008"
"569","108","126","35","True","False","91","96","35","True","True","97","105","35","True","True","0.05525194238622266","0.08705099947334904","19","6","9","53","39","42","[1, 9, 9, 1, 1, 2, 2, 2, 3, 3, 5, 6, 12, 12, 12, 12, 6, 5, 4, 4, 3, 3, 1, 9, 9, 24, 25, 25, 25, 24, 1, 1, 2, 2, 2]","[1, 1, 1, 1, 2, 2, 2, 1, 1, 1, 1, 1, 1, 1, 1, 1, 1, 1, 2, 2, 2, 2, 3, 3, 4, 4, 4, 4, 4, 4, 9, 9, 9, 9, 9]","[1, 3, 3, 1, 1, 1, 1, 1, 1, 1, 2, 2, 4, 4, 4, 4, 2, 2, 1, 1, 1, 1, 1, 4, 4, 9, 9, 9, 9, 9, 1, 1, 2, 2, 2]","19","6","9","2.0214974880218506","0.2819061279296875"
"570","95","107","35","True","True","95","107","35","True","True","95","107","35","True","True","0.0","0.0","13","13","13","46","46","46","[1, 1, 1, 1, 1, 1, 1, 1, 1, 1, 1, 1, 3, 3, 8, 8, 8, 9, 9, 9, 8, 8, 8, 8, 3, 3, 2, 2, 1, 10, 10, 1, 3, 3, 3]","[1, 1, 1, 1, 1, 1, 1, 1, 1, 1, 1, 1, 3, 3, 8, 8, 8, 9, 9, 9, 8, 8, 8, 8, 3, 3, 2, 2, 1, 10, 10, 1, 3, 3, 3]","[1, 1, 1, 1, 1, 1, 1, 1, 1, 1, 1, 1, 3, 3, 8, 8, 8, 9, 9, 9, 8, 8, 8, 8, 3, 3, 2, 2, 1, 10, 10, 1, 3, 3, 3]","13","13","13","0.002000570297241211","0.00099945068359375"
"571","95","107","35","True","True","95","107","35","True","True","95","107","35","True","True","0.0","0.0","13","13","13","46","46","46","[1, 1, 1, 1, 1, 1, 1, 2, 2, 2, 2, 3, 3, 3, 3, 3, 3, 4, 4, 4, 5, 10, 10, 8, 8, 5, 5, 2, 2, 2, 2, 3, 4, 4, 4]","[1, 1, 1, 1, 1, 1, 1, 2, 2, 2, 2, 3, 3, 3, 3, 3, 3, 4, 4, 4, 5, 10, 10, 8, 8, 5, 5, 2, 2, 2, 2, 3, 4, 4, 4]","[1, 1, 1, 1, 1, 1, 1, 2, 2, 2, 2, 3, 3, 3, 3, 3, 3, 4, 4, 4, 5, 10, 10, 8, 8, 5, 5, 2, 2, 2, 2, 3, 4, 4, 4]","13","13","13","0.00099945068359375","0.0020012855529785156"
"572","100","118","35","True","True","100","118","35","True","True","100","118","35","True","True","0.0","0.0","13","13","13","51","51","51","[1, 1, 1, 1, 1, 2, 3, 3, 2, 3, 3, 3, 4, 9, 10, 10, 10, 10, 10, 10, 10, 2, 2, 3, 3, 4, 4, 1, 4, 10, 10, 1, 11, 11, 11]","[1, 1, 1, 1, 1, 2, 3, 3, 2, 3, 3, 3, 4, 9, 10, 10, 10, 10, 10, 10, 10, 2, 2, 3, 3, 4, 4, 1, 4, 10, 10, 1, 11, 11, 11]","[1, 1, 1, 1, 1, 2, 3, 3, 2, 3, 3, 3, 4, 9, 10, 10, 10, 10, 10, 10, 10, 2, 2, 3, 3, 4, 4, 1, 4, 10, 10, 1, 11, 11, 11]","13","13","13","0.004992246627807617","0.0050013065338134766"
"573","95","108","35","True","True","95","108","35","True","True","95","108","35","True","True","0.0","0.0","13","13","13","47","47","47","[1, 2, 2, 2, 2, 2, 2, 4, 4, 2, 2, 2, 2, 2, 2, 4, 4, 6, 6, 6, 6, 2, 2, 5, 5, 11, 11, 2, 4, 9, 9, 2, 1, 1, 1]","[1, 2, 2, 2, 2, 2, 2, 4, 4, 2, 2, 2, 2, 2, 2, 4, 4, 6, 6, 6, 6, 2, 2, 5, 5, 11, 11, 2, 4, 9, 9, 2, 1, 1, 1]","[1, 2, 2, 2, 2, 2, 2, 4, 4, 2, 2, 2, 2, 2, 2, 4, 4, 6, 6, 6, 6, 2, 2, 5, 5, 11, 11, 2, 4, 9, 9, 2, 1, 1, 1]","13","13","13","0.0019998550415039062","0.001999378204345703"
"574","102","120","35","True","False","101","120","35","True","False","101","120","35","True","False","0.0","0.0","15","15","15","51","51","51","[1, 1, 1, 10, 1, 2, 2, 2, 2, 2, 2, 2, 3, 5, 5, 5, 5, 5, 3, 4, 4, 8, 8, 4, 5, 8, 8, 8, 15, 15, 10, 10, 6, 6, 6]","[1, 1, 1, 9, 1, 2, 2, 2, 2, 2, 2, 2, 3, 5, 5, 5, 5, 5, 3, 4, 4, 8, 8, 4, 5, 7, 7, 8, 15, 15, 10, 10, 6, 6, 6]","[1, 1, 1, 9, 1, 2, 2, 2, 2, 2, 2, 2, 3, 5, 5, 5, 5, 5, 3, 4, 4, 8, 8, 4, 5, 7, 7, 8, 15, 15, 10, 10, 6, 6, 6]","15","15","15","0.327162504196167","0.04000401496887207"
"575","95","107","35","True","True","95","107","35","True","True","95","107","35","True","True","0.0","0.0","13","13","13","46","46","46","[1, 1, 1, 2, 2, 2, 3, 3, 2, 2, 2, 2, 3, 3, 2, 2, 5, 7, 7, 7, 7, 5, 3, 4, 4, 7, 9, 9, 7, 1, 1, 8, 12, 12, 12]","[1, 1, 1, 2, 2, 2, 3, 3, 2, 2, 2, 2, 3, 3, 2, 2, 5, 7, 7, 7, 7, 5, 3, 4, 4, 7, 9, 9, 7, 1, 1, 8, 12, 12, 12]","[1, 1, 1, 2, 2, 2, 3, 3, 2, 2, 2, 2, 3, 3, 2, 2, 5, 7, 7, 7, 7, 5, 3, 4, 4, 7, 9, 9, 7, 1, 1, 8, 12, 12, 12]","13","13","13","0.0031371116638183594","0.003000020980834961"
"576","95","107","35","True","True","95","107","35","True","True","95","107","35","True","True","0.0","0.0","13","13","13","46","46","46","[1, 1, 1, 1, 1, 1, 1, 1, 2, 3, 3, 4, 7, 7, 7, 3, 3, 2, 2, 4, 4, 1, 5, 5, 5, 5, 5, 6, 10, 10, 9, 2, 1, 1, 1]","[1, 1, 1, 1, 1, 1, 1, 1, 2, 3, 3, 4, 7, 7, 7, 3, 3, 2, 2, 4, 4, 1, 5, 5, 5, 5, 5, 6, 10, 10, 9, 2, 1, 1, 1]","[1, 1, 1, 1, 1, 1, 1, 1, 2, 3, 3, 4, 7, 7, 7, 3, 3, 2, 2, 4, 4, 1, 5, 5, 5, 5, 5, 6, 10, 10, 9, 2, 1, 1, 1]","13","13","13","0.004992961883544922","0.0050008296966552734"
"577","95","108","35","True","True","95","108","35","True","True","95","108","35","True","True","0.0","0.0","13","13","13","47","47","47","[1, 1, 1, 1, 1, 1, 1, 1, 1, 1, 1, 1, 1, 2, 2, 3, 3, 4, 6, 6, 6, 3, 4, 4, 7, 7, 9, 11, 11, 7, 7, 15, 15, 15, 1]","[1, 1, 1, 1, 1, 1, 1, 1, 1, 1, 1, 1, 1, 2, 2, 3, 3, 4, 6, 6, 6, 3, 4, 4, 7, 7, 9, 11, 11, 7, 7, 15, 15, 15, 1]","[1, 1, 1, 1, 1, 1, 1, 1, 1, 1, 1, 1, 1, 2, 2, 3, 3, 4, 6, 6, 6, 3, 4, 4, 7, 7, 9, 11, 11, 7, 7, 15, 15, 15, 1]","13","13","13","0.003992795944213867","0.003000020980834961"
"578","108","126","35","True","False","90","96","36","True","True","97","107","35","True","True","0.05155085540595172","0.08957233511480822","19","6","10","53","41","44","[1, 1, 1, 1, 2, 2, 2, 2, 2, 3, 3, 20, 12, 2, 2, 5, 5, 2, 5, 5, 5, 5, 7, 7, 5, 7, 19, 20, 27, 27, 25, 7, 3, 1, 1]","[1, 1, 1, 1, 1, 3, 3, 3, 3, 4, 4, 3, 2, 1, 1, 3, 1, 1, 1, 1, 1, 1, 1, 1, 1, 1, 1, 2, 2, 2, 2, 2, 2, 2, 3, 3]","[1, 1, 1, 1, 1, 1, 1, 1, 1, 1, 1, 3, 3, 1, 1, 2, 2, 1, 3, 3, 3, 3, 4, 4, 3, 1, 2, 2, 2, 2, 2, 1, 2, 1, 1]","19","6","10","0.9078395366668701","0.13779234886169434"
"579","108","126","35","True","False","90","96","35","True","True","98","108","35","True","True","0.045198271573320015","0.08737613395766908","19","6","10","53","40","44","[1, 1, 1, 1, 1, 1, 1, 1, 1, 2, 2, 3, 3, 3, 2, 1, 21, 1, 4, 4, 5, 5, 13, 13, 10, 22, 22, 19, 19, 9, 9, 4, 4, 4, 1]","[1, 1, 1, 1, 1, 1, 1, 1, 1, 2, 2, 2, 1, 1, 1, 3, 3, 3, 3, 3, 3, 3, 3, 3, 3, 6, 6, 6, 9, 9, 9, 9, 12, 12, 15]","[1, 1, 1, 1, 1, 1, 1, 1, 1, 2, 2, 3, 3, 3, 2, 1, 15, 1, 3, 3, 3, 3, 9, 9, 6, 12, 12, 9, 9, 6, 6, 3, 3, 3, 1]","19","6","10","3.216867208480835","0.13745713233947754"
"580","95","107","35","True","True","95","107","35","True","True","95","107","35","True","True","0.0","0.0","13","13","13","46","46","46","[1, 1, 1, 1, 2, 2, 1, 1, 2, 2, 2, 4, 4, 4, 4, 4, 4, 4, 4, 3, 3, 4, 9, 9, 5, 4, 4, 4, 9, 17, 17, 5, 7, 7, 7]","[1, 1, 1, 1, 2, 2, 1, 1, 2, 2, 2, 4, 4, 4, 4, 4, 4, 4, 4, 3, 3, 4, 9, 9, 5, 4, 4, 4, 9, 17, 17, 5, 7, 7, 7]","[1, 1, 1, 1, 2, 2, 1, 1, 2, 2, 2, 4, 4, 4, 4, 4, 4, 4, 4, 3, 3, 4, 9, 9, 5, 4, 4, 4, 9, 17, 17, 5, 7, 7, 7]","13","13","13","0.0020079612731933594","0.0009922981262207031"
"581","108","126","35","True","False","95","105","35","True","True","101","114","35","True","True","0.02955647997744315","0.06048543877629198","19","10","13","53","44","47","[1, 2, 2, 2, 2, 2, 2, 1, 4, 4, 14, 14, 14, 1, 1, 1, 3, 5, 7, 7, 50, 9, 10, 10, 10, 10, 10, 10, 11, 11, 24, 24, 24, 2, 1]","[1, 2, 2, 2, 1, 4, 4, 1, 1, 1, 3, 5, 2, 1, 2, 2, 2, 2, 2, 2, 4, 4, 4, 4, 4, 4, 4, 4, 6, 6, 6, 8, 8, 8, 16]","[1, 2, 2, 2, 2, 2, 2, 1, 4, 4, 6, 6, 6, 1, 1, 1, 3, 5, 2, 2, 16, 2, 4, 4, 4, 4, 4, 4, 4, 4, 8, 8, 8, 2, 1]","19","10","13","1.1844308376312256","0.2272496223449707"
"582","95","108","35","True","True","95","108","35","True","True","95","108","35","True","True","0.0","0.0","13","13","13","47","47","47","[1, 1, 1, 1, 3, 3, 3, 3, 3, 3, 7, 8, 9, 9, 12, 15, 15, 15, 15, 15, 12, 9, 3, 3, 3, 6, 6, 6, 23, 23, 3, 1, 1, 1, 1]","[1, 1, 1, 1, 3, 3, 3, 3, 3, 3, 7, 8, 9, 9, 12, 15, 15, 15, 15, 15, 12, 9, 3, 3, 3, 6, 6, 6, 23, 23, 3, 1, 1, 1, 1]","[1, 1, 1, 1, 3, 3, 3, 3, 3, 3, 7, 8, 9, 9, 12, 15, 15, 15, 15, 15, 12, 9, 3, 3, 3, 6, 6, 6, 23, 23, 3, 1, 1, 1, 1]","13","13","13","0.0029931068420410156","0.0019996166229248047"
"583","95","108","35","True","True","95","108","35","True","True","95","108","35","True","True","0.0","0.0","13","13","13","47","47","47","[1, 1, 1, 1, 1, 1, 1, 1, 1, 2, 3, 3, 1, 2, 3, 3, 3, 3, 2, 2, 2, 2, 13, 13, 8, 8, 8, 23, 23, 16, 2, 1, 1, 1, 1]","[1, 1, 1, 1, 1, 1, 1, 1, 1, 2, 3, 3, 1, 2, 3, 3, 3, 3, 2, 2, 2, 2, 13, 13, 8, 8, 8, 23, 23, 16, 2, 1, 1, 1, 1]","[1, 1, 1, 1, 1, 1, 1, 1, 1, 2, 3, 3, 1, 2, 3, 3, 3, 3, 2, 2, 2, 2, 13, 13, 8, 8, 8, 23, 23, 16, 2, 1, 1, 1, 1]","13","13","13","0.0019943714141845703","0.0019998550415039062"
"584","108","126","35","True","False","89","95","35","True","True","99","110","35","True","True","0.039755437078845324","0.09246785404098079","19","6","11","53","40","45","[1, 1, 1, 1, 1, 1, 1, 1, 1, 1, 2, 2, 2, 4, 4, 2, 2, 15, 11, 11, 2, 2, 2, 3, 17, 29, 29, 29, 5, 5, 2, 2, 7, 7, 7]","[1, 1, 1, 1, 1, 1, 1, 1, 1, 1, 1, 1, 1, 1, 1, 1, 1, 1, 1, 1, 1, 2, 2, 3, 3, 3, 3, 3, 4, 4, 6, 7, 11, 11, 11]","[1, 1, 1, 1, 1, 1, 1, 1, 1, 1, 1, 1, 1, 3, 3, 1, 1, 6, 4, 4, 1, 1, 1, 1, 7, 11, 11, 11, 2, 2, 1, 1, 3, 3, 3]","19","6","11","2.0661959648132324","0.4813055992126465"
"585","95","107","35","True","True","95","107","35","True","True","95","107","35","True","True","0.0","0.0","13","13","13","46","46","46","[1, 1, 1, 1, 1, 2, 2, 1, 1, 1, 1, 2, 2, 2, 2, 3, 4, 8, 10, 10, 11, 11, 5, 4, 4, 4, 2, 1, 2, 2, 1, 2, 2, 2, 1]","[1, 1, 1, 1, 1, 2, 2, 1, 1, 1, 1, 2, 2, 2, 2, 3, 4, 8, 10, 10, 11, 11, 5, 4, 4, 4, 2, 1, 2, 2, 1, 2, 2, 2, 1]","[1, 1, 1, 1, 1, 2, 2, 1, 1, 1, 1, 2, 2, 2, 2, 3, 4, 8, 10, 10, 11, 11, 5, 4, 4, 4, 2, 1, 2, 2, 1, 2, 2, 2, 1]","13","13","13","0.001999378204345703","0.0020003318786621094"
"586","95","108","35","True","True","95","108","35","True","True","95","108","35","True","True","0.0","0.0","13","13","13","47","47","47","[1, 1, 1, 1, 2, 2, 2, 4, 5, 5, 5, 7, 7, 10, 10, 10, 5, 5, 6, 6, 2, 12, 12, 14, 17, 17, 18, 18, 18, 23, 23, 23, 18, 16, 1]","[1, 1, 1, 1, 2, 2, 2, 4, 5, 5, 5, 7, 7, 10, 10, 10, 5, 5, 6, 6, 2, 12, 12, 14, 17, 17, 18, 18, 18, 23, 23, 23, 18, 16, 1]","[1, 1, 1, 1, 2, 2, 2, 4, 5, 5, 5, 7, 7, 10, 10, 10, 5, 5, 6, 6, 2, 12, 12, 14, 17, 17, 18, 18, 18, 23, 23, 23, 18, 16, 1]","13","13","13","0.0019996166229248047","0.001999378204345703"
"587","95","108","35","True","True","95","108","35","True","True","95","108","35","True","True","0.0","0.0","13","13","13","47","47","47","[1, 1, 1, 1, 1, 1, 1, 1, 3, 3, 3, 3, 3, 6, 6, 3, 3, 3, 3, 3, 4, 16, 19, 22, 25, 25, 25, 25, 15, 7, 3, 3, 3, 3, 1]","[1, 1, 1, 1, 1, 1, 1, 1, 3, 3, 3, 3, 3, 6, 6, 3, 3, 3, 3, 3, 4, 16, 19, 22, 25, 25, 25, 25, 15, 7, 3, 3, 3, 3, 1]","[1, 1, 1, 1, 1, 1, 1, 1, 3, 3, 3, 3, 3, 6, 6, 3, 3, 3, 3, 3, 4, 16, 19, 22, 25, 25, 25, 25, 15, 7, 3, 3, 3, 3, 1]","13","13","13","0.0020003318786621094","0.0009999275207519531"
"588","95","107","35","True","True","95","107","35","True","True","95","107","35","True","True","0.0","0.0","13","13","13","46","46","46","[1, 1, 1, 1, 1, 1, 1, 3, 3, 3, 5, 5, 8, 11, 15, 15, 15, 15, 15, 3, 1, 1, 1, 18, 18, 18, 18, 18, 51, 51, 51, 18, 17, 17, 17]","[1, 1, 1, 1, 1, 1, 1, 3, 3, 3, 5, 5, 8, 11, 15, 15, 15, 15, 15, 3, 1, 1, 1, 18, 18, 18, 18, 18, 51, 51, 51, 18, 17, 17, 17]","[1, 1, 1, 1, 1, 1, 1, 3, 3, 3, 5, 5, 8, 11, 15, 15, 15, 15, 15, 3, 1, 1, 1, 18, 18, 18, 18, 18, 51, 51, 51, 18, 17, 17, 17]","13","13","13","0.0020008087158203125","0.001004934310913086"
"589","95","107","35","True","True","95","107","35","True","True","95","107","35","True","True","0.0","0.0","13","13","13","46","46","46","[1, 2, 2, 1, 3, 3, 6, 9, 15, 24, 30, 30, 30, 39, 39, 60, 60, 60, 45, 45, 15, 9, 9, 9, 39, 39, 9, 9, 9, 9, 3, 63, 63, 63, 63]","[1, 2, 2, 1, 3, 3, 6, 9, 15, 24, 30, 30, 30, 39, 39, 60, 60, 60, 45, 45, 15, 9, 9, 9, 39, 39, 9, 9, 9, 9, 3, 63, 63, 63, 63]","[1, 2, 2, 1, 3, 3, 6, 9, 15, 24, 30, 30, 30, 39, 39, 60, 60, 60, 45, 45, 15, 9, 9, 9, 39, 39, 9, 9, 9, 9, 3, 63, 63, 63, 63]","13","13","13","0.0020041465759277344","0.0019960403442382812"
"590","95","108","35","True","True","95","108","35","True","True","95","108","35","True","True","0.0","0.0","13","13","13","47","47","47","[1, 1, 1, 1, 1, 2, 3, 3, 2, 2, 4, 4, 4, 4, 4, 4, 2, 2, 2, 1, 3, 3, 3, 2, 8, 15, 15, 16, 16, 15, 15, 3, 3, 3, 1]","[1, 1, 1, 1, 1, 2, 3, 3, 2, 2, 4, 4, 4, 4, 4, 4, 2, 2, 2, 1, 3, 3, 3, 2, 8, 15, 15, 16, 16, 15, 15, 3, 3, 3, 1]","[1, 1, 1, 1, 1, 2, 3, 3, 2, 2, 4, 4, 4, 4, 4, 4, 2, 2, 2, 1, 3, 3, 3, 2, 8, 15, 15, 16, 16, 15, 15, 3, 3, 3, 1]","13","13","13","0.0009937286376953125","0.0019931793212890625"
"591","95","107","35","True","True","95","107","35","True","True","95","107","35","True","True","0.0","0.0","13","13","13","46","46","46","[1, 1, 2, 2, 3, 3, 5, 6, 6, 12, 12, 12, 18, 18, 22, 24, 24, 22, 18, 6, 6, 6, 6, 6, 5, 5, 5, 5, 36, 36, 2, 8, 8, 1, 1]","[1, 1, 2, 2, 3, 3, 5, 6, 6, 12, 12, 12, 18, 18, 22, 24, 24, 22, 18, 6, 6, 6, 6, 6, 5, 5, 5, 5, 36, 36, 2, 8, 8, 1, 1]","[1, 1, 2, 2, 3, 3, 5, 6, 6, 12, 12, 12, 18, 18, 22, 24, 24, 22, 18, 6, 6, 6, 6, 6, 5, 5, 5, 5, 36, 36, 2, 8, 8, 1, 1]","13","13","13","0.0011444091796875","0.0018570423126220703"
"592","108","126","35","True","False","88","93","35","True","True","100","112","35","True","True","0.03442662460857604","0.09865257306819786","19","5","12","53","40","46","[1, 1, 3, 3, 19, 4, 8, 8, 4, 4, 4, 4, 15, 7, 7, 7, 7, 8, 8, 12, 12, 15, 15, 8, 9, 9, 9, 9, 3, 5, 5, 1, 1, 1, 1]","[0, 0, 0, 0, 0, 0, 0, 0, 0, 1, 1, 1, 1, 1, 1, 1, 1, 1, 1, 1, 1, 1, 1, 1, 1, 1, 1, 2, 2, 2, 2, 3, 3, 3, 4]","[1, 1, 3, 3, 12, 3, 6, 6, 3, 3, 3, 3, 9, 3, 3, 3, 3, 3, 3, 9, 9, 6, 6, 3, 3, 3, 3, 3, 3, 3, 3, 1, 1, 1, 1]","19","5","12","1.0328655242919922","0.2680835723876953"
"593","95","108","35","True","True","95","108","35","True","True","95","108","35","True","True","0.0","0.0","13","13","13","47","47","47","[1, 1, 1, 1, 2, 2, 2, 2, 4, 4, 4, 1, 1, 2, 3, 3, 3, 3, 4, 11, 11, 11, 8, 4, 4, 4, 3, 3, 6, 6, 6, 1, 1, 1, 1]","[1, 1, 1, 1, 2, 2, 2, 2, 4, 4, 4, 1, 1, 2, 3, 3, 3, 3, 4, 11, 11, 11, 8, 4, 4, 4, 3, 3, 6, 6, 6, 1, 1, 1, 1]","[1, 1, 1, 1, 2, 2, 2, 2, 4, 4, 4, 1, 1, 2, 3, 3, 3, 3, 4, 11, 11, 11, 8, 4, 4, 4, 3, 3, 6, 6, 6, 1, 1, 1, 1]","13","13","13","0.0019998550415039062","0.0019974708557128906"
"594","95","108","35","True","True","95","108","35","True","True","95","108","35","True","True","0.0","0.0","13","13","13","47","47","47","[1, 2, 2, 1, 1, 2, 2, 2, 2, 1, 1, 1, 1, 1, 1, 1, 1, 1, 1, 2, 2, 2, 2, 5, 7, 8, 10, 10, 8, 3, 3, 1, 1, 1, 1]","[1, 2, 2, 1, 1, 2, 2, 2, 2, 1, 1, 1, 1, 1, 1, 1, 1, 1, 1, 2, 2, 2, 2, 5, 7, 8, 10, 10, 8, 3, 3, 1, 1, 1, 1]","[1, 2, 2, 1, 1, 2, 2, 2, 2, 1, 1, 1, 1, 1, 1, 1, 1, 1, 1, 2, 2, 2, 2, 5, 7, 8, 10, 10, 8, 3, 3, 1, 1, 1, 1]","13","13","13","0.002001047134399414","0.001997709274291992"
"595","95","107","35","True","True","95","107","35","True","True","95","107","35","True","True","0.0","0.0","13","13","13","46","46","46","[1, 1, 1, 1, 2, 2, 2, 2, 2, 2, 3, 5, 5, 2, 3, 4, 4, 7, 9, 9, 7, 2, 2, 5, 5, 1, 4, 4, 1, 1, 4, 8, 8, 8, 3]","[1, 1, 1, 1, 2, 2, 2, 2, 2, 2, 3, 5, 5, 2, 3, 4, 4, 7, 9, 9, 7, 2, 2, 5, 5, 1, 4, 4, 1, 1, 4, 8, 8, 8, 3]","[1, 1, 1, 1, 2, 2, 2, 2, 2, 2, 3, 5, 5, 2, 3, 4, 4, 7, 9, 9, 7, 2, 2, 5, 5, 1, 4, 4, 1, 1, 4, 8, 8, 8, 3]","13","13","13","0.0019981861114501953","0.00099945068359375"
"596","95","107","35","True","True","95","107","35","True","True","95","107","35","True","True","0.0","0.0","13","13","13","46","46","46","[1, 2, 2, 2, 6, 6, 6, 2, 2, 2, 6, 6, 6, 6, 6, 6, 6, 2, 4, 4, 4, 6, 6, 6, 10, 10, 1, 7, 11, 17, 17, 17, 9, 7, 7]","[1, 2, 2, 2, 6, 6, 6, 2, 2, 2, 6, 6, 6, 6, 6, 6, 6, 2, 4, 4, 4, 6, 6, 6, 10, 10, 1, 7, 11, 17, 17, 17, 9, 7, 7]","[1, 2, 2, 2, 6, 6, 6, 2, 2, 2, 6, 6, 6, 6, 6, 6, 6, 2, 4, 4, 4, 6, 6, 6, 10, 10, 1, 7, 11, 17, 17, 17, 9, 7, 7]","13","13","13","0.0010023117065429688","0.0019991397857666016"
"597","100","117","35","True","True","100","117","35","True","True","100","117","35","True","True","0.0","0.0","13","13","13","50","50","50","[1, 1, 1, 1, 1, 1, 1, 2, 3, 3, 2, 2, 2, 2, 4, 5, 5, 5, 2, 4, 4, 4, 4, 5, 7, 8, 8, 8, 8, 9, 9, 9, 2, 1, 1]","[1, 1, 1, 1, 1, 1, 1, 2, 3, 3, 2, 2, 2, 2, 4, 5, 5, 5, 2, 4, 4, 4, 4, 5, 7, 8, 8, 8, 8, 9, 9, 9, 2, 1, 1]","[1, 1, 1, 1, 1, 1, 1, 2, 3, 3, 2, 2, 2, 2, 4, 5, 5, 5, 2, 4, 4, 4, 4, 5, 7, 8, 8, 8, 8, 9, 9, 9, 2, 1, 1]","13","13","13","0.0019941329956054688","0.0019991397857666016"
"598","95","108","35","True","True","95","108","35","True","True","95","108","35","True","True","0.0","0.0","13","13","13","47","47","47","[1, 1, 1, 1, 1, 1, 1, 3, 3, 2, 2, 1, 1, 1, 1, 3, 3, 3, 3, 4, 4, 4, 3, 3, 18, 18, 13, 1, 1, 2, 9, 9, 6, 6, 6]","[1, 1, 1, 1, 1, 1, 1, 3, 3, 2, 2, 1, 1, 1, 1, 3, 3, 3, 3, 4, 4, 4, 3, 3, 18, 18, 13, 1, 1, 2, 9, 9, 6, 6, 6]","[1, 1, 1, 1, 1, 1, 1, 3, 3, 2, 2, 1, 1, 1, 1, 3, 3, 3, 3, 4, 4, 4, 3, 3, 18, 18, 13, 1, 1, 2, 9, 9, 6, 6, 6]","13","13","13","0.0019948482513427734","0.0009999275207519531"
"599","108","126","35","True","False","93","101","35","True","True","99","110","35","True","True","0.04027346452462888","0.07155936749129477","19","8","11","53","42","45","[1, 1, 1, 1, 1, 1, 1, 1, 1, 2, 2, 2, 2, 1, 1, 1, 1, 1, 1, 2, 3, 4, 4, 4, 4, 8, 13, 13, 19, 21, 66, 43, 66, 43, 8]","[1, 1, 1, 1, 1, 1, 1, 1, 1, 1, 1, 1, 1, 1, 1, 1, 2, 1, 1, 1, 1, 1, 1, 1, 1, 2, 2, 3, 3, 4, 4, 8, 8, 13, 13]","[1, 1, 1, 1, 1, 1, 1, 1, 1, 1, 1, 1, 1, 1, 1, 1, 1, 1, 1, 2, 1, 1, 1, 1, 1, 2, 3, 3, 4, 4, 13, 8, 13, 8, 2]","19","8","11","1.6041531562805176","0.142287015914917"
