"NETWORK NUMBER","V(N)","A(N)","L(N)","isBinary","isTreeBased","V(PN)","A(PN)","L(PN)","isBinary","isTreeBased","V(FN)","A(FN)","L(FN)","isBinary","isTreeBased","Measure1 FOLD","Measure1 PP","RV Input","RV PN","RV FN","TV Input","TV PN","TV FN","PL Input","PL PN","PL FN","HN Input","HN PN","HN FN"
"0","30","38","10","True","True","30","38","10","True","True","30","38","10","True","True","0.0","0.0","3","3","3","16","16","16","[1, 1, 1, 2, 2, 2, 1, 2, 2, 2]","[1, 1, 1, 2, 2, 2, 1, 2, 2, 2]","[1, 1, 1, 2, 2, 2, 1, 2, 2, 2]","3","3","3"
"1","25","28","10","True","True","25","28","10","True","True","25","28","10","True","True","0.0","0.0","3","3","3","12","12","12","[1, 1, 1, 1, 1, 1, 2, 2, 2, 1]","[1, 1, 1, 1, 1, 1, 2, 2, 2, 1]","[1, 1, 1, 1, 1, 1, 2, 2, 2, 1]","3","3","3"
"2","25","28","10","True","True","25","28","10","True","True","25","28","10","True","True","0.0","0.0","3","3","3","12","12","12","[1, 2, 2, 2, 2, 2, 1, 2, 2, 2]","[1, 2, 2, 2, 2, 2, 1, 2, 2, 2]","[1, 2, 2, 2, 2, 2, 1, 2, 2, 2]","3","3","3"
"3","38","46","10","True","False","25","27","10","True","True","33","37","10","True","False","0.06803804921686318","0.19796337196244385","9","3","5","18","11","13","[1, 1, 1, 1, 4, 4, 2, 8, 4, 1]","[1, 1, 1, 1, 1, 2, 4, 4, 4, 8]","[1, 1, 1, 1, 2, 2, 1, 4, 3, 1]","9","3","5"
"4","25","28","10","True","True","25","28","10","True","True","25","28","10","True","True","0.0","0.0","3","3","3","12","12","12","[1, 1, 1, 1, 2, 2, 2, 2, 2, 2]","[1, 1, 1, 1, 2, 2, 2, 2, 2, 2]","[1, 1, 1, 1, 2, 2, 2, 2, 2, 2]","3","3","3"
"5","38","46","10","True","False","33","39","10","True","True","34","38","11","True","True","0.05588843448841807","0.06980169127751379","9","7","5","18","15","14","[1, 1, 2, 2, 9, 10, 24, 10, 2, 1]","[1, 1, 1, 2, 2, 2, 9, 10, 10, 24]","[1, 1, 2, 2, 4, 4, 10, 4, 2, 1, 4]","9","7","5"
"6","32","40","10","True","False","29","33","10","True","True","31","40","10","True","False","0.0","0.07888875481730406","5","5","5","16","13","16","[1, 4, 4, 2, 3, 3, 3, 10, 1, 1]","[1, 1, 1, 2, 3, 3, 3, 4, 4, 9]","[1, 4, 4, 2, 3, 3, 3, 9, 1, 1]","5","5","5"
"7","25","28","10","True","True","25","28","10","True","True","25","28","10","True","True","0.0","0.0","3","3","3","12","12","12","[1, 1, 1, 1, 2, 2, 2, 2, 2, 2]","[1, 1, 1, 1, 2, 2, 2, 2, 2, 2]","[1, 1, 1, 1, 2, 2, 2, 2, 2, 2]","3","3","3"
"8","25","28","10","True","True","25","28","10","True","True","25","28","10","True","True","0.0","0.0","3","3","3","12","12","12","[1, 1, 1, 1, 2, 2, 2, 2, 2, 2]","[1, 1, 1, 1, 2, 2, 2, 2, 2, 2]","[1, 1, 1, 1, 2, 2, 2, 2, 2, 2]","3","3","3"
"9","30","38","10","True","True","30","38","10","True","True","30","38","10","True","True","0.0","0.0","3","3","3","16","16","16","[1, 1, 1, 1, 1, 3, 3, 1, 1, 1]","[1, 1, 1, 1, 1, 3, 3, 1, 1, 1]","[1, 1, 1, 1, 1, 3, 3, 1, 1, 1]","3","3","3"
"10","25","27","10","True","True","25","27","10","True","True","25","27","10","True","True","0.0","0.0","3","3","3","11","11","11","[1, 1, 1, 1, 1, 1, 1, 4, 4, 4]","[1, 1, 1, 1, 1, 1, 1, 4, 4, 4]","[1, 1, 1, 1, 1, 1, 1, 4, 4, 4]","3","3","3"
"11","38","46","10","True","False","29","33","10","True","True","31","33","10","True","True","0.10340884704603126","0.131515214219608","9","5","3","18","13","12","[7, 2, 2, 3, 4, 4, 8, 8, 8, 1]","[1, 2, 2, 3, 4, 4, 7, 8, 8, 8]","[4, 2, 2, 2, 2, 2, 4, 4, 4, 1]","9","5","3"
"12","25","27","10","True","True","25","27","10","True","True","25","27","10","True","True","0.0","0.0","3","3","3","11","11","11","[1, 2, 2, 2, 2, 3, 3, 1, 1, 1]","[1, 2, 2, 2, 2, 3, 3, 1, 1, 1]","[1, 2, 2, 2, 2, 3, 3, 1, 1, 1]","3","3","3"
"13","38","46","10","True","False","27","30","10","True","True","33","38","10","True","True","0.05489916974662301","0.1640787788774989","9","4","5","18","12","14","[5, 1, 2, 2, 2, 2, 3, 5, 10, 5]","[1, 1, 1, 1, 1, 2, 3, 3, 3, 7]","[2, 1, 1, 1, 1, 1, 2, 3, 6, 3]","9","4","5"
"14","25","27","10","True","True","25","27","10","True","True","25","27","10","True","True","0.0","0.0","3","3","3","11","11","11","[1, 1, 2, 2, 5, 5, 2, 1, 1, 1]","[1, 1, 2, 2, 5, 5, 2, 1, 1, 1]","[1, 1, 2, 2, 5, 5, 2, 1, 1, 1]","3","3","3"
"15","25","28","10","True","True","25","28","10","True","True","25","28","10","True","True","0.0","0.0","3","3","3","12","12","12","[1, 2, 2, 2, 3, 3, 3, 3, 3, 1]","[1, 2, 2, 2, 3, 3, 3, 3, 3, 1]","[1, 2, 2, 2, 3, 3, 3, 3, 3, 1]","3","3","3"
"16","38","46","10","True","False","31","36","10","True","False","35","42","10","True","True","0.025978894194431335","0.10012925464759448","9","6","7","18","14","16","[1, 4, 7, 7, 7, 9, 17, 17, 17, 1]","[1, 1, 3, 6, 6, 6, 8, 15, 15, 15]","[1, 3, 5, 5, 5, 7, 13, 13, 13, 1]","9","6","7"
"17","30","38","10","True","True","30","38","10","True","True","30","38","10","True","True","0.0","0.0","3","3","3","16","16","16","[1, 1, 1, 1, 1, 2, 3, 3, 3, 1]","[1, 1, 1, 1, 1, 2, 3, 3, 3, 1]","[1, 1, 1, 1, 1, 2, 3, 3, 3, 1]","3","3","3"
"18","25","28","10","True","True","25","28","10","True","True","25","28","10","True","True","0.0","0.0","3","3","3","12","12","12","[1, 1, 1, 1, 3, 3, 2, 2, 1, 1]","[1, 1, 1, 1, 3, 3, 2, 2, 1, 1]","[1, 1, 1, 1, 3, 3, 2, 2, 1, 1]","3","3","3"
"19","25","28","10","True","True","25","28","10","True","True","25","28","10","True","True","0.0","0.0","3","3","3","12","12","12","[1, 3, 3, 3, 2, 2, 2, 2, 1, 1]","[1, 3, 3, 3, 2, 2, 2, 2, 1, 1]","[1, 3, 3, 3, 2, 2, 2, 2, 1, 1]","3","3","3"
"20","30","38","10","True","True","30","38","10","True","True","30","38","10","True","True","0.0","0.0","3","3","3","16","16","16","[1, 1, 2, 3, 3, 1, 1, 1, 1, 1]","[1, 1, 2, 3, 3, 1, 1, 1, 1, 1]","[1, 1, 2, 3, 3, 1, 1, 1, 1, 1]","3","3","3"
"21","25","28","10","True","True","25","28","10","True","True","25","28","10","True","True","0.0","0.0","3","3","3","12","12","12","[1, 1, 1, 2, 2, 3, 3, 2, 2, 2]","[1, 1, 1, 2, 2, 3, 3, 2, 2, 2]","[1, 1, 1, 2, 2, 3, 3, 2, 2, 2]","3","3","3"
"22","38","46","10","True","False","27","30","10","True","True","29","30","10","True","True","0.12962651276055648","0.1640787788774989","9","4","2","18","12","10","[1, 1, 8, 4, 4, 4, 10, 4, 2, 2]","[1, 1, 2, 2, 4, 4, 4, 4, 8, 10]","[1, 1, 2, 1, 1, 1, 2, 1, 1, 1]","9","4","2"
"23","30","37","10","True","True","30","37","10","True","True","30","37","10","True","True","0.0","0.0","3","3","3","15","15","15","[1, 3, 3, 2, 2, 4, 4, 2, 2, 1]","[1, 3, 3, 2, 2, 4, 4, 2, 2, 1]","[1, 3, 3, 2, 2, 4, 4, 2, 2, 1]","3","3","3"
"24","25","27","10","True","True","25","27","10","True","True","25","27","10","True","True","0.0","0.0","3","3","3","11","11","11","[1, 1, 1, 1, 1, 3, 3, 2, 2, 2]","[1, 1, 1, 1, 1, 3, 3, 2, 2, 2]","[1, 1, 1, 1, 1, 3, 3, 2, 2, 2]","3","3","3"
"25","25","27","10","True","True","25","27","10","True","True","25","27","10","True","True","0.0","0.0","3","3","3","11","11","11","[1, 1, 1, 1, 3, 3, 2, 2, 1, 1]","[1, 1, 1, 1, 3, 3, 2, 2, 1, 1]","[1, 1, 1, 1, 3, 3, 2, 2, 1, 1]","3","3","3"
"26","25","27","10","True","True","25","27","10","True","True","25","27","10","True","True","0.0","0.0","3","3","3","11","11","11","[1, 1, 1, 1, 1, 4, 4, 4, 2, 1]","[1, 1, 1, 1, 1, 4, 4, 4, 2, 1]","[1, 1, 1, 1, 1, 4, 4, 4, 2, 1]","3","3","3"
"27","30","38","10","True","True","30","38","10","True","True","30","38","10","True","True","0.0","0.0","3","3","3","16","16","16","[1, 1, 1, 1, 2, 2, 2, 2, 2, 1]","[1, 1, 1, 1, 2, 2, 2, 2, 2, 1]","[1, 1, 1, 1, 2, 2, 2, 2, 2, 1]","3","3","3"
"28","38","46","10","True","False","27","30","10","True","True","33","38","10","True","True","0.05539367261320105","0.1640787788774989","9","4","5","18","12","14","[1, 1, 8, 8, 2, 2, 4, 4, 4, 2]","[1, 1, 1, 1, 2, 2, 2, 2, 6, 7]","[1, 1, 3, 4, 1, 1, 2, 2, 2, 1]","9","4","5"
"29","30","38","10","True","True","30","38","10","True","True","30","38","10","True","True","0.0","0.0","3","3","3","16","16","16","[1, 2, 2, 2, 4, 4, 4, 4, 4, 1]","[1, 2, 2, 2, 4, 4, 4, 4, 4, 1]","[1, 2, 2, 2, 4, 4, 4, 4, 4, 1]","3","3","3"
"30","38","46","10","True","False","25","27","10","True","True","34","40","10","True","True","0.041429698943123316","0.19796337196244385","9","3","6","18","11","15","[1, 2, 3, 3, 3, 6, 2, 2, 2, 6]","[1, 1, 1, 1, 1, 2, 2, 2, 2, 6]","[1, 1, 1, 1, 1, 2, 2, 2, 2, 6]","9","3","6"
"31","25","28","10","True","True","25","28","10","True","True","25","28","10","True","True","0.0","0.0","3","3","3","12","12","12","[1, 1, 1, 1, 1, 2, 4, 4, 1, 1]","[1, 1, 1, 1, 1, 2, 4, 4, 1, 1]","[1, 1, 1, 1, 1, 2, 4, 4, 1, 1]","3","3","3"
"32","38","46","10","True","False","29","33","10","True","True","35","42","10","True","False","0.02706228890395479","0.131515214219608","9","5","7","18","13","16","[1, 1, 1, 2, 5, 7, 16, 7, 5, 1]","[1, 1, 1, 1, 2, 4, 4, 5, 5, 12]","[1, 1, 1, 2, 4, 5, 12, 5, 4, 1]","9","5","7"
"33","25","27","10","True","True","25","27","10","True","True","25","27","10","True","True","0.0","0.0","3","3","3","11","11","11","[1, 1, 2, 2, 1, 2, 3, 3, 1, 1]","[1, 1, 2, 2, 1, 2, 3, 3, 1, 1]","[1, 1, 2, 2, 1, 2, 3, 3, 1, 1]","3","3","3"
"34","25","28","10","True","True","25","28","10","True","True","25","28","10","True","True","0.0","0.0","3","3","3","12","12","12","[1, 1, 1, 1, 2, 4, 4, 4, 4, 4]","[1, 1, 1, 1, 2, 4, 4, 4, 4, 4]","[1, 1, 1, 1, 2, 4, 4, 4, 4, 4]","3","3","3"
"35","38","46","10","True","False","29","33","10","True","True","33","37","10","True","True","0.0686685775557313","0.131515214219608","9","5","5","18","13","13","[1, 1, 1, 7, 8, 4, 2, 1, 1, 1]","[1, 1, 1, 1, 1, 1, 2, 4, 7, 8]","[1, 1, 1, 6, 5, 2, 2, 1, 1, 1]","9","5","5"
"36","32","40","10","True","False","25","27","10","True","True","31","40","10","True","False","0.0","0.14936338640639057","5","3","5","16","11","16","[8, 1, 1, 1, 3, 4, 4, 4, 2, 1]","[1, 1, 1, 1, 2, 3, 3, 3, 3, 6]","[6, 1, 1, 1, 3, 3, 3, 3, 2, 1]","5","3","5"
"37","25","27","10","True","True","25","27","10","True","True","25","27","10","True","True","0.0","0.0","3","3","3","11","11","11","[1, 1, 1, 2, 2, 2, 3, 4, 4, 4]","[1, 1, 1, 2, 2, 2, 3, 4, 4, 4]","[1, 1, 1, 2, 2, 2, 3, 4, 4, 4]","3","3","3"
"38","38","46","10","True","False","25","27","10","True","True","35","42","10","True","True","0.027542636376090224","0.19796337196244385","9","3","7","18","11","16","[2, 3, 9, 3, 3, 4, 11, 4, 4, 1]","[1, 1, 2, 2, 2, 2, 2, 2, 6, 6]","[1, 1, 4, 1, 1, 2, 6, 2, 2, 1]","9","3","7"
"39","25","28","10","True","True","25","28","10","True","True","25","28","10","True","True","0.0","0.0","3","3","3","12","12","12","[1, 2, 2, 2, 2, 1, 3, 3, 3, 3]","[1, 2, 2, 2, 2, 1, 3, 3, 3, 3]","[1, 2, 2, 2, 2, 1, 3, 3, 3, 3]","3","3","3"
"40","25","28","10","True","True","25","28","10","True","True","25","28","10","True","True","0.0","0.0","3","3","3","12","12","12","[1, 1, 1, 1, 1, 2, 3, 3, 3, 2]","[1, 1, 1, 1, 1, 2, 3, 3, 3, 2]","[1, 1, 1, 1, 1, 2, 3, 3, 3, 2]","3","3","3"
"41","32","40","10","True","False","25","27","10","True","True","31","40","10","True","False","0.0","0.14936338640639057","5","3","5","16","11","16","[1, 6, 2, 1, 1, 1, 2, 3, 3, 3]","[1, 1, 1, 1, 1, 2, 2, 2, 2, 5]","[1, 5, 2, 1, 1, 1, 1, 2, 2, 2]","5","3","5"
"42","30","37","10","True","True","30","37","10","True","True","30","37","10","True","True","0.0","0.0","3","3","3","15","15","15","[1, 3, 3, 2, 2, 3, 3, 3, 1, 1]","[1, 3, 3, 2, 2, 3, 3, 3, 1, 1]","[1, 3, 3, 2, 2, 3, 3, 3, 1, 1]","3","3","3"
"43","25","28","10","True","True","25","28","10","True","True","25","28","10","True","True","0.0","0.0","3","3","3","12","12","12","[1, 2, 3, 3, 3, 3, 2, 2, 1, 1]","[1, 2, 3, 3, 3, 3, 2, 2, 1, 1]","[1, 2, 3, 3, 3, 3, 2, 2, 1, 1]","3","3","3"
"44","38","46","10","True","False","23","24","10","True","True","34","41","10","True","True","0.041429698943123316","0.23334413358745298","9","2","7","18","10","16","[1, 5, 6, 6, 1, 1, 2, 2, 2, 1]","[1, 1, 1, 1, 2, 2, 2, 2, 4, 4]","[1, 2, 4, 4, 1, 1, 2, 2, 2, 1]","9","2","7"
"45","30","38","10","True","True","30","38","10","True","True","30","38","10","True","True","0.0","0.0","3","3","3","16","16","16","[1, 1, 1, 3, 3, 2, 2, 1, 1, 1]","[1, 1, 1, 3, 3, 2, 2, 1, 1, 1]","[1, 1, 1, 3, 3, 2, 2, 1, 1, 1]","3","3","3"
"46","32","40","10","True","False","29","33","10","True","True","31","40","10","True","False","0.0","0.07888875481730406","5","5","5","16","13","16","[1, 2, 2, 1, 2, 3, 3, 3, 12, 12]","[1, 1, 2, 2, 2, 3, 3, 3, 11, 11]","[1, 2, 2, 1, 2, 3, 3, 3, 11, 11]","5","5","5"
"47","25","28","10","True","True","25","28","10","True","True","25","28","10","True","True","0.0","0.0","3","3","3","12","12","12","[1, 1, 3, 3, 1, 1, 1, 1, 1, 1]","[1, 1, 3, 3, 1, 1, 1, 1, 1, 1]","[1, 1, 3, 3, 1, 1, 1, 1, 1, 1]","3","3","3"
"48","38","46","10","True","False","31","36","10","True","True","36","44","10","True","False","0.012903977681324341","0.10012925464759448","9","6","8","18","14","17","[1, 2, 2, 2, 4, 8, 9, 21, 21, 1]","[1, 1, 1, 1, 1, 2, 5, 6, 14, 14]","[1, 1, 1, 1, 2, 5, 6, 14, 14, 1]","9","6","8"
"49","30","38","10","True","True","30","38","10","True","True","30","38","10","True","True","0.0","0.0","3","3","3","16","16","16","[1, 1, 1, 2, 2, 2, 1, 2, 2, 2]","[1, 1, 1, 2, 2, 2, 1, 2, 2, 2]","[1, 1, 1, 2, 2, 2, 1, 2, 2, 2]","3","3","3"
"50","38","46","10","True","False","31","36","10","True","True","36","44","10","True","False","0.012903977681324341","0.10012925464759448","9","6","8","18","14","17","[1, 1, 2, 2, 1, 5, 5, 18, 18, 18]","[1, 1, 1, 2, 2, 4, 4, 15, 15, 15]","[1, 1, 2, 2, 1, 4, 4, 15, 15, 15]","9","6","8"
"51","32","40","10","True","False","25","27","10","True","True","31","40","10","True","False","0.0","0.14936338640639057","5","3","5","16","11","16","[1, 2, 2, 1, 1, 8, 3, 3, 3, 3]","[1, 1, 1, 2, 2, 2, 2, 2, 2, 5]","[1, 2, 2, 1, 1, 5, 2, 2, 2, 2]","5","3","5"
"52","25","28","10","True","True","25","28","10","True","True","25","28","10","True","True","0.0","0.0","3","3","3","12","12","12","[1, 1, 1, 1, 1, 2, 2, 2, 2, 1]","[1, 1, 1, 1, 1, 2, 2, 2, 2, 1]","[1, 1, 1, 1, 1, 2, 2, 2, 2, 1]","3","3","3"
"53","25","27","10","True","True","25","27","10","True","True","25","27","10","True","True","0.0","0.0","3","3","3","11","11","11","[1, 1, 3, 3, 2, 4, 4, 4, 1, 1]","[1, 1, 3, 3, 2, 4, 4, 4, 1, 1]","[1, 1, 3, 3, 2, 4, 4, 4, 1, 1]","3","3","3"
"54","25","28","10","True","True","25","28","10","True","True","25","28","10","True","True","0.0","0.0","3","3","3","12","12","12","[1, 1, 1, 1, 1, 2, 3, 3, 1, 1]","[1, 1, 1, 1, 1, 2, 3, 3, 1, 1]","[1, 1, 1, 1, 1, 2, 3, 3, 1, 1]","3","3","3"
"55","38","46","10","True","False","31","36","10","True","True","35","41","10","True","True","0.03823647473870351","0.10012925464759448","9","6","7","18","14","15","[1, 1, 10, 3, 3, 16, 6, 6, 3, 1]","[1, 1, 1, 3, 3, 3, 6, 6, 10, 16]","[1, 1, 9, 3, 3, 15, 6, 6, 3, 1]","9","6","7"
"56","25","27","10","True","True","25","27","10","True","True","25","27","10","True","True","0.0","0.0","3","3","3","11","11","11","[1, 1, 1, 4, 4, 2, 1, 1, 1, 1]","[1, 1, 1, 4, 4, 2, 1, 1, 1, 1]","[1, 1, 1, 4, 4, 2, 1, 1, 1, 1]","3","3","3"
"57","38","46","10","True","False","31","36","10","True","True","35","41","10","True","True","0.03884745266550338","0.10012925464759448","9","6","7","18","14","15","[1, 1, 2, 3, 3, 11, 17, 6, 6, 1]","[1, 1, 1, 2, 3, 3, 6, 6, 11, 17]","[1, 1, 1, 2, 2, 7, 11, 4, 4, 1]","9","6","7"
"58","30","37","10","True","True","30","37","10","True","True","30","37","10","True","True","0.0","0.0","3","3","3","15","15","15","[1, 1, 1, 2, 4, 5, 5, 5, 2, 2]","[1, 1, 1, 2, 4, 5, 5, 5, 2, 2]","[1, 1, 1, 2, 4, 5, 5, 5, 2, 2]","3","3","3"
"59","25","28","10","True","True","25","28","10","True","True","25","28","10","True","True","0.0","0.0","3","3","3","12","12","12","[1, 1, 1, 1, 1, 1, 2, 3, 3, 3]","[1, 1, 1, 1, 1, 1, 2, 3, 3, 3]","[1, 1, 1, 1, 1, 1, 2, 3, 3, 3]","3","3","3"
"60","32","40","10","True","False","25","27","10","True","True","31","40","10","True","False","0.0","0.14936338640639057","5","3","5","16","11","16","[1, 1, 6, 1, 4, 4, 4, 4, 3, 1]","[1, 1, 1, 1, 2, 3, 3, 3, 3, 5]","[1, 1, 5, 1, 3, 3, 3, 3, 2, 1]","5","3","5"
"61","38","46","10","True","False","27","30","10","True","False","33","38","10","True","False","0.05489916974662301","0.1640787788774989","9","4","5","18","12","14","[1, 2, 6, 12, 8, 1, 2, 2, 1, 1]","[1, 1, 1, 1, 1, 1, 1, 3, 4, 7]","[1, 1, 3, 6, 4, 1, 1, 1, 1, 1]","9","4","5"
"62","38","46","10","True","False","31","35","10","True","False","34","40","10","True","False","0.04399565881370571","0.10064862665660701","9","5","6","18","13","15","[1, 1, 2, 29, 9, 9, 9, 9, 9, 9]","[1, 1, 1, 3, 3, 3, 3, 3, 3, 10]","[1, 1, 1, 10, 3, 3, 3, 3, 3, 3]","9","5","6"
"63","25","28","10","True","True","25","28","10","True","True","25","28","10","True","True","0.0","0.0","3","3","3","12","12","12","[1, 1, 3, 3, 3, 3, 1, 1, 1, 1]","[1, 1, 3, 3, 3, 3, 1, 1, 1, 1]","[1, 1, 3, 3, 3, 3, 1, 1, 1, 1]","3","3","3"
"64","25","27","10","True","True","25","27","10","True","True","25","27","10","True","True","0.0","0.0","3","3","3","11","11","11","[1, 1, 1, 4, 4, 8, 8, 4, 2, 2]","[1, 1, 1, 4, 4, 8, 8, 4, 2, 2]","[1, 1, 1, 4, 4, 8, 8, 4, 2, 2]","3","3","3"
"65","38","46","10","True","False","27","30","10","True","True","34","40","10","True","False","0.042405048647718435","0.1640787788774989","9","4","6","18","12","15","[2, 2, 4, 16, 6, 4, 16, 4, 4, 1]","[1, 1, 1, 2, 2, 2, 2, 3, 8, 8]","[1, 1, 2, 6, 2, 2, 6, 2, 2, 1]","9","4","6"
"66","38","46","10","True","False","29","33","10","True","True","33","37","10","True","True","0.06917039538612713","0.131515214219608","9","5","5","18","13","13","[1, 1, 7, 10, 2, 4, 4, 4, 3, 1]","[1, 1, 1, 2, 3, 4, 4, 4, 7, 10]","[1, 1, 3, 4, 1, 1, 1, 1, 1, 1]","9","5","5"
"67","25","27","10","True","True","25","27","10","True","True","25","27","10","True","True","0.0","0.0","3","3","3","11","11","11","[1, 2, 2, 2, 3, 6, 6, 6, 6, 1]","[1, 2, 2, 2, 3, 6, 6, 6, 6, 1]","[1, 2, 2, 2, 3, 6, 6, 6, 6, 1]","3","3","3"
"68","32","40","10","True","False","25","26","10","True","False","31","40","10","True","False","0.0","0.14998146941309742","5","2","5","16","10","16","[1, 1, 1, 8, 8, 8, 1, 1, 1, 1]","[1, 1, 1, 1, 1, 1, 1, 3, 3, 3]","[1, 1, 1, 5, 5, 5, 1, 1, 1, 1]","5","2","5"
"69","25","28","10","True","True","25","28","10","True","True","25","28","10","True","True","0.0","0.0","3","3","3","12","12","12","[1, 1, 1, 2, 2, 4, 4, 2, 1, 1]","[1, 1, 1, 2, 2, 4, 4, 2, 1, 1]","[1, 1, 1, 2, 2, 4, 4, 2, 1, 1]","3","3","3"
"70","38","46","10","True","False","29","33","10","True","True","33","37","10","True","True","0.06917039538612713","0.131515214219608","9","5","4","18","13","14","[1, 1, 11, 1, 4, 5, 5, 7, 7, 7]","[1, 1, 1, 4, 5, 5, 7, 7, 7, 11]","[1, 1, 5, 1, 2, 2, 2, 3, 3, 3]","9","5","4"
"71","32","40","10","True","False","29","33","10","True","True","31","40","10","True","False","0.0","0.07888875481730406","5","5","5","16","13","16","[1, 1, 3, 3, 3, 5, 16, 2, 1, 1]","[1, 1, 1, 1, 1, 2, 2, 2, 3, 10]","[1, 1, 2, 2, 2, 3, 10, 1, 1, 1]","5","5","5"
"72","25","27","10","True","True","25","27","10","True","True","25","27","10","True","True","0.0","0.0","3","3","3","11","11","11","[1, 1, 1, 2, 4, 6, 6, 1, 1, 1]","[1, 1, 1, 2, 4, 6, 6, 1, 1, 1]","[1, 1, 1, 2, 4, 6, 6, 1, 1, 1]","3","3","3"
"73","32","40","10","True","False","29","33","10","True","True","31","39","10","True","False","0.01170194183985307","0.07888875481730406","5","5","5","16","13","15","[1, 1, 1, 1, 2, 5, 5, 5, 12, 3]","[1, 1, 1, 1, 2, 3, 5, 5, 5, 12]","[1, 1, 1, 1, 2, 5, 5, 5, 12, 3]","5","5","5"
"74","25","28","10","True","True","25","28","10","True","True","25","28","10","True","True","0.0","0.0","3","3","3","12","12","12","[1, 1, 3, 3, 3, 2, 2, 2, 1, 1]","[1, 1, 3, 3, 3, 2, 2, 2, 1, 1]","[1, 1, 3, 3, 3, 2, 2, 2, 1, 1]","3","3","3"
"75","32","40","10","True","False","25","27","10","True","True","31","40","10","True","False","0.0","0.14936338640639057","5","3","5","16","11","16","[1, 1, 1, 2, 2, 2, 8, 8, 8, 2]","[1, 1, 1, 2, 2, 2, 2, 6, 6, 6]","[1, 1, 1, 2, 2, 2, 6, 6, 6, 2]","5","3","5"
"76","25","28","10","True","True","25","28","10","True","True","25","28","10","True","True","0.0","0.0","3","3","3","12","12","12","[1, 1, 1, 2, 2, 2, 2, 2, 1, 1]","[1, 1, 1, 2, 2, 2, 2, 2, 1, 1]","[1, 1, 1, 2, 2, 2, 2, 2, 1, 1]","3","3","3"
"77","25","28","10","True","True","25","28","10","True","True","25","28","10","True","True","0.0","0.0","3","3","3","12","12","12","[1, 1, 1, 2, 2, 1, 1, 1, 1, 1]","[1, 1, 1, 2, 2, 1, 1, 1, 1, 1]","[1, 1, 1, 2, 2, 1, 1, 1, 1, 1]","3","3","3"
"78","38","46","10","True","False","31","35","10","True","True","32","36","10","True","True","0.07070140399966718","0.10064862665660701","9","5","4","18","13","13","[1, 2, 7, 29, 9, 9, 9, 9, 7, 1]","[1, 1, 1, 2, 2, 3, 3, 3, 3, 10]","[1, 1, 2, 7, 2, 2, 2, 2, 2, 1]","9","5","4"
"79","38","46","10","True","False","27","30","10","True","True","37","46","10","True","False","0.0","0.1640787788774989","9","4","9","18","12","18","[1, 1, 2, 2, 10, 1, 1, 6, 6, 6]","[1, 1, 1, 1, 2, 2, 5, 5, 5, 8]","[1, 1, 2, 2, 8, 1, 1, 5, 5, 5]","9","4","9"
"80","32","40","10","True","False","27","30","10","True","True","31","40","10","True","False","0.0","0.11342553206512318","5","4","5","16","12","16","[1, 1, 1, 2, 3, 3, 2, 2, 10, 10]","[1, 1, 1, 1, 2, 2, 2, 2, 8, 8]","[1, 1, 1, 1, 2, 2, 2, 2, 8, 8]","5","4","5"
"81","38","46","10","True","False","29","33","10","True","False","34","39","10","True","True","0.05339371878111254","0.131515214219608","9","5","6","18","13","14","[4, 3, 3, 4, 4, 3, 3, 1, 9, 1]","[1, 1, 3, 3, 3, 3, 4, 4, 4, 9]","[2, 3, 3, 3, 3, 3, 3, 1, 8, 1]","9","5","6"
"82","32","40","10","True","False","31","36","10","True","True","31","39","10","True","False","0.013435656625464087","0.04560094048138186","5","6","5","16","14","15","[1, 2, 15, 4, 4, 6, 6, 4, 1, 1]","[1, 1, 1, 2, 4, 4, 4, 6, 6, 15]","[1, 2, 15, 4, 4, 6, 6, 4, 1, 1]","5","6","5"
"83","25","27","10","True","True","25","27","10","True","True","25","27","10","True","True","0.0","0.0","3","3","3","11","11","11","[1, 1, 2, 2, 3, 4, 4, 1, 1, 1]","[1, 1, 2, 2, 3, 4, 4, 1, 1, 1]","[1, 1, 2, 2, 3, 4, 4, 1, 1, 1]","3","3","3"
"84","30","38","10","True","True","30","38","10","True","True","30","38","10","True","True","0.0","0.0","3","3","3","16","16","16","[1, 1, 1, 1, 1, 1, 3, 3, 3, 3]","[1, 1, 1, 1, 1, 1, 3, 3, 3, 3]","[1, 1, 1, 1, 1, 1, 3, 3, 3, 3]","3","3","3"
"85","32","40","10","True","False","27","30","10","True","True","31","39","10","True","False","0.013435656625464087","0.11342553206512318","5","4","5","16","12","15","[1, 2, 2, 2, 7, 7, 1, 1, 1, 1]","[1, 1, 1, 1, 1, 2, 2, 2, 7, 7]","[1, 2, 2, 2, 7, 7, 1, 1, 1, 1]","5","4","5"
"86","32","40","10","True","False","29","33","10","True","True","31","40","10","True","False","0.0","0.07888875481730406","5","5","5","16","13","16","[1, 2, 2, 2, 4, 6, 6, 22, 4, 1]","[1, 1, 1, 1, 1, 2, 2, 3, 3, 11]","[1, 1, 1, 1, 2, 3, 3, 11, 2, 1]","5","5","5"
"87","38","46","10","True","False","29","33","10","True","True","35","42","10","True","False","0.02706228890395479","0.131515214219608","9","5","7","18","13","16","[7, 1, 4, 4, 3, 3, 12, 3, 3, 2]","[1, 2, 2, 2, 2, 2, 4, 4, 6, 11]","[5, 1, 4, 4, 2, 2, 11, 2, 2, 2]","9","5","7"
"88","32","40","10","True","False","27","30","10","True","True","31","40","10","True","False","0.0","0.11342553206512318","5","4","5","16","12","16","[1, 1, 1, 3, 10, 10, 10, 3, 3, 1]","[1, 1, 1, 1, 2, 2, 2, 8, 8, 8]","[1, 1, 1, 2, 8, 8, 8, 2, 2, 1]","5","4","5"
"89","25","28","10","True","True","25","28","10","True","True","25","28","10","True","True","0.0","0.0","3","3","3","12","12","12","[1, 2, 2, 2, 2, 2, 2, 2, 2, 1]","[1, 2, 2, 2, 2, 2, 2, 2, 2, 1]","[1, 2, 2, 2, 2, 2, 2, 2, 2, 1]","3","3","3"
"90","25","27","10","True","True","25","27","10","True","True","25","27","10","True","True","0.0","0.0","3","3","3","11","11","11","[1, 1, 1, 2, 2, 1, 1, 3, 3, 3]","[1, 1, 1, 2, 2, 1, 1, 3, 3, 3]","[1, 1, 1, 2, 2, 1, 1, 3, 3, 3]","3","3","3"
"91","25","27","10","True","True","25","27","10","True","True","25","27","10","True","True","0.0","0.0","3","3","3","11","11","11","[3, 3, 2, 2, 3, 3, 3, 3, 3, 1]","[3, 3, 2, 2, 3, 3, 3, 3, 3, 1]","[3, 3, 2, 2, 3, 3, 3, 3, 3, 1]","3","3","3"
"92","25","28","10","True","True","25","28","10","True","True","25","28","10","True","True","0.0","0.0","3","3","3","12","12","12","[1, 1, 1, 1, 1, 2, 2, 2, 2, 2]","[1, 1, 1, 1, 1, 2, 2, 2, 2, 2]","[1, 1, 1, 1, 1, 2, 2, 2, 2, 2]","3","3","3"
"93","25","28","10","True","True","25","28","10","True","True","25","28","10","True","True","0.0","0.0","3","3","3","12","12","12","[1, 1, 2, 2, 2, 2, 3, 3, 3, 3]","[1, 1, 2, 2, 2, 2, 3, 3, 3, 3]","[1, 1, 2, 2, 2, 2, 3, 3, 3, 3]","3","3","3"
"94","25","27","10","True","True","25","27","10","True","True","25","27","10","True","True","0.0","0.0","3","3","3","11","11","11","[1, 1, 1, 1, 4, 4, 1, 1, 1, 1]","[1, 1, 1, 1, 4, 4, 1, 1, 1, 1]","[1, 1, 1, 1, 4, 4, 1, 1, 1, 1]","3","3","3"
"95","25","28","10","True","True","25","28","10","True","True","25","28","10","True","True","0.0","0.0","3","3","3","12","12","12","[1, 1, 1, 2, 2, 1, 1, 2, 2, 2]","[1, 1, 1, 2, 2, 1, 1, 2, 2, 2]","[1, 1, 1, 2, 2, 1, 1, 2, 2, 2]","3","3","3"
"96","25","27","10","True","True","25","27","10","True","True","25","27","10","True","True","0.0","0.0","3","3","3","11","11","11","[1, 1, 1, 1, 2, 3, 5, 5, 2, 2]","[1, 1, 1, 1, 2, 3, 5, 5, 2, 2]","[1, 1, 1, 1, 2, 3, 5, 5, 2, 2]","3","3","3"
"97","32","40","10","True","False","25","27","10","True","True","31","40","10","True","False","0.0","0.14936338640639057","5","3","5","16","11","16","[1, 2, 2, 8, 8, 1, 3, 3, 3, 3]","[1, 1, 1, 1, 2, 2, 2, 2, 5, 5]","[1, 1, 1, 5, 5, 1, 2, 2, 2, 2]","5","3","5"
"98","46","56","15","True","False","39","43","15","True","False","45","56","15","True","False","0.0","0.10342888268606776","7","5","7","23","18","23","[1, 2, 2, 2, 2, 2, 2, 14, 2, 4, 8, 8, 8, 1, 1]","[1, 1, 1, 1, 1, 1, 1, 1, 1, 1, 3, 5, 5, 5, 9]","[1, 1, 1, 1, 1, 1, 1, 9, 1, 3, 5, 5, 5, 1, 1]","7","5","7"
"99","39","44","15","True","True","39","44","15","True","True","39","44","15","True","True","0.0","0.0","5","5","5","19","19","19","[1, 1, 1, 1, 1, 2, 2, 2, 2, 2, 8, 9, 9, 4, 4]","[1, 1, 1, 1, 1, 2, 2, 2, 2, 2, 8, 9, 9, 4, 4]","[1, 1, 1, 1, 1, 2, 2, 2, 2, 2, 8, 9, 9, 4, 4]","5","5","5"
"100","46","56","15","True","False","41","46","15","True","False","45","55","15","True","False","0.008290085359866195","0.07905237418007949","7","6","7","23","19","22","[1, 1, 1, 1, 1, 1, 3, 3, 13, 13, 4, 4, 4, 3, 1]","[1, 1, 1, 1, 1, 1, 1, 3, 3, 3, 4, 4, 4, 13, 13]","[1, 1, 1, 1, 1, 1, 3, 3, 13, 13, 4, 4, 4, 3, 1]","7","6","7"
"101","46","56","15","True","False","41","46","15","True","True","45","56","15","True","False","0.0","0.07905237418007949","7","6","7","23","19","23","[1, 2, 2, 2, 3, 3, 2, 3, 4, 12, 14, 14, 3, 3, 3]","[1, 2, 2, 2, 2, 3, 3, 3, 3, 3, 3, 3, 10, 12, 12]","[1, 2, 2, 2, 3, 3, 2, 3, 3, 10, 12, 12, 3, 3, 3]","7","6","7"
"102","39","43","15","True","True","39","43","15","True","True","39","43","15","True","True","0.0","0.0","5","5","5","18","18","18","[1, 1, 2, 2, 3, 3, 1, 2, 2, 2, 5, 7, 7, 7, 2]","[1, 1, 2, 2, 3, 3, 1, 2, 2, 2, 5, 7, 7, 7, 2]","[1, 1, 2, 2, 3, 3, 1, 2, 2, 2, 5, 7, 7, 7, 2]","5","5","5"
"103","39","43","15","True","True","39","43","15","True","True","39","43","15","True","True","0.0","0.0","5","5","5","18","18","18","[1, 1, 1, 2, 2, 2, 2, 4, 6, 6, 7, 14, 14, 14, 14]","[1, 1, 1, 2, 2, 2, 2, 4, 6, 6, 7, 14, 14, 14, 14]","[1, 1, 1, 2, 2, 2, 2, 4, 6, 6, 7, 14, 14, 14, 14]","5","5","5"
"104","46","56","15","True","False","39","43","15","True","True","45","55","15","True","False","0.009515869481628192","0.10342888268606776","7","5","7","23","18","22","[1, 1, 1, 1, 1, 1, 4, 4, 11, 11, 11, 2, 1, 1, 1]","[1, 1, 1, 1, 1, 1, 1, 1, 1, 2, 4, 4, 11, 11, 11]","[1, 1, 1, 1, 1, 1, 4, 4, 11, 11, 11, 2, 1, 1, 1]","7","5","7"
"105","39","44","15","True","True","39","44","15","True","True","39","44","15","True","True","0.0","0.0","5","5","5","19","19","19","[1, 1, 1, 1, 1, 3, 3, 3, 3, 3, 3, 3, 2, 1, 1]","[1, 1, 1, 1, 1, 3, 3, 3, 3, 3, 3, 3, 2, 1, 1]","[1, 1, 1, 1, 1, 3, 3, 3, 3, 3, 3, 3, 2, 1, 1]","5","5","5"
"106","39","43","15","True","True","39","43","15","True","True","39","43","15","True","True","0.0","0.0","5","5","5","18","18","18","[1, 1, 1, 1, 1, 1, 2, 6, 8, 8, 3, 3, 2, 2, 2]","[1, 1, 1, 1, 1, 1, 2, 6, 8, 8, 3, 3, 2, 2, 2]","[1, 1, 1, 1, 1, 1, 2, 6, 8, 8, 3, 3, 2, 2, 2]","5","5","5"
"107","52","62","15","True","False","39","43","15","True","True","48","56","15","True","True","0.029409589675336134","0.14069234684801557","11","5","8","25","18","22","[10, 1, 1, 1, 7, 7, 3, 7, 7, 3, 3, 3, 6, 6, 6]","[1, 1, 1, 3, 3, 3, 3, 6, 6, 6, 7, 7, 7, 7, 9]","[7, 1, 1, 1, 6, 6, 2, 5, 5, 2, 2, 2, 4, 4, 4]","11","5","8"
"108","52","62","15","True","False","39","43","15","True","True","45","50","15","True","False","0.07116359147735407","0.14069234684801557","11","5","6","25","18","19","[1, 1, 2, 2, 2, 3, 10, 3, 11, 11, 1, 1, 5, 5, 5]","[1, 1, 1, 1, 2, 2, 2, 3, 3, 5, 5, 5, 10, 11, 11]","[1, 1, 1, 1, 1, 2, 6, 2, 6, 6, 1, 1, 3, 3, 3]","11","5","6"
"109","52","62","15","True","False","41","46","15","True","False","45","49","15","True","True","0.07180665249961538","0.11732897955700161","11","6","5","25","19","18","[1, 1, 1, 1, 1, 1, 1, 12, 3, 4, 8, 8, 9, 9, 9]","[1, 1, 1, 1, 1, 1, 1, 3, 4, 8, 8, 9, 9, 9, 12]","[1, 1, 1, 1, 1, 1, 1, 6, 2, 2, 4, 4, 6, 6, 6]","11","6","5"
"110","39","44","15","True","True","39","44","15","True","True","39","44","15","True","True","0.0","0.0","5","5","5","19","19","19","[1, 2, 2, 2, 2, 2, 2, 5, 5, 3, 3, 4, 4, 4, 1]","[1, 2, 2, 2, 2, 2, 2, 5, 5, 3, 3, 4, 4, 4, 1]","[1, 2, 2, 2, 2, 2, 2, 5, 5, 3, 3, 4, 4, 4, 1]","5","5","5"
"111","52","62","15","True","False","39","43","15","True","True","45","50","15","True","True","0.07190161454701294","0.14069234684801557","11","5","5","25","18","20","[1, 1, 1, 1, 2, 12, 12, 2, 2, 2, 3, 7, 12, 12, 7]","[1, 1, 1, 1, 2, 2, 2, 2, 3, 7, 7, 12, 12, 12, 12]","[1, 1, 1, 1, 2, 8, 8, 2, 2, 2, 2, 6, 8, 8, 6]","11","5","5"
"112","52","62","15","True","False","43","49","15","True","True","45","51","16","True","True","0.06414946011909217","0.09456826988767564","11","7","6","25","20","21","[18, 18, 1, 1, 1, 1, 3, 12, 2, 2, 5, 6, 7, 7, 7]","[1, 1, 1, 1, 2, 2, 3, 5, 5, 6, 6, 6, 10, 16, 16]","[7, 7, 1, 1, 1, 1, 1, 5, 1, 1, 2, 2, 3, 3, 3, 1]","11","7","6"
"113","39","44","15","True","True","39","44","15","True","True","39","44","15","True","True","0.0","0.0","5","5","5","19","19","19","[1, 1, 2, 3, 3, 3, 6, 6, 4, 4, 3, 1, 1, 1, 1]","[1, 1, 2, 3, 3, 3, 6, 6, 4, 4, 3, 1, 1, 1, 1]","[1, 1, 2, 3, 3, 3, 6, 6, 4, 4, 3, 1, 1, 1, 1]","5","5","5"
"114","39","44","15","True","True","39","44","15","True","True","39","44","15","True","True","0.0","0.0","5","5","5","19","19","19","[1, 1, 2, 2, 2, 1, 3, 4, 4, 4, 3, 3, 3, 3, 1]","[1, 1, 2, 2, 2, 1, 3, 4, 4, 4, 3, 3, 3, 3, 1]","[1, 1, 2, 2, 2, 1, 3, 4, 4, 4, 3, 3, 3, 3, 1]","5","5","5"
"115","39","43","15","True","True","39","43","15","True","True","39","43","15","True","True","0.0","0.0","5","5","5","18","18","18","[1, 1, 2, 2, 2, 2, 1, 1, 1, 2, 2, 6, 6, 6, 6]","[1, 1, 2, 2, 2, 2, 1, 1, 1, 2, 2, 6, 6, 6, 6]","[1, 1, 2, 2, 2, 2, 1, 1, 1, 2, 2, 6, 6, 6, 6]","5","5","5"
"116","39","43","15","True","True","39","43","15","True","True","39","43","15","True","True","0.0","0.0","5","5","5","18","18","18","[1, 1, 1, 2, 2, 2, 2, 2, 2, 8, 8, 4, 4, 1, 1]","[1, 1, 1, 2, 2, 2, 2, 2, 2, 8, 8, 4, 4, 1, 1]","[1, 1, 1, 2, 2, 2, 2, 2, 2, 8, 8, 4, 4, 1, 1]","5","5","5"
"117","46","56","15","True","False","37","40","15","True","True","45","55","15","True","False","0.009515869481628192","0.1284869437009235","7","4","7","23","17","22","[1, 1, 1, 1, 1, 2, 2, 3, 3, 3, 1, 7, 7, 1, 1]","[1, 1, 1, 1, 1, 1, 1, 1, 2, 2, 3, 3, 3, 7, 7]","[1, 1, 1, 1, 1, 2, 2, 3, 3, 3, 1, 7, 7, 1, 1]","7","4","7"
"118","39","43","15","True","True","39","43","15","True","True","39","43","15","True","True","0.0","0.0","5","5","5","18","18","18","[1, 2, 4, 6, 6, 4, 4, 5, 5, 6, 6, 2, 1, 1, 1]","[1, 2, 4, 6, 6, 4, 4, 5, 5, 6, 6, 2, 1, 1, 1]","[1, 2, 4, 6, 6, 4, 4, 5, 5, 6, 6, 2, 1, 1, 1]","5","5","5"
"119","39","43","15","True","True","39","43","15","True","True","39","43","15","True","True","0.0","0.0","5","5","5","18","18","18","[1, 1, 1, 1, 2, 2, 1, 2, 2, 5, 7, 7, 5, 5, 1]","[1, 1, 1, 1, 2, 2, 1, 2, 2, 5, 7, 7, 5, 5, 1]","[1, 1, 1, 1, 2, 2, 1, 2, 2, 5, 7, 7, 5, 5, 1]","5","5","5"
"120","39","43","15","True","True","39","43","15","True","True","39","43","15","True","True","0.0","0.0","5","5","5","18","18","18","[1, 2, 2, 2, 4, 4, 2, 2, 1, 3, 3, 7, 7, 5, 5]","[1, 2, 2, 2, 4, 4, 2, 2, 1, 3, 3, 7, 7, 5, 5]","[1, 2, 2, 2, 4, 4, 2, 2, 1, 3, 3, 7, 7, 5, 5]","5","5","5"
"121","39","43","15","True","True","39","43","15","True","True","39","43","15","True","True","0.0","0.0","5","5","5","18","18","18","[1, 1, 1, 1, 2, 2, 7, 7, 3, 2, 3, 3, 2, 1, 1]","[1, 1, 1, 1, 2, 2, 7, 7, 3, 2, 3, 3, 2, 1, 1]","[1, 1, 1, 1, 2, 2, 7, 7, 3, 2, 3, 3, 2, 1, 1]","5","5","5"
"122","39","43","15","True","True","39","43","15","True","True","39","43","15","True","True","0.0","0.0","5","5","5","18","18","18","[1, 1, 2, 2, 4, 4, 5, 10, 10, 10, 5, 1, 1, 1, 1]","[1, 1, 2, 2, 4, 4, 5, 10, 10, 10, 5, 1, 1, 1, 1]","[1, 1, 2, 2, 4, 4, 5, 10, 10, 10, 5, 1, 1, 1, 1]","5","5","5"
"123","52","62","15","True","False","37","40","15","True","True","48","56","15","True","True","0.03206581960428656","0.16470893982920054","11","4","8","25","17","22","[1, 1, 1, 2, 4, 4, 4, 4, 3, 3, 3, 3, 16, 16, 27]","[1, 1, 1, 1, 1, 1, 1, 1, 1, 1, 2, 2, 6, 6, 10]","[1, 1, 1, 1, 1, 1, 1, 1, 1, 1, 1, 1, 4, 4, 7]","11","4","8"
"124","39","44","15","True","True","39","44","15","True","True","39","44","15","True","True","0.0","0.0","5","5","5","19","19","19","[1, 1, 1, 1, 2, 2, 2, 2, 5, 5, 4, 4, 1, 1, 1]","[1, 1, 1, 1, 2, 2, 2, 2, 5, 5, 4, 4, 1, 1, 1]","[1, 1, 1, 1, 2, 2, 2, 2, 5, 5, 4, 4, 1, 1, 1]","5","5","5"
"125","46","56","15","True","False","41","46","15","True","True","45","55","15","True","False","0.008290085359866195","0.07905237418007949","7","6","7","23","19","22","[1, 1, 1, 1, 2, 2, 14, 14, 3, 3, 6, 6, 6, 5, 1]","[1, 1, 1, 1, 1, 2, 2, 3, 3, 5, 6, 6, 6, 14, 14]","[1, 1, 1, 1, 2, 2, 14, 14, 3, 3, 6, 6, 6, 5, 1]","7","6","7"
"126","39","44","15","True","True","39","44","15","True","True","39","44","15","True","True","0.0","0.0","5","5","5","19","19","19","[1, 2, 2, 1, 1, 1, 3, 3, 3, 3, 6, 6, 6, 1, 1]","[1, 2, 2, 1, 1, 1, 3, 3, 3, 3, 6, 6, 6, 1, 1]","[1, 2, 2, 1, 1, 1, 3, 3, 3, 3, 6, 6, 6, 1, 1]","5","5","5"
"127","44","53","15","True","True","44","53","15","True","True","44","53","15","True","True","0.0","0.0","5","5","5","22","22","22","[1, 1, 1, 1, 1, 1, 4, 6, 6, 4, 4, 3, 1, 1, 1]","[1, 1, 1, 1, 1, 1, 4, 6, 6, 4, 4, 3, 1, 1, 1]","[1, 1, 1, 1, 1, 1, 4, 6, 6, 4, 4, 3, 1, 1, 1]","5","5","5"
"128","39","43","15","True","True","39","43","15","True","True","39","43","15","True","True","0.0","0.0","5","5","5","18","18","18","[1, 1, 1, 1, 2, 2, 2, 2, 2, 9, 9, 9, 9, 5, 1]","[1, 1, 1, 1, 2, 2, 2, 2, 2, 9, 9, 9, 9, 5, 1]","[1, 1, 1, 1, 2, 2, 2, 2, 2, 9, 9, 9, 9, 5, 1]","5","5","5"
"129","46","56","15","True","False","43","49","15","True","True","45","55","15","True","False","0.009515869481628192","0.05530465725444389","7","7","7","23","20","22","[2, 2, 4, 4, 4, 4, 4, 2, 2, 7, 21, 11, 11, 1, 1]","[1, 1, 2, 2, 2, 2, 4, 4, 4, 4, 4, 7, 11, 11, 21]","[2, 2, 4, 4, 4, 4, 4, 2, 2, 7, 21, 11, 11, 1, 1]","7","7","7"
"130","52","62","15","True","False","43","49","15","True","True","50","59","15","True","True","0.017918897082308205","0.09456826988767564","11","7","10","25","20","23","[1, 1, 1, 3, 5, 6, 10, 6, 11, 11, 1, 1, 2, 2, 2]","[1, 1, 1, 1, 1, 2, 2, 2, 3, 5, 6, 6, 10, 11, 11]","[1, 1, 1, 3, 5, 6, 9, 6, 11, 11, 1, 1, 2, 2, 2]","11","7","10"
"131","39","44","15","True","True","39","44","15","True","True","39","44","15","True","True","0.0","0.0","5","5","5","19","19","19","[1, 2, 2, 2, 2, 2, 4, 6, 6, 5, 5, 2, 2, 1, 1]","[1, 2, 2, 2, 2, 2, 4, 6, 6, 5, 5, 2, 2, 1, 1]","[1, 2, 2, 2, 2, 2, 4, 6, 6, 5, 5, 2, 2, 1, 1]","5","5","5"
"132","39","44","15","True","True","39","44","15","True","True","39","44","15","True","True","0.0","0.0","5","5","5","19","19","19","[1, 1, 1, 1, 1, 2, 2, 4, 4, 5, 5, 5, 5, 1, 1]","[1, 1, 1, 1, 1, 2, 2, 4, 4, 5, 5, 5, 5, 1, 1]","[1, 1, 1, 1, 1, 2, 2, 4, 4, 5, 5, 5, 5, 1, 1]","5","5","5"
"133","46","56","15","True","False","39","42","15","True","True","45","56","15","True","False","0.0","0.10384497986760544","7","4","7","23","17","23","[1, 1, 1, 1, 1, 5, 5, 5, 5, 12, 13, 14, 14, 6, 6]","[1, 1, 1, 1, 1, 2, 2, 2, 2, 3, 3, 6, 7, 7, 7]","[1, 1, 1, 1, 1, 4, 4, 4, 4, 10, 11, 11, 11, 5, 5]","7","4","7"
"134","39","43","15","True","True","39","43","15","True","True","39","43","15","True","True","0.0","0.0","5","5","5","18","18","18","[1, 1, 1, 1, 1, 1, 2, 3, 3, 2, 5, 5, 5, 3, 1]","[1, 1, 1, 1, 1, 1, 2, 3, 3, 2, 5, 5, 5, 3, 1]","[1, 1, 1, 1, 1, 1, 2, 3, 3, 2, 5, 5, 5, 3, 1]","5","5","5"
"135","52","62","15","True","False","41","46","15","True","True","49","57","15","True","False","0.0278911807067046","0.11732897955700161","11","6","9","25","19","22","[2, 16, 6, 6, 6, 2, 2, 4, 6, 6, 1, 1, 1, 1, 11]","[1, 1, 1, 1, 2, 2, 2, 4, 6, 6, 6, 6, 6, 11, 16]","[2, 10, 6, 6, 6, 2, 2, 4, 6, 6, 1, 1, 1, 1, 10]","11","6","9"
"136","39","44","15","True","True","39","44","15","True","True","39","44","15","True","True","0.0","0.0","5","5","5","19","19","19","[1, 1, 1, 1, 1, 1, 2, 2, 3, 3, 3, 3, 1, 1, 1]","[1, 1, 1, 1, 1, 1, 2, 2, 3, 3, 3, 3, 1, 1, 1]","[1, 1, 1, 1, 1, 1, 2, 2, 3, 3, 3, 3, 1, 1, 1]","5","5","5"
"137","52","62","15","True","False","41","46","15","True","True","44","47","15","True","True","0.08246042215051208","0.11732897955700161","11","6","3","25","19","18","[1, 14, 1, 1, 1, 1, 3, 3, 1, 1, 2, 9, 9, 9, 9]","[1, 1, 1, 1, 1, 1, 1, 2, 3, 3, 9, 9, 9, 9, 14]","[1, 3, 1, 1, 1, 1, 1, 1, 1, 1, 2, 2, 2, 2, 2]","11","6","3"
"138","52","62","15","True","False","39","43","15","True","True","46","53","15","True","True","0.05214449500319629","0.14069234684801557","11","5","7","25","18","21","[1, 13, 3, 3, 3, 3, 6, 6, 6, 15, 33, 9, 9, 9, 6]","[1, 1, 1, 1, 1, 2, 2, 2, 2, 3, 3, 3, 5, 5, 11]","[1, 2, 1, 1, 1, 1, 1, 1, 1, 2, 5, 1, 1, 1, 1]","11","5","7"
"139","39","43","15","True","True","39","43","15","True","True","39","43","15","True","True","0.0","0.0","5","5","5","18","18","18","[1, 1, 1, 3, 3, 4, 4, 3, 3, 3, 6, 6, 6, 6, 1]","[1, 1, 1, 3, 3, 4, 4, 3, 3, 3, 6, 6, 6, 6, 1]","[1, 1, 1, 3, 3, 4, 4, 3, 3, 3, 6, 6, 6, 6, 1]","5","5","5"
"140","46","56","15","True","False","39","43","15","True","True","45","55","15","True","False","0.009515869481628192","0.10342888268606776","7","5","7","23","18","22","[1, 10, 1, 1, 3, 3, 3, 3, 2, 2, 2, 3, 6, 6, 6]","[1, 1, 1, 2, 2, 2, 3, 3, 3, 3, 3, 6, 6, 6, 10]","[1, 10, 1, 1, 3, 3, 3, 3, 2, 2, 2, 3, 6, 6, 6]","7","5","7"
"141","46","56","15","True","False","39","43","15","True","True","45","56","15","True","False","0.0","0.10342888268606776","7","5","7","23","18","23","[16, 1, 2, 3, 3, 3, 7, 7, 7, 8, 8, 8, 7, 3, 1]","[1, 1, 2, 2, 2, 2, 2, 5, 5, 5, 5, 6, 6, 6, 12]","[12, 1, 2, 2, 2, 2, 5, 5, 5, 6, 6, 6, 5, 2, 1]","7","5","7"
"142","39","44","15","True","True","39","44","15","True","True","39","44","15","True","True","0.0","0.0","5","5","5","19","19","19","[1, 1, 1, 2, 2, 3, 3, 3, 3, 7, 7, 7, 7, 2, 1]","[1, 1, 1, 2, 2, 3, 3, 3, 3, 7, 7, 7, 7, 2, 1]","[1, 1, 1, 2, 2, 3, 3, 3, 3, 7, 7, 7, 7, 2, 1]","5","5","5"
"143","39","43","15","True","True","39","43","15","True","True","39","43","15","True","True","0.0","0.0","5","5","5","18","18","18","[1, 1, 1, 2, 5, 5, 5, 5, 3, 4, 4, 4, 1, 1, 1]","[1, 1, 1, 2, 5, 5, 5, 5, 3, 4, 4, 4, 1, 1, 1]","[1, 1, 1, 2, 5, 5, 5, 5, 3, 4, 4, 4, 1, 1, 1]","5","5","5"
"144","39","43","15","True","True","39","43","15","True","True","39","43","15","True","True","0.0","0.0","5","5","5","18","18","18","[1, 1, 1, 1, 3, 6, 7, 7, 6, 4, 4, 4, 1, 1, 1]","[1, 1, 1, 1, 3, 6, 7, 7, 6, 4, 4, 4, 1, 1, 1]","[1, 1, 1, 1, 3, 6, 7, 7, 6, 4, 4, 4, 1, 1, 1]","5","5","5"
"145","44","53","15","True","True","44","53","15","True","True","44","53","15","True","True","0.0","0.0","5","5","5","22","22","22","[1, 1, 1, 1, 1, 1, 1, 2, 5, 6, 11, 11, 11, 4, 1]","[1, 1, 1, 1, 1, 1, 1, 2, 5, 6, 11, 11, 11, 4, 1]","[1, 1, 1, 1, 1, 1, 1, 2, 5, 6, 11, 11, 11, 4, 1]","5","5","5"
"146","39","43","15","True","True","39","43","15","True","True","39","43","15","True","True","0.0","0.0","5","5","5","18","18","18","[1, 2, 2, 2, 2, 2, 1, 3, 5, 9, 9, 9, 5, 5, 1]","[1, 2, 2, 2, 2, 2, 1, 3, 5, 9, 9, 9, 5, 5, 1]","[1, 2, 2, 2, 2, 2, 1, 3, 5, 9, 9, 9, 5, 5, 1]","5","5","5"
"147","46","56","15","True","False","39","43","15","True","True","45","56","15","True","False","0.0","0.10342888268606776","7","5","7","23","18","23","[1, 1, 1, 1, 9, 18, 18, 2, 2, 2, 2, 5, 5, 5, 1]","[1, 1, 1, 1, 1, 2, 2, 2, 2, 4, 4, 4, 7, 14, 14]","[1, 1, 1, 1, 7, 14, 14, 2, 2, 2, 2, 4, 4, 4, 1]","7","5","7"
"148","39","44","15","True","True","39","44","15","True","True","39","44","15","True","True","0.0","0.0","5","5","5","19","19","19","[1, 1, 1, 2, 3, 3, 3, 3, 3, 3, 2, 2, 2, 1, 1]","[1, 1, 1, 2, 3, 3, 3, 3, 3, 3, 2, 2, 2, 1, 1]","[1, 1, 1, 2, 3, 3, 3, 3, 3, 3, 2, 2, 2, 1, 1]","5","5","5"
"149","39","44","15","True","True","39","44","15","True","True","39","44","15","True","True","0.0","0.0","5","5","5","19","19","19","[1, 1, 1, 1, 1, 2, 2, 2, 2, 2, 4, 4, 6, 6, 6]","[1, 1, 1, 1, 1, 2, 2, 2, 2, 2, 4, 4, 6, 6, 6]","[1, 1, 1, 1, 1, 2, 2, 2, 2, 2, 4, 4, 6, 6, 6]","5","5","5"
"150","44","53","15","True","True","44","53","15","True","True","44","53","15","True","True","0.0","0.0","5","5","5","22","22","22","[1, 1, 1, 1, 2, 2, 2, 6, 6, 8, 8, 8, 5, 1, 1]","[1, 1, 1, 1, 2, 2, 2, 6, 6, 8, 8, 8, 5, 1, 1]","[1, 1, 1, 1, 2, 2, 2, 6, 6, 8, 8, 8, 5, 1, 1]","5","5","5"
"151","46","56","15","True","False","37","40","15","True","True","45","55","15","True","False","0.009515869481628192","0.1284869437009235","7","4","7","23","17","22","[1, 1, 2, 2, 1, 7, 1, 3, 3, 3, 3, 3, 3, 1, 1]","[1, 1, 1, 1, 1, 1, 2, 2, 3, 3, 3, 3, 3, 3, 7]","[1, 1, 2, 2, 1, 7, 1, 3, 3, 3, 3, 3, 3, 1, 1]","7","4","7"
"152","39","44","15","True","True","39","44","15","True","True","39","44","15","True","True","0.0","0.0","5","5","5","19","19","19","[1, 1, 1, 3, 3, 2, 3, 3, 3, 6, 6, 6, 6, 6, 3]","[1, 1, 1, 3, 3, 2, 3, 3, 3, 6, 6, 6, 6, 6, 3]","[1, 1, 1, 3, 3, 2, 3, 3, 3, 6, 6, 6, 6, 6, 3]","5","5","5"
"153","52","62","15","True","False","45","52","15","True","True","47","53","15","True","True","0.050950665177015964","0.07236585581463739","11","8","7","25","21","20","[1, 1, 1, 1, 3, 3, 2, 4, 17, 17, 41, 4, 4, 1, 1]","[1, 1, 1, 1, 1, 1, 2, 3, 3, 4, 4, 4, 17, 17, 41]","[1, 1, 1, 1, 3, 3, 2, 2, 8, 8, 18, 2, 2, 1, 1]","11","8","7"
"154","52","62","15","True","False","39","43","15","True","True","43","47","16","True","True","0.09572221437075923","0.14069234684801557","11","5","5","25","18","19","[1, 1, 1, 10, 10, 3, 3, 3, 3, 3, 2, 3, 3, 3, 1]","[1, 1, 1, 1, 2, 3, 3, 3, 3, 3, 3, 3, 3, 10, 10]","[1, 1, 1, 5, 5, 1, 2, 2, 2, 2, 2, 1, 1, 1, 1, 1]","11","5","5"
"155","44","53","15","True","True","44","53","15","True","True","44","53","15","True","True","0.0","0.0","5","5","5","22","22","22","[1, 1, 1, 1, 1, 2, 2, 2, 3, 3, 3, 8, 8, 1, 1]","[1, 1, 1, 1, 1, 2, 2, 2, 3, 3, 3, 8, 8, 1, 1]","[1, 1, 1, 1, 1, 2, 2, 2, 3, 3, 3, 8, 8, 1, 1]","5","5","5"
"156","52","62","15","True","False","41","46","15","True","False","46","52","15","True","True","0.05286769792391721","0.11732897955700161","11","6","5","25","19","21","[1, 2, 2, 18, 18, 2, 14, 2, 2, 8, 8, 16, 16, 16, 2]","[1, 1, 1, 1, 1, 1, 1, 4, 4, 7, 8, 8, 8, 9, 9]","[1, 1, 1, 3, 3, 1, 2, 1, 1, 1, 1, 2, 2, 2, 1]","11","6","5"
"157","52","62","15","True","False","35","37","15","True","True","47","55","15","True","True","0.041919734827519206","0.1894368206999869","11","3","8","25","16","22","[2, 2, 1, 1, 1, 6, 3, 1, 1, 2, 6, 6, 1, 1, 1]","[1, 1, 1, 1, 1, 1, 1, 1, 1, 1, 2, 3, 6, 6, 6]","[1, 1, 1, 1, 1, 4, 2, 1, 1, 2, 5, 5, 1, 1, 1]","11","3","8"
"158","46","56","15","True","False","41","46","15","True","True","45","55","15","True","False","0.008290085359866195","0.07905237418007949","7","6","7","23","19","22","[1, 2, 3, 3, 3, 8, 8, 16, 16, 2, 4, 6, 6, 6, 4]","[1, 2, 2, 3, 3, 3, 4, 4, 6, 6, 6, 8, 8, 16, 16]","[1, 2, 3, 3, 3, 8, 8, 16, 16, 2, 4, 6, 6, 6, 4]","7","6","7"
"159","39","44","15","True","True","39","44","15","True","True","39","44","15","True","True","0.0","0.0","5","5","5","19","19","19","[1, 1, 1, 1, 1, 1, 1, 1, 1, 1, 1, 2, 2, 2, 1]","[1, 1, 1, 1, 1, 1, 1, 1, 1, 1, 1, 2, 2, 2, 1]","[1, 1, 1, 1, 1, 1, 1, 1, 1, 1, 1, 2, 2, 2, 1]","5","5","5"
"160","52","62","15","True","False","37","39","15","True","True","45","49","15","True","True","0.07236585581463739","0.1651192151912615","11","3","5","25","16","18","[6, 1, 1, 1, 1, 1, 4, 4, 5, 6, 6, 5, 1, 1, 1]","[1, 1, 1, 1, 1, 1, 1, 1, 2, 2, 3, 3, 4, 4, 4]","[2, 1, 1, 1, 1, 1, 2, 2, 3, 4, 4, 3, 1, 1, 1]","11","3","5"
"161","46","56","15","True","False","35","37","15","True","False","45","56","15","True","False","0.0","0.15428713726350252","7","3","7","23","16","23","[2, 2, 2, 2, 2, 2, 2, 12, 12, 2, 6, 6, 6, 2, 1]","[1, 1, 1, 1, 1, 1, 1, 1, 1, 1, 3, 3, 3, 6, 6]","[1, 1, 1, 1, 1, 1, 1, 6, 6, 1, 3, 3, 3, 1, 1]","7","3","7"
"162","52","62","15","True","False","41","46","15","True","True","47","54","15","True","True","0.04030667894705042","0.11732897955700161","11","6","7","25","19","21","[1, 1, 1, 1, 1, 8, 10, 11, 11, 2, 2, 1, 2, 5, 5]","[1, 1, 1, 1, 1, 1, 2, 2, 2, 5, 5, 7, 8, 9, 9]","[1, 1, 1, 1, 1, 4, 5, 6, 6, 2, 2, 1, 2, 2, 2]","11","6","7"
"163","39","43","15","True","True","39","43","15","True","True","39","43","15","True","True","0.0","0.0","5","5","5","18","18","18","[1, 1, 1, 1, 2, 3, 3, 3, 4, 4, 6, 6, 6, 3, 3]","[1, 1, 1, 1, 2, 3, 3, 3, 4, 4, 6, 6, 6, 3, 3]","[1, 1, 1, 1, 2, 3, 3, 3, 4, 4, 6, 6, 6, 3, 3]","5","5","5"
"164","52","62","15","True","False","39","43","15","True","True","46","53","15","True","True","0.05214449500319629","0.14069234684801557","11","5","6","25","18","22","[1, 1, 1, 1, 2, 4, 4, 4, 6, 6, 5, 5, 18, 18, 18]","[1, 1, 1, 1, 1, 2, 2, 2, 3, 3, 3, 3, 11, 11, 11]","[1, 1, 1, 1, 1, 2, 2, 2, 3, 3, 8, 8, 8, 2, 2]","11","5","6"
"165","52","62","15","True","False","43","49","15","True","True","45","49","15","True","True","0.06248076169471539","0.09456826988767564","11","7","4","25","20","18","[24, 1, 1, 1, 1, 1, 1, 2, 2, 17, 18, 18, 18, 18, 4]","[1, 1, 1, 1, 1, 1, 2, 2, 4, 14, 15, 15, 15, 15, 21]","[12, 1, 1, 1, 1, 1, 1, 2, 2, 8, 8, 8, 8, 8, 4]","11","7","4"
"166","39","43","15","True","True","39","43","15","True","True","39","43","15","True","True","0.0","0.0","5","5","5","18","18","18","[1, 1, 1, 1, 2, 2, 2, 6, 6, 6, 7, 7, 7, 6, 2]","[1, 1, 1, 1, 2, 2, 2, 6, 6, 6, 7, 7, 7, 6, 2]","[1, 1, 1, 1, 2, 2, 2, 6, 6, 6, 7, 7, 7, 6, 2]","5","5","5"
"167","39","43","15","True","True","39","43","15","True","True","39","43","15","True","True","0.0","0.0","5","5","5","18","18","18","[1, 1, 1, 1, 1, 2, 2, 7, 7, 2, 2, 2, 2, 1, 1]","[1, 1, 1, 1, 1, 2, 2, 7, 7, 2, 2, 2, 2, 1, 1]","[1, 1, 1, 1, 1, 2, 2, 7, 7, 2, 2, 2, 2, 1, 1]","5","5","5"
"168","39","44","15","True","True","39","44","15","True","True","39","44","15","True","True","0.0","0.0","5","5","5","19","19","19","[1, 1, 1, 1, 1, 1, 3, 3, 1, 1, 1, 2, 2, 1, 1]","[1, 1, 1, 1, 1, 1, 3, 3, 1, 1, 1, 2, 2, 1, 1]","[1, 1, 1, 1, 1, 1, 3, 3, 1, 1, 1, 2, 2, 1, 1]","5","5","5"
"169","52","62","15","True","False","41","46","15","True","True","45","50","15","True","True","0.06175014899584086","0.11732897955700161","11","6","5","25","19","19","[1, 7, 8, 8, 9, 9, 24, 24, 7, 7, 2, 2, 3, 3, 3]","[1, 1, 1, 2, 2, 2, 5, 5, 5, 6, 6, 6, 6, 17, 17]","[1, 2, 2, 2, 2, 2, 7, 7, 2, 2, 1, 1, 2, 2, 2]","11","6","5"
"170","39","44","15","True","True","39","44","15","True","True","39","44","15","True","True","0.0","0.0","5","5","5","19","19","19","[1, 1, 1, 1, 1, 1, 3, 4, 4, 7, 7, 7, 2, 1, 1]","[1, 1, 1, 1, 1, 1, 3, 4, 4, 7, 7, 7, 2, 1, 1]","[1, 1, 1, 1, 1, 1, 3, 4, 4, 7, 7, 7, 2, 1, 1]","5","5","5"
"171","39","43","15","True","True","39","43","15","True","True","39","43","15","True","True","0.0","0.0","5","5","5","18","18","18","[1, 1, 1, 2, 2, 3, 7, 7, 4, 4, 2, 2, 1, 1, 1]","[1, 1, 1, 2, 2, 3, 7, 7, 4, 4, 2, 2, 1, 1, 1]","[1, 1, 1, 2, 2, 3, 7, 7, 4, 4, 2, 2, 1, 1, 1]","5","5","5"
"172","39","44","15","True","True","39","44","15","True","True","39","44","15","True","True","0.0","0.0","5","5","5","19","19","19","[1, 1, 1, 1, 1, 1, 1, 1, 2, 2, 2, 1, 1, 1, 1]","[1, 1, 1, 1, 1, 1, 1, 1, 2, 2, 2, 1, 1, 1, 1]","[1, 1, 1, 1, 1, 1, 1, 1, 2, 2, 2, 1, 1, 1, 1]","5","5","5"
"173","39","44","15","True","True","39","44","15","True","True","39","44","15","True","True","0.0","0.0","5","5","5","19","19","19","[1, 1, 1, 1, 1, 1, 1, 1, 3, 3, 2, 2, 1, 1, 1]","[1, 1, 1, 1, 1, 1, 1, 1, 3, 3, 2, 2, 1, 1, 1]","[1, 1, 1, 1, 1, 1, 1, 1, 3, 3, 2, 2, 1, 1, 1]","5","5","5"
"174","39","44","15","True","True","39","44","15","True","True","39","44","15","True","True","0.0","0.0","5","5","5","19","19","19","[1, 1, 1, 1, 3, 3, 4, 4, 1, 4, 4, 4, 4, 4, 1]","[1, 1, 1, 1, 3, 3, 4, 4, 1, 4, 4, 4, 4, 4, 1]","[1, 1, 1, 1, 3, 3, 4, 4, 1, 4, 4, 4, 4, 4, 1]","5","5","5"
"175","46","56","15","True","False","39","43","15","True","True","45","55","15","True","False","0.009515869481628192","0.10342888268606776","7","5","7","23","18","22","[1, 2, 2, 4, 4, 4, 4, 8, 8, 1, 1, 5, 1, 1, 1]","[1, 1, 1, 1, 1, 1, 2, 2, 4, 4, 4, 4, 5, 8, 8]","[1, 2, 2, 4, 4, 4, 4, 8, 8, 1, 1, 5, 1, 1, 1]","7","5","7"
"176","52","62","15","True","False","43","49","15","True","True","47","54","15","True","True","0.04147023930662308","0.09456826988767564","11","7","7","25","20","21","[1, 1, 3, 30, 54, 3, 3, 3, 6, 6, 6, 15, 15, 15, 6]","[1, 1, 2, 2, 2, 2, 4, 4, 4, 4, 10, 10, 10, 20, 36]","[1, 1, 2, 12, 24, 2, 2, 2, 4, 4, 4, 8, 8, 8, 4]","11","7","7"
"177","39","43","15","True","True","39","43","15","True","True","39","43","15","True","True","0.0","0.0","5","5","5","18","18","18","[1, 1, 1, 1, 2, 2, 2, 2, 5, 5, 8, 8, 6, 6, 2]","[1, 1, 1, 1, 2, 2, 2, 2, 5, 5, 8, 8, 6, 6, 2]","[1, 1, 1, 1, 2, 2, 2, 2, 5, 5, 8, 8, 6, 6, 2]","5","5","5"
"178","39","44","15","True","True","39","44","15","True","True","39","44","15","True","True","0.0","0.0","5","5","5","19","19","19","[1, 4, 4, 4, 4, 2, 2, 4, 4, 2, 2, 2, 2, 2, 1]","[1, 4, 4, 4, 4, 2, 2, 4, 4, 2, 2, 2, 2, 2, 1]","[1, 4, 4, 4, 4, 2, 2, 4, 4, 2, 2, 2, 2, 2, 1]","5","5","5"
"179","39","43","15","True","True","39","43","15","True","True","39","43","15","True","True","0.0","0.0","5","5","5","18","18","18","[1, 1, 1, 1, 4, 4, 2, 7, 7, 7, 3, 3, 3, 3, 1]","[1, 1, 1, 1, 4, 4, 2, 7, 7, 7, 3, 3, 3, 3, 1]","[1, 1, 1, 1, 4, 4, 2, 7, 7, 7, 3, 3, 3, 3, 1]","5","5","5"
"180","46","56","15","True","False","37","40","15","True","True","45","56","15","True","False","0.0","0.1284869437009235","7","4","7","23","17","23","[1, 1, 1, 2, 2, 2, 2, 5, 6, 6, 6, 4, 4, 12, 12]","[1, 1, 1, 2, 2, 2, 2, 4, 4, 5, 5, 5, 5, 10, 10]","[1, 1, 1, 2, 2, 2, 2, 5, 5, 5, 5, 4, 4, 10, 10]","7","4","7"
"181","52","62","15","True","False","39","43","15","True","True","45","50","15","True","True","0.06092624310458916","0.14069234684801557","11","5","5","25","18","19","[1, 1, 6, 7, 7, 7, 7, 7, 15, 8, 8, 3, 11, 1, 1]","[1, 1, 1, 1, 2, 4, 5, 5, 5, 5, 5, 5, 5, 9, 11]","[1, 1, 2, 2, 2, 2, 2, 2, 5, 2, 2, 1, 4, 1, 1]","11","5","5"
"182","52","62","15","True","False","45","52","15","True","True","45","50","15","True","False","0.0734745473634838","0.07236585581463739","11","8","6","25","21","19","[1, 1, 1, 1, 2, 3, 4, 8, 8, 8, 7, 7, 7, 17, 21]","[1, 1, 1, 1, 2, 3, 4, 7, 7, 7, 8, 8, 8, 17, 21]","[1, 1, 1, 1, 2, 2, 2, 4, 4, 4, 2, 2, 2, 8, 10]","11","8","6"
"183","39","43","15","True","True","39","43","15","True","True","39","43","15","True","True","0.0","0.0","5","5","5","18","18","18","[1, 1, 3, 3, 3, 3, 1, 1, 5, 5, 3, 3, 3, 2, 1]","[1, 1, 3, 3, 3, 3, 1, 1, 5, 5, 3, 3, 3, 2, 1]","[1, 1, 3, 3, 3, 3, 1, 1, 5, 5, 3, 3, 3, 2, 1]","5","5","5"
"184","39","43","15","True","True","39","43","15","True","True","39","43","15","True","True","0.0","0.0","5","5","5","18","18","18","[1, 1, 1, 1, 1, 2, 4, 4, 6, 6, 4, 4, 4, 4, 1]","[1, 1, 1, 1, 1, 2, 4, 4, 6, 6, 4, 4, 4, 4, 1]","[1, 1, 1, 1, 1, 2, 4, 4, 6, 6, 4, 4, 4, 4, 1]","5","5","5"
"185","39","43","15","True","True","39","43","15","True","True","39","43","15","True","True","0.0","0.0","5","5","5","18","18","18","[1, 2, 2, 1, 1, 1, 1, 1, 2, 2, 5, 5, 3, 3, 1]","[1, 2, 2, 1, 1, 1, 1, 1, 2, 2, 5, 5, 3, 3, 1]","[1, 2, 2, 1, 1, 1, 1, 1, 2, 2, 5, 5, 3, 3, 1]","5","5","5"
"186","52","62","15","True","False","39","43","15","True","True","48","56","15","True","True","0.030913550854693495","0.14069234684801557","11","5","8","25","18","22","[1, 1, 2, 3, 3, 3, 3, 3, 3, 16, 8, 2, 4, 18, 18]","[1, 1, 2, 2, 2, 2, 2, 2, 2, 2, 3, 6, 12, 13, 13]","[1, 1, 2, 2, 2, 2, 2, 2, 2, 8, 4, 2, 2, 10, 10]","11","5","8"
"187","39","43","15","True","True","39","43","15","True","True","39","43","15","True","True","0.0","0.0","5","5","5","18","18","18","[1, 2, 2, 2, 4, 5, 9, 9, 4, 1, 1, 1, 3, 3, 3]","[1, 2, 2, 2, 4, 5, 9, 9, 4, 1, 1, 1, 3, 3, 3]","[1, 2, 2, 2, 4, 5, 9, 9, 4, 1, 1, 1, 3, 3, 3]","5","5","5"
"188","39","44","15","True","True","39","44","15","True","True","39","44","15","True","True","0.0","0.0","5","5","5","19","19","19","[1, 1, 1, 1, 1, 1, 1, 1, 2, 5, 5, 5, 4, 4, 4]","[1, 1, 1, 1, 1, 1, 1, 1, 2, 5, 5, 5, 4, 4, 4]","[1, 1, 1, 1, 1, 1, 1, 1, 2, 5, 5, 5, 4, 4, 4]","5","5","5"
"189","39","43","15","True","True","39","43","15","True","True","39","43","15","True","True","0.0","0.0","5","5","5","18","18","18","[1, 1, 1, 1, 1, 2, 2, 1, 1, 1, 5, 6, 6, 1, 1]","[1, 1, 1, 1, 1, 2, 2, 1, 1, 1, 5, 6, 6, 1, 1]","[1, 1, 1, 1, 1, 2, 2, 1, 1, 1, 5, 6, 6, 1, 1]","5","5","5"
"190","39","44","15","True","True","39","44","15","True","True","39","44","15","True","True","0.0","0.0","5","5","5","19","19","19","[1, 1, 1, 1, 1, 2, 2, 2, 1, 1, 1, 1, 2, 2, 2]","[1, 1, 1, 1, 1, 2, 2, 2, 1, 1, 1, 1, 2, 2, 2]","[1, 1, 1, 1, 1, 2, 2, 2, 1, 1, 1, 1, 2, 2, 2]","5","5","5"
"191","46","56","15","True","False","41","46","15","True","True","45","56","15","True","False","0.0","0.07905237418007949","7","6","7","23","19","23","[1, 1, 3, 3, 20, 4, 3, 7, 7, 7, 7, 7, 1, 1, 1]","[1, 1, 1, 1, 1, 2, 2, 2, 3, 5, 5, 5, 5, 5, 14]","[1, 1, 2, 2, 14, 3, 2, 5, 5, 5, 5, 5, 1, 1, 1]","7","6","7"
"192","39","44","15","True","True","39","44","15","True","True","39","44","15","True","True","0.0","0.0","5","5","5","19","19","19","[1, 1, 1, 1, 1, 1, 1, 4, 5, 5, 4, 3, 3, 3, 3]","[1, 1, 1, 1, 1, 1, 1, 4, 5, 5, 4, 3, 3, 3, 3]","[1, 1, 1, 1, 1, 1, 1, 4, 5, 5, 4, 3, 3, 3, 3]","5","5","5"
"193","46","56","15","True","False","39","43","15","True","True","45","55","15","True","False","0.009515869481628192","0.10342888268606776","7","5","7","23","18","22","[1, 1, 1, 2, 4, 4, 4, 3, 2, 1, 6, 5, 5, 5, 1]","[1, 1, 1, 1, 1, 2, 2, 3, 4, 4, 4, 5, 5, 5, 6]","[1, 1, 1, 2, 4, 4, 4, 3, 2, 1, 6, 5, 5, 5, 1]","7","5","7"
"194","44","54","15","True","True","44","54","15","True","True","44","54","15","True","True","0.0","0.0","5","5","5","23","23","23","[1, 1, 1, 2, 2, 2, 3, 4, 4, 6, 6, 6, 6, 6, 1]","[1, 1, 1, 2, 2, 2, 3, 4, 4, 6, 6, 6, 6, 6, 1]","[1, 1, 1, 2, 2, 2, 3, 4, 4, 6, 6, 6, 6, 6, 1]","5","5","5"
"195","46","56","15","True","False","39","43","15","True","True","45","55","15","True","False","0.009515869481628192","0.10342888268606776","7","5","7","23","18","22","[1, 1, 1, 1, 2, 4, 4, 1, 10, 3, 3, 3, 1, 1, 1]","[1, 1, 1, 1, 1, 1, 1, 1, 2, 3, 3, 3, 4, 4, 10]","[1, 1, 1, 1, 2, 4, 4, 1, 10, 3, 3, 3, 1, 1, 1]","7","5","7"
"196","60","72","20","True","False","53","59","20","True","True","59","72","20","True","False","0.0","0.0791423722994592","9","7","9","30","25","30","[1, 1, 7, 2, 3, 3, 3, 5, 5, 7, 10, 10, 13, 13, 13, 3, 1, 1, 1, 1]","[1, 1, 1, 1, 1, 1, 2, 3, 3, 3, 3, 5, 5, 6, 7, 10, 10, 13, 13, 13]","[1, 1, 6, 2, 3, 3, 3, 5, 5, 7, 10, 10, 13, 13, 13, 3, 1, 1, 1, 1]","9","7","9"
"197","60","72","20","True","False","51","56","20","True","True","59","72","20","True","False","0.0","0.09797824476140304","9","6","9","30","24","30","[1, 2, 2, 2, 2, 3, 3, 3, 3, 4, 17, 6, 7, 7, 3, 3, 6, 6, 6, 6]","[1, 1, 1, 1, 1, 2, 2, 2, 2, 2, 2, 3, 4, 4, 4, 4, 5, 5, 5, 12]","[1, 1, 1, 1, 1, 2, 2, 2, 2, 3, 12, 5, 5, 5, 2, 2, 4, 4, 4, 4]","9","6","9"
"198","66","78","20","True","False","47","50","20","True","True","61","71","20","True","False","0.03203166130029744","0.1650739498713898","13","4","10","32","22","29","[7, 1, 8, 8, 8, 1, 1, 1, 2, 2, 1, 2, 3, 3, 3, 3, 3, 4, 4, 4]","[1, 1, 1, 1, 1, 1, 2, 2, 2, 2, 2, 2, 2, 3, 3, 3, 5, 7, 7, 7]","[3, 1, 6, 6, 6, 1, 1, 1, 2, 2, 1, 1, 1, 1, 1, 1, 1, 2, 2, 2]","13","4","10"
"199","53","60","20","True","True","53","60","20","True","True","53","60","20","True","True","0.0","0.0","7","7","7","26","26","26","[1, 1, 1, 1, 1, 1, 1, 2, 2, 2, 2, 9, 9, 7, 7, 7, 5, 2, 1, 1]","[1, 1, 1, 1, 1, 1, 1, 2, 2, 2, 2, 9, 9, 7, 7, 7, 5, 2, 1, 1]","[1, 1, 1, 1, 1, 1, 1, 2, 2, 2, 2, 9, 9, 7, 7, 7, 5, 2, 1, 1]","7","7","7"
"200","53","60","20","True","True","53","60","20","True","True","53","60","20","True","True","0.0","0.0","7","7","7","26","26","26","[1, 1, 1, 1, 1, 1, 3, 4, 4, 6, 6, 4, 4, 3, 2, 3, 3, 2, 2, 2]","[1, 1, 1, 1, 1, 1, 3, 4, 4, 6, 6, 4, 4, 3, 2, 3, 3, 2, 2, 2]","[1, 1, 1, 1, 1, 1, 3, 4, 4, 6, 6, 4, 4, 3, 2, 3, 3, 2, 2, 2]","7","7","7"
"201","66","78","20","True","False","57","65","20","True","True","58","63","20","True","True","0.06507202586820038","0.07385346454153174","13","9","6","32","27","24","[2, 15, 2, 4, 4, 25, 8, 8, 8, 7, 7, 2, 2, 6, 6, 6, 6, 2, 1, 1]","[1, 1, 2, 2, 2, 2, 2, 4, 4, 6, 6, 6, 6, 7, 7, 8, 8, 8, 15, 25]","[2, 8, 2, 4, 4, 16, 4, 4, 4, 4, 4, 2, 2, 4, 4, 4, 4, 2, 1, 1]","13","9","6"
"202","66","78","20","True","False","53","59","20","True","True","63","74","20","True","True","0.015575353865652897","0.1092199784692186","13","7","11","32","25","30","[1, 1, 2, 2, 2, 2, 3, 3, 7, 4, 4, 4, 7, 16, 16, 18, 20, 20, 20, 1]","[1, 1, 1, 1, 1, 1, 1, 2, 2, 2, 2, 2, 3, 4, 10, 10, 11, 12, 12, 12]","[1, 1, 1, 1, 1, 1, 2, 2, 3, 2, 2, 2, 4, 10, 10, 11, 12, 12, 12, 1]","13","7","11"
"203","58","69","20","True","True","58","69","20","True","True","58","69","20","True","True","0.0","0.0","7","7","7","29","29","29","[1, 1, 1, 1, 1, 2, 2, 3, 3, 3, 3, 2, 2, 2, 6, 6, 6, 5, 3, 1]","[1, 1, 1, 1, 1, 2, 2, 3, 3, 3, 3, 2, 2, 2, 6, 6, 6, 5, 3, 1]","[1, 1, 1, 1, 1, 2, 2, 3, 3, 3, 3, 2, 2, 2, 6, 6, 6, 5, 3, 1]","7","7","7"
"204","53","59","20","True","True","53","59","20","True","True","53","59","20","True","True","0.0","0.0","7","7","7","25","25","25","[1, 1, 4, 4, 2, 2, 2, 4, 4, 2, 2, 8, 8, 2, 2, 6, 6, 6, 2, 2]","[1, 1, 4, 4, 2, 2, 2, 4, 4, 2, 2, 8, 8, 2, 2, 6, 6, 6, 2, 2]","[1, 1, 4, 4, 2, 2, 2, 4, 4, 2, 2, 8, 8, 2, 2, 6, 6, 6, 2, 2]","7","7","7"
"205","58","70","20","True","True","58","70","20","True","True","58","70","20","True","True","0.0","0.0","7","7","7","30","30","30","[1, 1, 1, 1, 1, 1, 1, 1, 3, 3, 9, 12, 12, 18, 18, 12, 12, 6, 6, 3]","[1, 1, 1, 1, 1, 1, 1, 1, 3, 3, 9, 12, 12, 18, 18, 12, 12, 6, 6, 3]","[1, 1, 1, 1, 1, 1, 1, 1, 3, 3, 9, 12, 12, 18, 18, 12, 12, 6, 6, 3]","7","7","7"
"206","60","72","20","True","False","47","50","20","True","True","59","72","20","True","False","0.0","0.1368822793021668","9","4","9","30","22","30","[1, 1, 2, 2, 1, 1, 1, 1, 2, 2, 3, 5, 5, 2, 3, 4, 4, 4, 11, 1]","[1, 1, 1, 1, 1, 1, 1, 2, 2, 2, 2, 2, 3, 3, 3, 3, 3, 5, 5, 10]","[1, 1, 2, 2, 1, 1, 1, 1, 2, 2, 3, 5, 5, 2, 3, 3, 3, 3, 10, 1]","9","4","9"
"207","66","78","20","True","False","55","62","20","True","True","60","68","20","True","False","0.04057500286239357","0.09136463531840688","13","8","8","32","26","27","[1, 1, 1, 1, 1, 2, 2, 3, 6, 8, 11, 14, 11, 11, 10, 5, 8, 1, 1, 1]","[1, 1, 1, 1, 1, 1, 1, 1, 2, 2, 3, 5, 5, 7, 8, 9, 10, 10, 10, 13]","[1, 1, 1, 1, 1, 1, 1, 1, 2, 3, 4, 6, 4, 4, 4, 2, 4, 1, 1, 1]","13","8","8"
"208","53","59","20","True","True","53","59","20","True","True","53","59","20","True","True","0.0","0.0","7","7","7","25","25","25","[1, 1, 1, 1, 1, 1, 1, 1, 1, 1, 2, 3, 5, 5, 9, 14, 14, 14, 4, 1]","[1, 1, 1, 1, 1, 1, 1, 1, 1, 1, 2, 3, 5, 5, 9, 14, 14, 14, 4, 1]","[1, 1, 1, 1, 1, 1, 1, 1, 1, 1, 2, 3, 5, 5, 9, 14, 14, 14, 4, 1]","7","7","7"
"209","66","78","20","True","False","57","65","20","True","True","60","68","20","True","False","0.04690855625179091","0.07385346454153174","13","9","9","32","27","27","[1, 1, 2, 2, 2, 3, 13, 5, 5, 5, 5, 6, 6, 6, 29, 29, 10, 10, 2, 1]","[1, 1, 1, 2, 2, 2, 2, 3, 5, 5, 5, 5, 6, 6, 6, 10, 10, 13, 29, 29]","[1, 1, 2, 2, 2, 2, 6, 4, 4, 4, 4, 4, 4, 4, 22, 22, 8, 8, 2, 1]","13","9","9"
"210","60","72","20","True","False","51","56","20","True","True","59","71","20","True","False","0.007366701759173866","0.09797824476140304","9","6","9","30","24","29","[1, 1, 1, 1, 2, 3, 3, 15, 3, 4, 7, 11, 11, 11, 1, 4, 4, 4, 4, 4]","[1, 1, 1, 1, 1, 2, 3, 3, 3, 4, 4, 4, 4, 4, 4, 7, 11, 11, 11, 15]","[1, 1, 1, 1, 2, 3, 3, 15, 3, 4, 7, 11, 11, 11, 1, 4, 4, 4, 4, 4]","9","6","9"
"211","53","59","20","True","True","53","59","20","True","True","53","59","20","True","True","0.0","0.0","7","7","7","25","25","25","[1, 1, 1, 1, 1, 1, 1, 1, 1, 1, 1, 1, 4, 6, 6, 6, 6, 6, 3, 1]","[1, 1, 1, 1, 1, 1, 1, 1, 1, 1, 1, 1, 4, 6, 6, 6, 6, 6, 3, 1]","[1, 1, 1, 1, 1, 1, 1, 1, 1, 1, 1, 1, 4, 6, 6, 6, 6, 6, 3, 1]","7","7","7"
"212","53","59","20","True","True","53","59","20","True","True","53","59","20","True","True","0.0","0.0","7","7","7","25","25","25","[1, 1, 2, 2, 2, 2, 4, 4, 5, 5, 4, 4, 6, 6, 4, 4, 1, 1, 1, 1]","[1, 1, 2, 2, 2, 2, 4, 4, 5, 5, 4, 4, 6, 6, 4, 4, 1, 1, 1, 1]","[1, 1, 2, 2, 2, 2, 4, 4, 5, 5, 4, 4, 6, 6, 4, 4, 1, 1, 1, 1]","7","7","7"
"213","60","72","20","True","False","55","62","20","True","True","59","71","20","True","False","0.006418660462958692","0.06068413509362247","9","8","9","30","26","29","[1, 1, 1, 1, 1, 1, 1, 1, 1, 3, 3, 4, 4, 6, 7, 10, 18, 18, 18, 3]","[1, 1, 1, 1, 1, 1, 1, 1, 1, 3, 3, 3, 4, 4, 6, 7, 10, 18, 18, 18]","[1, 1, 1, 1, 1, 1, 1, 1, 1, 3, 3, 4, 4, 6, 7, 10, 18, 18, 18, 3]","9","8","9"
"214","53","59","20","True","True","53","59","20","True","True","53","59","20","True","True","0.0","0.0","7","7","7","25","25","25","[1, 1, 1, 2, 3, 6, 13, 13, 13, 10, 10, 10, 10, 16, 16, 16, 3, 2, 2, 1]","[1, 1, 1, 2, 3, 6, 13, 13, 13, 10, 10, 10, 10, 16, 16, 16, 3, 2, 2, 1]","[1, 1, 1, 2, 3, 6, 13, 13, 13, 10, 10, 10, 10, 16, 16, 16, 3, 2, 2, 1]","7","7","7"
"215","58","70","20","True","True","58","70","20","True","True","58","70","20","True","True","0.0","0.0","7","7","7","30","30","30","[1, 1, 1, 1, 1, 1, 1, 1, 1, 1, 2, 4, 7, 7, 7, 7, 7, 7, 6, 1]","[1, 1, 1, 1, 1, 1, 1, 1, 1, 1, 2, 4, 7, 7, 7, 7, 7, 7, 6, 1]","[1, 1, 1, 1, 1, 1, 1, 1, 1, 1, 2, 4, 7, 7, 7, 7, 7, 7, 6, 1]","7","7","7"
"216","60","72","20","True","False","49","53","20","True","True","59","72","20","True","False","0.0","0.11721592484165688","9","5","9","30","23","30","[1, 1, 1, 1, 1, 2, 3, 10, 4, 4, 2, 1, 1, 1, 1, 1, 2, 5, 5, 5]","[1, 1, 1, 1, 1, 1, 1, 1, 1, 1, 1, 2, 2, 3, 4, 4, 4, 4, 4, 9]","[1, 1, 1, 1, 1, 2, 3, 9, 4, 4, 2, 1, 1, 1, 1, 1, 1, 4, 4, 4]","9","5","9"
"217","60","72","20","True","False","51","56","20","True","True","59","72","20","True","False","0.0","0.09797824476140304","9","6","9","30","24","30","[1, 1, 1, 2, 2, 2, 2, 2, 3, 6, 8, 11, 23, 6, 6, 5, 3, 1, 1, 1]","[1, 1, 1, 1, 1, 1, 2, 2, 2, 2, 2, 2, 2, 4, 4, 5, 5, 6, 8, 16]","[1, 1, 1, 2, 2, 2, 2, 2, 2, 4, 6, 8, 16, 5, 5, 4, 2, 1, 1, 1]","9","6","9"
"218","53","60","20","True","True","53","60","20","True","True","53","60","20","True","True","0.0","0.0","7","7","7","26","26","26","[1, 1, 1, 1, 1, 1, 3, 3, 3, 3, 3, 1, 2, 2, 2, 1, 7, 7, 7, 1]","[1, 1, 1, 1, 1, 1, 3, 3, 3, 3, 3, 1, 2, 2, 2, 1, 7, 7, 7, 1]","[1, 1, 1, 1, 1, 1, 3, 3, 3, 3, 3, 1, 2, 2, 2, 1, 7, 7, 7, 1]","7","7","7"
"219","66","78","20","True","False","49","53","20","True","True","56","61","20","True","False","0.07466872594235119","0.14604994971893415","13","5","5","32","23","24","[1, 1, 1, 1, 1, 1, 2, 11, 12, 6, 6, 3, 1, 3, 3, 3, 1, 2, 2, 2]","[1, 1, 1, 1, 1, 1, 1, 1, 2, 2, 2, 2, 3, 3, 3, 3, 5, 5, 10, 11]","[1, 1, 1, 1, 1, 1, 1, 3, 4, 1, 1, 1, 1, 1, 1, 1, 1, 1, 1, 1]","13","5","5"
"220","53","60","20","True","True","53","60","20","True","True","53","60","20","True","True","0.0","0.0","7","7","7","26","26","26","[1, 1, 1, 1, 1, 1, 1, 1, 2, 3, 4, 6, 9, 9, 3, 3, 3, 3, 3, 1]","[1, 1, 1, 1, 1, 1, 1, 1, 2, 3, 4, 6, 9, 9, 3, 3, 3, 3, 3, 1]","[1, 1, 1, 1, 1, 1, 1, 1, 2, 3, 4, 6, 9, 9, 3, 3, 3, 3, 3, 1]","7","7","7"
"221","53","60","20","True","True","53","60","20","True","True","53","60","20","True","True","0.0","0.0","7","7","7","26","26","26","[1, 1, 1, 2, 2, 2, 4, 4, 2, 2, 2, 5, 5, 2, 2, 3, 3, 3, 2, 2]","[1, 1, 1, 2, 2, 2, 4, 4, 2, 2, 2, 5, 5, 2, 2, 3, 3, 3, 2, 2]","[1, 1, 1, 2, 2, 2, 4, 4, 2, 2, 2, 5, 5, 2, 2, 3, 3, 3, 2, 2]","7","7","7"
"222","53","60","20","True","True","53","60","20","True","True","53","60","20","True","True","0.0","0.0","7","7","7","26","26","26","[1, 1, 1, 1, 2, 2, 4, 4, 4, 4, 5, 5, 5, 5, 5, 4, 4, 4, 3, 3]","[1, 1, 1, 1, 2, 2, 4, 4, 4, 4, 5, 5, 5, 5, 5, 4, 4, 4, 3, 3]","[1, 1, 1, 1, 2, 2, 4, 4, 4, 4, 5, 5, 5, 5, 5, 4, 4, 4, 3, 3]","7","7","7"
"223","60","72","20","True","False","51","56","20","True","True","59","71","20","True","False","0.007366701759173866","0.09797824476140304","9","6","9","30","24","29","[1, 1, 1, 2, 2, 2, 2, 3, 13, 14, 14, 14, 14, 3, 6, 6, 3, 3, 1, 1]","[1, 1, 1, 1, 1, 2, 2, 2, 2, 3, 3, 3, 3, 6, 6, 13, 14, 14, 14, 14]","[1, 1, 1, 2, 2, 2, 2, 3, 13, 14, 14, 14, 14, 3, 6, 6, 3, 3, 1, 1]","9","6","9"
"224","66","78","20","True","False","49","53","20","True","True","63","74","20","True","False","0.015575353865652897","0.14604994971893415","13","5","11","32","23","30","[1, 1, 1, 7, 2, 2, 2, 2, 2, 3, 3, 3, 3, 5, 5, 3, 7, 15, 15, 15]","[1, 1, 1, 1, 1, 1, 1, 1, 1, 1, 2, 2, 2, 3, 3, 4, 4, 9, 9, 9]","[1, 1, 1, 4, 1, 1, 1, 1, 1, 1, 1, 2, 2, 3, 3, 2, 4, 9, 9, 9]","13","5","11"
"225","66","78","20","True","False","55","62","20","True","True","65","77","20","True","True","0.006891686718708101","0.09136463531840688","13","8","13","32","26","31","[2, 2, 2, 23, 6, 6, 6, 3, 2, 3, 3, 9, 9, 15, 15, 7, 1, 1, 1, 1]","[1, 1, 1, 1, 2, 2, 2, 2, 3, 3, 3, 6, 6, 6, 7, 9, 9, 15, 15, 23]","[2, 2, 2, 23, 6, 6, 6, 3, 2, 3, 3, 9, 9, 15, 15, 7, 1, 1, 1, 1]","13","8","13"
"226","53","59","20","True","True","53","59","20","True","True","53","59","20","True","True","0.0","0.0","7","7","7","25","25","25","[1, 1, 1, 2, 2, 2, 2, 5, 5, 1, 1, 2, 2, 4, 6, 6, 6, 7, 7, 7]","[1, 1, 1, 2, 2, 2, 2, 5, 5, 1, 1, 2, 2, 4, 6, 6, 6, 7, 7, 7]","[1, 1, 1, 2, 2, 2, 2, 5, 5, 1, 1, 2, 2, 4, 6, 6, 6, 7, 7, 7]","7","7","7"
"227","60","72","20","True","False","51","56","20","True","True","59","72","20","True","False","0.0","0.09797824476140304","9","6","9","30","24","30","[1, 1, 1, 1, 1, 1, 2, 2, 2, 2, 1, 1, 4, 14, 14, 25, 25, 25, 25, 4]","[1, 1, 1, 1, 1, 1, 1, 1, 2, 2, 2, 2, 3, 3, 12, 12, 21, 21, 21, 21]","[1, 1, 1, 1, 1, 1, 2, 2, 2, 2, 1, 1, 3, 12, 12, 21, 21, 21, 21, 3]","9","6","9"
"228","53","59","20","True","True","53","59","20","True","True","53","59","20","True","True","0.0","0.0","7","7","7","25","25","25","[1, 1, 1, 1, 1, 1, 2, 3, 3, 3, 3, 2, 4, 6, 6, 1, 1, 1, 1, 1]","[1, 1, 1, 1, 1, 1, 2, 3, 3, 3, 3, 2, 4, 6, 6, 1, 1, 1, 1, 1]","[1, 1, 1, 1, 1, 1, 2, 3, 3, 3, 3, 2, 4, 6, 6, 1, 1, 1, 1, 1]","7","7","7"
"229","53","59","20","True","True","53","59","20","True","True","53","59","20","True","True","0.0","0.0","7","7","7","25","25","25","[1, 1, 1, 1, 1, 1, 2, 2, 2, 5, 5, 3, 2, 5, 7, 9, 9, 9, 7, 1]","[1, 1, 1, 1, 1, 1, 2, 2, 2, 5, 5, 3, 2, 5, 7, 9, 9, 9, 7, 1]","[1, 1, 1, 1, 1, 1, 2, 2, 2, 5, 5, 3, 2, 5, 7, 9, 9, 9, 7, 1]","7","7","7"
"230","53","59","20","True","True","53","59","20","True","True","53","59","20","True","True","0.0","0.0","7","7","7","25","25","25","[1, 1, 1, 1, 1, 2, 2, 1, 3, 3, 2, 2, 2, 2, 2, 2, 5, 5, 5, 1]","[1, 1, 1, 1, 1, 2, 2, 1, 3, 3, 2, 2, 2, 2, 2, 2, 5, 5, 5, 1]","[1, 1, 1, 1, 1, 2, 2, 1, 3, 3, 2, 2, 2, 2, 2, 2, 5, 5, 5, 1]","7","7","7"
"231","53","60","20","True","True","53","60","20","True","True","53","60","20","True","True","0.0","0.0","7","7","7","26","26","26","[1, 1, 1, 1, 1, 2, 2, 2, 2, 3, 3, 2, 2, 1, 7, 14, 14, 4, 4, 1]","[1, 1, 1, 1, 1, 2, 2, 2, 2, 3, 3, 2, 2, 1, 7, 14, 14, 4, 4, 1]","[1, 1, 1, 1, 1, 2, 2, 2, 2, 3, 3, 2, 2, 1, 7, 14, 14, 4, 4, 1]","7","7","7"
"232","53","59","20","True","True","53","59","20","True","True","53","59","20","True","True","0.0","0.0","7","7","7","25","25","25","[1, 1, 1, 1, 1, 1, 1, 2, 2, 1, 3, 5, 5, 4, 2, 1, 3, 3, 3, 1]","[1, 1, 1, 1, 1, 1, 1, 2, 2, 1, 3, 5, 5, 4, 2, 1, 3, 3, 3, 1]","[1, 1, 1, 1, 1, 1, 1, 2, 2, 1, 3, 5, 5, 4, 2, 1, 3, 3, 3, 1]","7","7","7"
"233","53","59","20","True","True","53","59","20","True","True","53","59","20","True","True","0.0","0.0","7","7","7","25","25","25","[1, 1, 1, 1, 1, 2, 2, 2, 4, 4, 4, 8, 8, 3, 5, 5, 5, 1, 1, 1]","[1, 1, 1, 1, 1, 2, 2, 2, 4, 4, 4, 8, 8, 3, 5, 5, 5, 1, 1, 1]","[1, 1, 1, 1, 1, 2, 2, 2, 4, 4, 4, 8, 8, 3, 5, 5, 5, 1, 1, 1]","7","7","7"
"234","60","72","20","True","False","51","56","20","True","True","59","72","20","True","False","0.0","0.09797824476140304","9","6","9","30","24","30","[1, 1, 1, 2, 2, 2, 2, 3, 3, 4, 4, 4, 4, 6, 22, 8, 8, 4, 3, 1]","[1, 1, 1, 1, 1, 2, 2, 2, 2, 2, 2, 3, 3, 3, 3, 3, 5, 6, 6, 17]","[1, 1, 1, 2, 2, 2, 1, 2, 2, 3, 3, 3, 3, 5, 17, 6, 6, 3, 2, 1]","9","6","9"
"235","53","60","20","True","True","53","60","20","True","True","53","60","20","True","True","0.0","0.0","7","7","7","26","26","26","[1, 1, 1, 1, 1, 2, 2, 3, 3, 2, 2, 2, 2, 2, 4, 4, 4, 2, 2, 1]","[1, 1, 1, 1, 1, 2, 2, 3, 3, 2, 2, 2, 2, 2, 4, 4, 4, 2, 2, 1]","[1, 1, 1, 1, 1, 2, 2, 3, 3, 2, 2, 2, 2, 2, 4, 4, 4, 2, 2, 1]","7","7","7"
"236","66","78","20","True","False","53","59","20","True","True","58","63","20","True","True","0.06456798331147195","0.1092199784692186","13","7","6","32","25","24","[1, 1, 1, 1, 1, 13, 1, 14, 6, 3, 5, 5, 2, 2, 2, 5, 5, 1, 1, 1]","[1, 1, 1, 1, 1, 1, 1, 1, 1, 2, 2, 2, 3, 5, 5, 5, 5, 6, 13, 14]","[1, 1, 1, 1, 1, 4, 1, 5, 2, 1, 2, 2, 1, 1, 1, 2, 2, 1, 1, 1]","13","7","6"
"237","66","78","20","True","False","53","59","20","True","True","65","78","20","True","False","0.0","0.1092199784692186","13","7","13","32","25","32","[1, 1, 4, 1, 1, 12, 2, 2, 2, 2, 2, 4, 8, 8, 8, 10, 10, 1, 1, 1]","[1, 1, 1, 1, 1, 1, 1, 2, 2, 2, 2, 2, 3, 4, 7, 8, 8, 9, 9, 10]","[1, 1, 3, 1, 1, 10, 2, 2, 2, 2, 2, 4, 8, 8, 7, 9, 9, 1, 1, 1]","13","7","13"
"238","53","60","20","True","True","53","60","20","True","True","53","60","20","True","True","0.0","0.0","7","7","7","26","26","26","[1, 1, 1, 1, 1, 1, 1, 1, 3, 6, 7, 7, 7, 7, 7, 6, 5, 3, 1, 1]","[1, 1, 1, 1, 1, 1, 1, 1, 3, 6, 7, 7, 7, 7, 7, 6, 5, 3, 1, 1]","[1, 1, 1, 1, 1, 1, 1, 1, 3, 6, 7, 7, 7, 7, 7, 6, 5, 3, 1, 1]","7","7","7"
"239","66","78","20","True","False","51","56","20","True","True","64","76","20","True","False","0.007449510849664276","0.12744062232607511","13","6","12","32","24","31","[4, 1, 1, 1, 1, 1, 1, 2, 2, 3, 5, 8, 18, 9, 11, 11, 11, 11, 5, 2]","[1, 1, 1, 1, 1, 1, 1, 1, 1, 2, 3, 4, 4, 6, 6, 7, 7, 7, 7, 13]","[3, 1, 1, 1, 1, 1, 1, 1, 1, 2, 4, 6, 13, 6, 7, 7, 7, 7, 4, 1]","13","6","12"
"240","53","60","20","True","True","53","60","20","True","True","53","60","20","True","True","0.0","0.0","7","7","7","26","26","26","[1, 1, 1, 1, 1, 1, 2, 2, 2, 2, 3, 3, 1, 4, 4, 1, 2, 2, 2, 2]","[1, 1, 1, 1, 1, 1, 2, 2, 2, 2, 3, 3, 1, 4, 4, 1, 2, 2, 2, 2]","[1, 1, 1, 1, 1, 1, 2, 2, 2, 2, 3, 3, 1, 4, 4, 1, 2, 2, 2, 2]","7","7","7"
"241","60","72","20","True","False","51","56","20","True","True","59","72","20","True","False","0.0","0.09797824476140304","9","6","9","30","24","30","[1, 1, 1, 23, 1, 1, 1, 2, 2, 5, 5, 7, 12, 12, 12, 1, 1, 1, 1, 1]","[1, 1, 1, 1, 1, 1, 1, 1, 1, 1, 1, 2, 2, 3, 3, 5, 8, 8, 8, 17]","[1, 1, 1, 17, 1, 1, 1, 2, 2, 3, 3, 5, 8, 8, 8, 1, 1, 1, 1, 1]","9","6","9"
"242","53","59","20","True","True","53","59","20","True","True","53","59","20","True","True","0.0","0.0","7","7","7","25","25","25","[1, 1, 1, 2, 2, 1, 1, 2, 2, 2, 2, 1, 3, 3, 3, 7, 7, 7, 7, 7]","[1, 1, 1, 2, 2, 1, 1, 2, 2, 2, 2, 1, 3, 3, 3, 7, 7, 7, 7, 7]","[1, 1, 1, 2, 2, 1, 1, 2, 2, 2, 2, 1, 3, 3, 3, 7, 7, 7, 7, 7]","7","7","7"
"243","60","72","20","True","False","51","56","20","True","True","59","71","20","True","False","0.007366701759173866","0.09797824476140304","9","6","9","30","24","29","[1, 1, 1, 1, 1, 1, 1, 1, 1, 2, 4, 4, 8, 9, 9, 11, 20, 20, 2, 20]","[1, 1, 1, 1, 1, 1, 1, 1, 1, 2, 2, 4, 4, 8, 9, 9, 11, 20, 20, 20]","[1, 1, 1, 1, 1, 1, 1, 1, 1, 2, 4, 4, 8, 9, 9, 11, 20, 20, 2, 20]","9","6","9"
"244","66","78","20","True","False","57","65","20","True","True","57","63","20","True","False","0.06697237865026984","0.07385346454153174","13","9","6","32","27","25","[1, 1, 1, 1, 1, 1, 1, 1, 3, 3, 15, 36, 16, 16, 15, 15, 14, 3, 1, 1]","[1, 1, 1, 1, 1, 1, 1, 1, 1, 1, 2, 2, 2, 10, 10, 10, 11, 12, 12, 26]","[1, 1, 1, 1, 1, 1, 1, 1, 2, 2, 6, 14, 6, 6, 6, 6, 6, 2, 1, 1]","13","9","6"
"245","53","60","20","True","True","53","60","20","True","True","53","60","20","True","True","0.0","0.0","7","7","7","26","26","26","[1, 1, 1, 3, 3, 2, 4, 4, 4, 4, 4, 2, 1, 1, 1, 5, 5, 5, 1, 1]","[1, 1, 1, 3, 3, 2, 4, 4, 4, 4, 4, 2, 1, 1, 1, 5, 5, 5, 1, 1]","[1, 1, 1, 3, 3, 2, 4, 4, 4, 4, 4, 2, 1, 1, 1, 5, 5, 5, 1, 1]","7","7","7"
"246","53","59","20","True","True","53","59","20","True","True","53","59","20","True","True","0.0","0.0","7","7","7","25","25","25","[1, 2, 2, 2, 2, 2, 2, 2, 2, 4, 4, 4, 8, 8, 9, 9, 6, 6, 2, 1]","[1, 2, 2, 2, 2, 2, 2, 2, 2, 4, 4, 4, 8, 8, 9, 9, 6, 6, 2, 1]","[1, 2, 2, 2, 2, 2, 2, 2, 2, 4, 4, 4, 8, 8, 9, 9, 6, 6, 2, 1]","7","7","7"
"247","53","59","20","True","True","53","59","20","True","True","53","59","20","True","True","0.0","0.0","7","7","7","25","25","25","[1, 1, 3, 3, 1, 2, 2, 2, 2, 2, 2, 2, 5, 7, 7, 6, 6, 1, 1, 1]","[1, 1, 3, 3, 1, 2, 2, 2, 2, 2, 2, 2, 5, 7, 7, 6, 6, 1, 1, 1]","[1, 1, 3, 3, 1, 2, 2, 2, 2, 2, 2, 2, 5, 7, 7, 6, 6, 1, 1, 1]","7","7","7"
"248","53","60","20","True","True","53","60","20","True","True","53","60","20","True","True","0.0","0.0","7","7","7","26","26","26","[1, 1, 2, 2, 2, 2, 1, 2, 2, 2, 2, 3, 3, 5, 5, 5, 2, 2, 2, 1]","[1, 1, 2, 2, 2, 2, 1, 2, 2, 2, 2, 3, 3, 5, 5, 5, 2, 2, 2, 1]","[1, 1, 2, 2, 2, 2, 1, 2, 2, 2, 2, 3, 3, 5, 5, 5, 2, 2, 2, 1]","7","7","7"
"249","60","72","20","True","False","53","59","20","True","True","59","71","20","True","False","0.006418660462958692","0.0791423722994592","9","7","9","30","25","29","[1, 1, 1, 1, 2, 2, 2, 7, 7, 6, 4, 2, 2, 2, 2, 1, 12, 13, 13, 13]","[1, 1, 1, 1, 1, 2, 2, 2, 2, 2, 2, 2, 4, 6, 7, 7, 12, 13, 13, 13]","[1, 1, 1, 1, 2, 2, 2, 7, 7, 6, 4, 2, 2, 2, 2, 1, 12, 13, 13, 13]","9","7","9"
"250","58","69","20","True","True","58","69","20","True","True","58","69","20","True","True","0.0","0.0","7","7","7","29","29","29","[1, 1, 1, 1, 1, 1, 1, 1, 2, 2, 3, 3, 3, 7, 8, 8, 12, 12, 12, 3]","[1, 1, 1, 1, 1, 1, 1, 1, 2, 2, 3, 3, 3, 7, 8, 8, 12, 12, 12, 3]","[1, 1, 1, 1, 1, 1, 1, 1, 2, 2, 3, 3, 3, 7, 8, 8, 12, 12, 12, 3]","7","7","7"
"251","53","59","20","True","True","53","59","20","True","True","53","59","20","True","True","0.0","0.0","7","7","7","25","25","25","[1, 1, 1, 1, 1, 1, 1, 4, 4, 4, 13, 13, 13, 13, 13, 13, 13, 4, 1, 1]","[1, 1, 1, 1, 1, 1, 1, 4, 4, 4, 13, 13, 13, 13, 13, 13, 13, 4, 1, 1]","[1, 1, 1, 1, 1, 1, 1, 4, 4, 4, 13, 13, 13, 13, 13, 13, 13, 4, 1, 1]","7","7","7"
"252","66","78","20","True","False","51","56","20","True","True","60","68","20","True","True","0.04092950568838016","0.12744062232607511","13","6","8","32","24","27","[1, 2, 3, 3, 8, 11, 11, 11, 22, 22, 22, 22, 22, 22, 22, 22, 6, 1, 1, 1]","[1, 1, 1, 1, 1, 2, 2, 5, 6, 8, 8, 8, 16, 16, 16, 16, 16, 16, 16, 16]","[1, 1, 1, 1, 2, 3, 3, 3, 6, 6, 6, 6, 6, 6, 6, 6, 2, 1, 1, 1]","13","6","8"
"253","53","59","20","True","True","53","59","20","True","True","53","59","20","True","True","0.0","0.0","7","7","7","25","25","25","[1, 1, 2, 2, 7, 7, 3, 6, 6, 6, 6, 6, 2, 2, 1, 4, 4, 1, 1, 1]","[1, 1, 2, 2, 7, 7, 3, 6, 6, 6, 6, 6, 2, 2, 1, 4, 4, 1, 1, 1]","[1, 1, 2, 2, 7, 7, 3, 6, 6, 6, 6, 6, 2, 2, 1, 4, 4, 1, 1, 1]","7","7","7"
"254","53","59","20","True","True","53","59","20","True","True","53","59","20","True","True","0.0","0.0","7","7","7","25","25","25","[1, 1, 1, 1, 1, 1, 4, 4, 4, 4, 8, 8, 3, 9, 9, 5, 5, 6, 6, 6]","[1, 1, 1, 1, 1, 1, 4, 4, 4, 4, 8, 8, 3, 9, 9, 5, 5, 6, 6, 6]","[1, 1, 1, 1, 1, 1, 4, 4, 4, 4, 8, 8, 3, 9, 9, 5, 5, 6, 6, 6]","7","7","7"
"255","60","72","20","True","False","55","62","20","True","True","59","72","20","True","False","0.0","0.06068413509362247","9","8","9","30","26","30","[1, 1, 1, 1, 1, 1, 3, 3, 3, 13, 13, 13, 17, 17, 4, 21, 21, 18, 1, 1]","[1, 1, 1, 1, 1, 1, 1, 1, 2, 2, 2, 3, 10, 10, 10, 13, 13, 14, 16, 16]","[1, 1, 1, 1, 1, 1, 2, 2, 2, 10, 10, 10, 13, 13, 3, 16, 16, 14, 1, 1]","9","8","9"
"256","53","59","20","True","True","53","59","20","True","True","53","59","20","True","True","0.0","0.0","7","7","7","25","25","25","[1, 1, 2, 2, 2, 7, 7, 2, 2, 2, 2, 1, 3, 3, 1, 1, 1, 4, 4, 4]","[1, 1, 2, 2, 2, 7, 7, 2, 2, 2, 2, 1, 3, 3, 1, 1, 1, 4, 4, 4]","[1, 1, 2, 2, 2, 7, 7, 2, 2, 2, 2, 1, 3, 3, 1, 1, 1, 4, 4, 4]","7","7","7"
"257","53","59","20","True","True","53","59","20","True","True","53","59","20","True","True","0.0","0.0","7","7","7","25","25","25","[1, 1, 1, 1, 1, 1, 1, 1, 1, 1, 2, 2, 2, 3, 3, 4, 5, 7, 7, 7]","[1, 1, 1, 1, 1, 1, 1, 1, 1, 1, 2, 2, 2, 3, 3, 4, 5, 7, 7, 7]","[1, 1, 1, 1, 1, 1, 1, 1, 1, 1, 2, 2, 2, 3, 3, 4, 5, 7, 7, 7]","7","7","7"
"258","53","60","20","True","True","53","60","20","True","True","53","60","20","True","True","0.0","0.0","7","7","7","26","26","26","[1, 1, 1, 1, 2, 2, 2, 1, 1, 2, 2, 3, 5, 5, 5, 6, 6, 5, 3, 3]","[1, 1, 1, 1, 2, 2, 2, 1, 1, 2, 2, 3, 5, 5, 5, 6, 6, 5, 3, 3]","[1, 1, 1, 1, 2, 2, 2, 1, 1, 2, 2, 3, 5, 5, 5, 6, 6, 5, 3, 3]","7","7","7"
"259","53","60","20","True","True","53","60","20","True","True","53","60","20","True","True","0.0","0.0","7","7","7","26","26","26","[1, 1, 1, 1, 1, 2, 3, 3, 1, 1, 2, 2, 2, 6, 6, 5, 5, 2, 2, 1]","[1, 1, 1, 1, 1, 2, 3, 3, 1, 1, 2, 2, 2, 6, 6, 5, 5, 2, 2, 1]","[1, 1, 1, 1, 1, 2, 3, 3, 1, 1, 2, 2, 2, 6, 6, 5, 5, 2, 2, 1]","7","7","7"
"260","66","78","20","True","False","49","53","20","True","True","59","66","20","True","True","0.0496260354848449","0.14604994971893415","13","5","7","32","23","26","[1, 1, 1, 1, 2, 2, 3, 19, 7, 7, 7, 7, 2, 7, 1, 1, 12, 12, 12, 12]","[1, 1, 1, 1, 1, 1, 2, 2, 2, 2, 6, 6, 6, 6, 6, 10, 10, 10, 10, 16]","[1, 1, 1, 1, 1, 1, 1, 6, 2, 2, 2, 2, 1, 3, 1, 1, 3, 3, 3, 3]","13","5","7"
"261","66","78","20","True","False","55","62","20","True","True","61","70","20","True","False","0.03259067471159294","0.09136463531840688","13","8","9","32","26","28","[1, 1, 23, 2, 2, 2, 2, 2, 3, 4, 7, 7, 4, 17, 17, 2, 6, 6, 1, 1]","[1, 1, 1, 1, 2, 2, 2, 2, 2, 2, 3, 3, 3, 5, 5, 6, 6, 16, 16, 22]","[1, 1, 16, 2, 2, 2, 2, 2, 2, 2, 4, 4, 2, 12, 12, 2, 2, 2, 1, 1]","13","8","9"
"262","53","59","20","True","True","53","59","20","True","True","53","59","20","True","True","0.0","0.0","7","7","7","25","25","25","[1, 1, 1, 1, 1, 1, 2, 2, 2, 5, 6, 8, 8, 11, 11, 9, 6, 6, 2, 2]","[1, 1, 1, 1, 1, 1, 2, 2, 2, 5, 6, 8, 8, 11, 11, 9, 6, 6, 2, 2]","[1, 1, 1, 1, 1, 1, 2, 2, 2, 5, 6, 8, 8, 11, 11, 9, 6, 6, 2, 2]","7","7","7"
"263","60","72","20","True","False","53","59","20","True","True","59","71","20","True","False","0.006418660462958692","0.0791423722994592","9","7","9","30","25","29","[1, 1, 1, 1, 1, 1, 2, 2, 1, 2, 3, 3, 3, 3, 3, 3, 10, 28, 4, 4]","[1, 1, 1, 1, 1, 1, 1, 2, 2, 2, 3, 3, 3, 3, 3, 3, 4, 4, 10, 28]","[1, 1, 1, 1, 1, 1, 2, 2, 1, 2, 3, 3, 3, 3, 3, 3, 10, 28, 4, 4]","9","7","9"
"264","53","60","20","True","True","53","60","20","True","True","53","60","20","True","True","0.0","0.0","7","7","7","26","26","26","[1, 1, 1, 1, 1, 1, 1, 1, 3, 3, 5, 5, 7, 7, 7, 3, 3, 3, 3, 3]","[1, 1, 1, 1, 1, 1, 1, 1, 3, 3, 5, 5, 7, 7, 7, 3, 3, 3, 3, 3]","[1, 1, 1, 1, 1, 1, 1, 1, 3, 3, 5, 5, 7, 7, 7, 3, 3, 3, 3, 3]","7","7","7"
"265","53","60","20","True","True","53","60","20","True","True","53","60","20","True","True","0.0","0.0","7","7","7","26","26","26","[1, 1, 1, 1, 1, 2, 3, 3, 3, 1, 6, 6, 6, 5, 6, 6, 6, 5, 5, 5]","[1, 1, 1, 1, 1, 2, 3, 3, 3, 1, 6, 6, 6, 5, 6, 6, 6, 5, 5, 5]","[1, 1, 1, 1, 1, 2, 3, 3, 3, 1, 6, 6, 6, 5, 6, 6, 6, 5, 5, 5]","7","7","7"
"266","53","60","20","True","True","53","60","20","True","True","53","60","20","True","True","0.0","0.0","7","7","7","26","26","26","[1, 1, 1, 1, 1, 1, 2, 3, 3, 8, 8, 6, 6, 5, 5, 3, 3, 3, 3, 2]","[1, 1, 1, 1, 1, 1, 2, 3, 3, 8, 8, 6, 6, 5, 5, 3, 3, 3, 3, 2]","[1, 1, 1, 1, 1, 1, 2, 3, 3, 8, 8, 6, 6, 5, 5, 3, 3, 3, 3, 2]","7","7","7"
"267","66","78","20","True","False","53","59","20","True","True","61","70","20","True","True","0.03287030258608781","0.1092199784692186","13","7","9","32","25","28","[1, 2, 2, 2, 2, 1, 1, 3, 3, 3, 9, 16, 2, 6, 2, 2, 5, 5, 5, 5]","[1, 1, 1, 1, 1, 1, 1, 2, 2, 2, 3, 3, 3, 5, 5, 5, 5, 6, 9, 16]","[1, 1, 1, 1, 1, 1, 1, 3, 3, 3, 9, 13, 2, 4, 2, 2, 3, 3, 3, 3]","13","7","9"
"268","53","60","20","True","True","53","60","20","True","True","53","60","20","True","True","0.0","0.0","7","7","7","26","26","26","[1, 1, 2, 2, 2, 2, 2, 2, 2, 2, 4, 4, 4, 8, 8, 2, 10, 10, 10, 1]","[1, 1, 2, 2, 2, 2, 2, 2, 2, 2, 4, 4, 4, 8, 8, 2, 10, 10, 10, 1]","[1, 1, 2, 2, 2, 2, 2, 2, 2, 2, 4, 4, 4, 8, 8, 2, 10, 10, 10, 1]","7","7","7"
"269","58","70","20","True","True","58","70","20","True","True","58","70","20","True","True","0.0","0.0","7","7","7","30","30","30","[1, 1, 1, 1, 1, 1, 1, 3, 3, 2, 2, 5, 5, 3, 3, 3, 1, 1, 1, 1]","[1, 1, 1, 1, 1, 1, 1, 3, 3, 2, 2, 5, 5, 3, 3, 3, 1, 1, 1, 1]","[1, 1, 1, 1, 1, 1, 1, 3, 3, 2, 2, 5, 5, 3, 3, 3, 1, 1, 1, 1]","7","7","7"
"270","53","59","20","True","True","53","59","20","True","True","53","59","20","True","True","0.0","0.0","7","7","7","25","25","25","[1, 1, 1, 1, 1, 1, 1, 1, 1, 4, 4, 8, 8, 4, 5, 5, 4, 12, 12, 12]","[1, 1, 1, 1, 1, 1, 1, 1, 1, 4, 4, 8, 8, 4, 5, 5, 4, 12, 12, 12]","[1, 1, 1, 1, 1, 1, 1, 1, 1, 4, 4, 8, 8, 4, 5, 5, 4, 12, 12, 12]","7","7","7"
"271","53","59","20","True","True","53","59","20","True","True","53","59","20","True","True","0.0","0.0","7","7","7","25","25","25","[1, 1, 1, 2, 2, 2, 2, 1, 1, 1, 2, 2, 1, 4, 4, 5, 6, 6, 6, 1]","[1, 1, 1, 2, 2, 2, 2, 1, 1, 1, 2, 2, 1, 4, 4, 5, 6, 6, 6, 1]","[1, 1, 1, 2, 2, 2, 2, 1, 1, 1, 2, 2, 1, 4, 4, 5, 6, 6, 6, 1]","7","7","7"
"272","60","72","20","True","False","53","59","20","True","True","59","71","20","True","False","0.006418660462958692","0.0791423722994592","9","7","9","30","25","29","[1, 1, 1, 1, 1, 2, 2, 2, 4, 4, 2, 5, 5, 7, 25, 25, 7, 1, 1, 1]","[1, 1, 1, 1, 1, 1, 1, 1, 2, 2, 2, 2, 4, 4, 5, 5, 7, 7, 25, 25]","[1, 1, 1, 1, 1, 2, 2, 2, 4, 4, 2, 5, 5, 7, 25, 25, 7, 1, 1, 1]","9","7","9"
"273","66","78","20","True","False","55","62","20","True","True","59","65","20","True","True","0.05659354180093101","0.09136463531840688","13","8","7","32","26","25","[1, 1, 1, 1, 1, 1, 1, 1, 2, 5, 6, 7, 7, 2, 32, 13, 2, 2, 1, 1]","[1, 1, 1, 1, 1, 1, 1, 1, 1, 1, 2, 2, 2, 2, 5, 6, 7, 7, 13, 32]","[1, 1, 1, 1, 1, 1, 1, 1, 1, 2, 2, 2, 2, 1, 13, 5, 1, 1, 1, 1]","13","8","7"
"274","66","78","20","True","False","53","59","20","True","True","61","70","20","True","True","0.03195978091642404","0.1092199784692186","13","7","9","32","25","28","[1, 2, 2, 2, 1, 2, 2, 6, 6, 12, 12, 32, 18, 12, 12, 6, 6, 4, 2, 20]","[1, 1, 2, 2, 2, 2, 2, 2, 4, 5, 5, 5, 5, 10, 10, 10, 10, 15, 17, 27]","[1, 2, 2, 2, 1, 2, 2, 2, 2, 4, 4, 12, 6, 4, 4, 2, 2, 2, 2, 8]","13","7","9"
"275","53","59","20","True","True","53","59","20","True","True","53","59","20","True","True","0.0","0.0","7","7","7","25","25","25","[1, 1, 1, 2, 2, 4, 8, 8, 14, 14, 15, 15, 5, 5, 5, 5, 1, 1, 1, 1]","[1, 1, 1, 2, 2, 4, 8, 8, 14, 14, 15, 15, 5, 5, 5, 5, 1, 1, 1, 1]","[1, 1, 1, 2, 2, 4, 8, 8, 14, 14, 15, 15, 5, 5, 5, 5, 1, 1, 1, 1]","7","7","7"
"276","66","78","20","True","False","59","68","20","True","True","61","69","20","True","True","0.03971622706442457","0.056667299234572255","13","10","9","32","28","27","[1, 1, 1, 2, 2, 5, 6, 6, 6, 6, 28, 28, 6, 6, 42, 15, 2, 1, 1, 1]","[1, 1, 1, 1, 1, 1, 2, 2, 2, 5, 6, 6, 6, 6, 6, 6, 15, 28, 28, 42]","[1, 1, 1, 2, 2, 5, 6, 6, 6, 6, 18, 18, 6, 6, 24, 6, 2, 1, 1, 1]","13","10","9"
"277","60","72","20","True","False","51","56","20","True","True","59","71","20","True","False","0.006418660462958692","0.09797824476140304","9","6","9","30","24","29","[1, 1, 1, 1, 1, 1, 1, 1, 3, 3, 3, 3, 3, 5, 5, 5, 15, 8, 8, 8]","[1, 1, 1, 1, 1, 1, 1, 1, 3, 3, 3, 3, 3, 5, 5, 5, 8, 8, 8, 15]","[1, 1, 1, 1, 1, 1, 1, 1, 3, 3, 3, 3, 3, 5, 5, 5, 15, 8, 8, 8]","9","6","9"
"278","53","60","20","True","True","53","60","20","True","True","53","60","20","True","True","0.0","0.0","7","7","7","26","26","26","[1, 2, 2, 4, 12, 12, 12, 12, 14, 14, 12, 4, 2, 2, 2, 1, 1, 1, 1, 1]","[1, 2, 2, 4, 12, 12, 12, 12, 14, 14, 12, 4, 2, 2, 2, 1, 1, 1, 1, 1]","[1, 2, 2, 4, 12, 12, 12, 12, 14, 14, 12, 4, 2, 2, 2, 1, 1, 1, 1, 1]","7","7","7"
"279","58","70","20","True","True","58","70","20","True","True","58","70","20","True","True","0.0","0.0","7","7","7","30","30","30","[1, 1, 1, 1, 1, 3, 6, 6, 6, 6, 6, 13, 13, 1, 1, 2, 2, 2, 2, 1]","[1, 1, 1, 1, 1, 3, 6, 6, 6, 6, 6, 13, 13, 1, 1, 2, 2, 2, 2, 1]","[1, 1, 1, 1, 1, 3, 6, 6, 6, 6, 6, 13, 13, 1, 1, 2, 2, 2, 2, 1]","7","7","7"
"280","66","78","20","True","False","57","65","20","True","True","61","70","20","True","True","0.03287030258608781","0.07385346454153174","13","9","9","32","27","28","[1, 19, 3, 3, 3, 6, 7, 7, 32, 6, 6, 6, 12, 12, 6, 6, 3, 3, 3, 1]","[1, 1, 3, 3, 3, 3, 3, 3, 6, 6, 6, 6, 6, 6, 6, 6, 12, 12, 19, 30]","[1, 12, 3, 3, 3, 6, 6, 6, 27, 6, 6, 6, 9, 9, 6, 6, 3, 3, 3, 1]","13","9","9"
"281","66","78","20","True","False","45","47","20","True","True","61","70","20","True","True","0.03168041597909255","0.18454164423209785","13","3","9","32","21","28","[1, 2, 2, 2, 2, 2, 18, 3, 3, 6, 17, 7, 5, 5, 5, 5, 2, 4, 4, 4]","[1, 1, 1, 1, 1, 1, 1, 1, 1, 2, 2, 2, 2, 2, 2, 2, 2, 2, 6, 6]","[1, 1, 1, 1, 1, 1, 6, 1, 1, 2, 5, 2, 2, 2, 2, 2, 1, 1, 1, 1]","13","3","9"
"282","66","78","20","True","False","55","62","20","True","True","59","66","20","True","True","0.049910677150191485","0.09136463531840688","13","8","7","32","26","26","[1, 1, 1, 1, 1, 1, 1, 1, 19, 1, 3, 19, 3, 3, 3, 7, 14, 14, 14, 14]","[1, 1, 1, 1, 1, 1, 1, 1, 1, 3, 3, 3, 3, 7, 13, 13, 13, 13, 17, 18]","[1, 1, 1, 1, 1, 1, 1, 1, 6, 1, 1, 6, 1, 1, 1, 2, 4, 4, 4, 4]","13","8","7"
"283","60","72","20","True","False","51","56","20","True","True","59","71","20","True","False","0.006418660462958692","0.09797824476140304","9","6","9","30","24","29","[1, 1, 3, 5, 5, 17, 17, 17, 3, 2, 2, 2, 7, 7, 1, 3, 3, 3, 1, 1]","[1, 1, 1, 1, 1, 2, 2, 2, 3, 3, 3, 3, 3, 5, 5, 7, 7, 17, 17, 17]","[1, 1, 3, 5, 5, 17, 17, 17, 3, 2, 2, 2, 7, 7, 1, 3, 3, 3, 1, 1]","9","6","9"
"284","53","59","20","True","True","53","59","20","True","True","53","59","20","True","True","0.0","0.0","7","7","7","25","25","25","[1, 1, 1, 1, 1, 1, 1, 2, 3, 3, 3, 3, 6, 7, 7, 12, 12, 12, 12, 3]","[1, 1, 1, 1, 1, 1, 1, 2, 3, 3, 3, 3, 6, 7, 7, 12, 12, 12, 12, 3]","[1, 1, 1, 1, 1, 1, 1, 2, 3, 3, 3, 3, 6, 7, 7, 12, 12, 12, 12, 3]","7","7","7"
"285","53","59","20","True","True","53","59","20","True","True","53","59","20","True","True","0.0","0.0","7","7","7","25","25","25","[1, 1, 1, 1, 1, 1, 1, 3, 4, 4, 5, 5, 3, 3, 8, 8, 9, 9, 1, 1]","[1, 1, 1, 1, 1, 1, 1, 3, 4, 4, 5, 5, 3, 3, 8, 8, 9, 9, 1, 1]","[1, 1, 1, 1, 1, 1, 1, 3, 4, 4, 5, 5, 3, 3, 8, 8, 9, 9, 1, 1]","7","7","7"
"286","53","60","20","True","True","53","60","20","True","True","53","60","20","True","True","0.0","0.0","7","7","7","26","26","26","[1, 1, 2, 2, 2, 4, 4, 2, 2, 2, 2, 2, 2, 2, 2, 2, 4, 10, 10, 10]","[1, 1, 2, 2, 2, 4, 4, 2, 2, 2, 2, 2, 2, 2, 2, 2, 4, 10, 10, 10]","[1, 1, 2, 2, 2, 4, 4, 2, 2, 2, 2, 2, 2, 2, 2, 2, 4, 10, 10, 10]","7","7","7"
"287","53","59","20","True","True","53","59","20","True","True","53","59","20","True","True","0.0","0.0","7","7","7","25","25","25","[1, 1, 1, 1, 1, 1, 2, 4, 7, 14, 14, 6, 13, 13, 6, 6, 6, 2, 1, 1]","[1, 1, 1, 1, 1, 1, 2, 4, 7, 14, 14, 6, 13, 13, 6, 6, 6, 2, 1, 1]","[1, 1, 1, 1, 1, 1, 2, 4, 7, 14, 14, 6, 13, 13, 6, 6, 6, 2, 1, 1]","7","7","7"
"288","53","59","20","True","True","53","59","20","True","True","53","59","20","True","True","0.0","0.0","7","7","7","25","25","25","[1, 1, 1, 1, 3, 21, 21, 6, 6, 6, 3, 3, 2, 2, 3, 3, 2, 1, 1, 1]","[1, 1, 1, 1, 3, 21, 21, 6, 6, 6, 3, 3, 2, 2, 3, 3, 2, 1, 1, 1]","[1, 1, 1, 1, 3, 21, 21, 6, 6, 6, 3, 3, 2, 2, 3, 3, 2, 1, 1, 1]","7","7","7"
"289","53","59","20","True","True","53","59","20","True","True","53","59","20","True","True","0.0","0.0","7","7","7","25","25","25","[1, 1, 1, 2, 3, 3, 2, 1, 1, 1, 1, 2, 2, 1, 2, 5, 5, 5, 4, 2]","[1, 1, 1, 2, 3, 3, 2, 1, 1, 1, 1, 2, 2, 1, 2, 5, 5, 5, 4, 2]","[1, 1, 1, 2, 3, 3, 2, 1, 1, 1, 1, 2, 2, 1, 2, 5, 5, 5, 4, 2]","7","7","7"
"290","66","78","20","True","False","53","59","20","True","False","59","65","20","True","False","0.05659354180093101","0.1092199784692186","13","7","7","32","25","25","[1, 1, 1, 1, 1, 9, 29, 3, 3, 3, 10, 10, 10, 10, 10, 9, 3, 1, 1, 1]","[1, 1, 1, 1, 1, 1, 1, 1, 3, 3, 3, 3, 9, 9, 10, 10, 10, 10, 10, 29]","[1, 1, 1, 1, 1, 3, 10, 1, 1, 1, 3, 3, 3, 3, 3, 3, 1, 1, 1, 1]","13","7","7"
"291","66","78","20","True","False","53","59","20","True","True","60","68","20","True","False","0.04092950568838016","0.1092199784692186","13","7","8","32","25","27","[1, 1, 1, 1, 1, 1, 1, 19, 19, 10, 9, 2, 29, 6, 3, 2, 2, 2, 1, 1]","[1, 1, 1, 1, 1, 1, 1, 1, 1, 2, 2, 2, 2, 3, 5, 7, 7, 14, 14, 23]","[1, 1, 1, 1, 1, 1, 1, 12, 12, 6, 6, 2, 19, 4, 2, 1, 1, 1, 1, 1]","13","7","8"
"292","60","72","20","True","False","55","62","20","True","True","59","71","20","True","False","0.007366701759173866","0.06068413509362247","9","8","9","30","26","29","[22, 1, 4, 4, 8, 8, 8, 4, 2, 1, 1, 1, 1, 7, 7, 6, 6, 6, 5, 1]","[1, 1, 1, 1, 1, 1, 2, 4, 4, 4, 5, 6, 6, 6, 7, 7, 8, 8, 8, 22]","[22, 1, 4, 4, 8, 8, 8, 4, 2, 1, 1, 1, 1, 7, 7, 6, 6, 6, 5, 1]","9","8","9"
"293","53","60","20","True","True","53","60","20","True","True","53","60","20","True","True","0.0","0.0","7","7","7","26","26","26","[1, 1, 1, 1, 4, 4, 4, 8, 8, 4, 4, 4, 5, 9, 10, 10, 10, 4, 2, 2]","[1, 1, 1, 1, 4, 4, 4, 8, 8, 4, 4, 4, 5, 9, 10, 10, 10, 4, 2, 2]","[1, 1, 1, 1, 4, 4, 4, 8, 8, 4, 4, 4, 5, 9, 10, 10, 10, 4, 2, 2]","7","7","7"
"294","67","75","25","True","True","67","75","25","True","True","67","75","25","True","True","0.0","0.0","9","9","9","32","32","32","[1, 2, 2, 2, 2, 2, 2, 2, 2, 3, 3, 3, 3, 8, 8, 4, 4, 3, 5, 5, 5, 8, 8, 1, 1]","[1, 2, 2, 2, 2, 2, 2, 2, 2, 3, 3, 3, 3, 8, 8, 4, 4, 3, 5, 5, 5, 8, 8, 1, 1]","[1, 2, 2, 2, 2, 2, 2, 2, 2, 3, 3, 3, 3, 8, 8, 4, 4, 3, 5, 5, 5, 8, 8, 1, 1]","9","9","9"
"295","80","94","25","True","False","61","66","25","True","True","69","74","25","True","True","0.06991319750142744","0.13409837093589427","15","6","5","39","29","29","[1, 2, 2, 2, 2, 2, 2, 2, 2, 14, 14, 14, 14, 14, 15, 15, 4, 2, 3, 3, 3, 3, 3, 2, 6]","[1, 1, 1, 1, 1, 1, 1, 2, 2, 2, 2, 3, 3, 3, 3, 3, 3, 5, 12, 12, 12, 12, 12, 13, 13]","[1, 1, 1, 1, 1, 1, 1, 1, 1, 4, 4, 4, 4, 4, 4, 4, 1, 1, 1, 1, 1, 1, 1, 1, 2]","15","6","5"
"296","74","88","25","True","False","59","63","25","True","True","73","88","25","True","False","0.0","0.1260503780828729","11","5","11","37","28","37","[1, 1, 1, 1, 2, 2, 4, 4, 2, 3, 5, 7, 10, 23, 23, 23, 23, 23, 2, 2, 2, 4, 4, 4, 4]","[1, 1, 1, 1, 1, 1, 1, 1, 1, 1, 1, 2, 2, 2, 2, 2, 2, 2, 3, 5, 12, 12, 12, 12, 12]","[1, 1, 1, 1, 1, 1, 2, 2, 1, 1, 2, 3, 5, 12, 12, 12, 12, 12, 1, 1, 1, 2, 2, 2, 2]","11","5","11"
"297","74","88","25","True","False","67","75","25","True","True","73","88","25","True","False","0.0","0.06410333871039653","11","9","11","37","32","37","[1, 1, 2, 2, 23, 23, 2, 2, 2, 2, 2, 2, 5, 7, 12, 12, 12, 12, 12, 5, 12, 12, 4, 1, 1]","[1, 1, 1, 1, 2, 2, 2, 2, 2, 2, 2, 2, 4, 5, 5, 7, 11, 11, 11, 11, 11, 12, 12, 22, 22]","[1, 1, 2, 2, 22, 22, 2, 2, 2, 2, 2, 2, 5, 7, 11, 11, 11, 11, 11, 5, 12, 12, 4, 1, 1]","11","9","11"
"298","80","94","25","True","False","71","81","25","True","True","75","85","25","True","True","0.03270209166063953","0.06059068412942015","15","11","11","39","34","35","[14, 1, 1, 1, 1, 1, 1, 2, 3, 3, 12, 12, 13, 13, 11, 3, 2, 7, 7, 7, 5, 20, 20, 20, 1]","[1, 1, 1, 1, 1, 1, 1, 2, 2, 3, 3, 3, 5, 7, 7, 7, 11, 12, 12, 13, 13, 14, 20, 20, 20]","[9, 1, 1, 1, 1, 1, 1, 2, 2, 2, 7, 7, 8, 8, 7, 2, 2, 6, 6, 6, 4, 13, 13, 13, 1]","15","11","11"
"299","80","94","25","True","False","67","75","25","True","True","70","77","26","True","True","0.06174205338111738","0.08928150884424924","15","9","7","39","32","32","[17, 17, 2, 2, 2, 2, 4, 4, 5, 11, 11, 22, 22, 12, 10, 6, 44, 8, 8, 4, 2, 2, 2, 2, 2]","[1, 1, 1, 1, 1, 1, 1, 1, 1, 2, 2, 2, 3, 4, 5, 5, 6, 6, 6, 7, 10, 10, 13, 13, 26]","[4, 4, 1, 1, 1, 1, 2, 2, 2, 2, 2, 4, 4, 2, 2, 2, 10, 2, 2, 2, 1, 1, 1, 1, 1, 1]","15","9","7"
"300","72","86","25","True","True","72","86","25","True","True","72","86","25","True","True","0.0","0.0","9","9","9","37","37","37","[1, 1, 1, 1, 1, 2, 2, 2, 2, 3, 3, 3, 3, 3, 4, 15, 15, 6, 4, 4, 4, 4, 2, 1, 1]","[1, 1, 1, 1, 1, 2, 2, 2, 2, 3, 3, 3, 3, 3, 4, 15, 15, 6, 4, 4, 4, 4, 2, 1, 1]","[1, 1, 1, 1, 1, 2, 2, 2, 2, 3, 3, 3, 3, 3, 4, 15, 15, 6, 4, 4, 4, 4, 2, 1, 1]","9","9","9"
"301","80","94","25","True","False","57","60","25","True","True","75","86","25","True","True","0.025578384582082503","0.16531207112810786","15","4","11","39","27","35","[1, 1, 1, 1, 2, 2, 6, 2, 2, 2, 10, 10, 10, 4, 4, 3, 3, 3, 6, 6, 3, 3, 1, 1, 1]","[1, 1, 1, 1, 1, 1, 1, 1, 1, 1, 2, 2, 2, 3, 3, 3, 3, 3, 3, 6, 6, 6, 8, 8, 8]","[1, 1, 1, 1, 2, 2, 4, 1, 1, 1, 6, 6, 6, 3, 3, 2, 2, 2, 5, 5, 2, 2, 1, 1, 1]","15","4","11"
"302","72","86","25","True","True","72","86","25","True","True","72","86","25","True","True","0.0","0.0","9","9","9","37","37","37","[1, 1, 1, 1, 2, 2, 2, 1, 1, 1, 1, 1, 1, 1, 2, 7, 8, 8, 6, 4, 8, 8, 8, 1, 1]","[1, 1, 1, 1, 2, 2, 2, 1, 1, 1, 1, 1, 1, 1, 2, 7, 8, 8, 6, 4, 8, 8, 8, 1, 1]","[1, 1, 1, 1, 2, 2, 2, 1, 1, 1, 1, 1, 1, 1, 2, 7, 8, 8, 6, 4, 8, 8, 8, 1, 1]","9","9","9"
"303","74","88","25","True","False","65","72","25","True","False","73","88","25","True","False","0.0","0.07919931262403901","11","8","11","37","31","37","[1, 1, 1, 2, 2, 1, 5, 9, 9, 51, 10, 20, 20, 20, 10, 30, 30, 5, 5, 4, 4, 4, 4, 1, 1]","[1, 1, 1, 1, 1, 1, 1, 1, 3, 3, 3, 3, 4, 4, 4, 7, 7, 8, 8, 16, 16, 16, 24, 24, 40]","[1, 1, 1, 1, 1, 1, 4, 7, 7, 40, 8, 16, 16, 16, 8, 24, 24, 4, 4, 3, 3, 3, 3, 1, 1]","11","8","11"
"304","80","94","25","True","False","61","66","25","True","True","75","86","25","True","True","0.02707328023333977","0.13409837093589427","15","6","11","39","29","35","[2, 2, 2, 2, 2, 4, 4, 4, 4, 4, 23, 23, 4, 8, 8, 4, 10, 10, 6, 6, 6, 1, 1, 12, 1]","[1, 1, 1, 1, 1, 1, 1, 1, 2, 2, 2, 2, 2, 2, 2, 3, 3, 3, 4, 4, 5, 5, 7, 12, 12]","[1, 1, 1, 1, 1, 2, 2, 2, 2, 2, 11, 11, 2, 4, 4, 2, 4, 4, 2, 2, 2, 1, 1, 5, 1]","15","6","11"
"305","80","94","25","True","False","67","75","25","True","True","74","84","25","True","True","0.03316417103939873","0.08928150884424924","15","9","10","39","32","34","[1, 1, 6, 1, 1, 1, 1, 3, 3, 3, 4, 4, 4, 4, 24, 24, 24, 25, 26, 26, 1, 1, 1, 1, 1]","[1, 1, 1, 1, 1, 1, 1, 1, 1, 1, 1, 2, 2, 3, 4, 4, 4, 4, 6, 24, 24, 24, 25, 26, 26]","[1, 1, 4, 1, 1, 1, 1, 2, 2, 2, 3, 3, 3, 3, 17, 17, 17, 17, 18, 18, 1, 1, 1, 1, 1]","15","9","10"
"306","67","75","25","True","True","67","75","25","True","True","67","75","25","True","True","0.0","0.0","9","9","9","32","32","32","[1, 2, 2, 1, 1, 1, 2, 2, 4, 4, 2, 3, 3, 3, 6, 6, 6, 3, 3, 2, 3, 4, 4, 4, 4]","[1, 2, 2, 1, 1, 1, 2, 2, 4, 4, 2, 3, 3, 3, 6, 6, 6, 3, 3, 2, 3, 4, 4, 4, 4]","[1, 2, 2, 1, 1, 1, 2, 2, 4, 4, 2, 3, 3, 3, 6, 6, 6, 3, 3, 2, 3, 4, 4, 4, 4]","9","9","9"
"307","80","94","25","True","False","65","72","25","True","True","69","74","26","True","True","0.07064559665056125","0.10397135992910611","15","8","5","39","31","30","[1, 1, 1, 3, 14, 7, 7, 7, 9, 9, 9, 9, 15, 15, 25, 25, 24, 1, 1, 1, 1, 2, 2, 1, 1]","[1, 1, 1, 1, 1, 1, 1, 1, 1, 2, 2, 2, 6, 6, 6, 7, 7, 7, 7, 10, 12, 12, 19, 20, 20]","[1, 1, 1, 1, 3, 2, 2, 2, 2, 2, 2, 2, 4, 4, 6, 6, 6, 1, 1, 1, 1, 2, 2, 1, 1, 1]","15","8","5"
"308","72","86","25","True","True","72","86","25","True","True","72","86","25","True","True","0.0","0.0","9","9","9","37","37","37","[1, 1, 1, 1, 1, 2, 2, 4, 5, 5, 5, 7, 7, 7, 4, 4, 5, 5, 2, 18, 18, 11, 1, 1, 1]","[1, 1, 1, 1, 1, 2, 2, 4, 5, 5, 5, 7, 7, 7, 4, 4, 5, 5, 2, 18, 18, 11, 1, 1, 1]","[1, 1, 1, 1, 1, 2, 2, 4, 5, 5, 5, 7, 7, 7, 4, 4, 5, 5, 2, 18, 18, 11, 1, 1, 1]","9","9","9"
"309","74","88","25","True","False","63","69","25","True","True","73","88","25","True","False","0.0","0.09454693598670849","11","7","11","37","30","37","[11, 1, 1, 2, 2, 2, 2, 2, 2, 5, 6, 6, 5, 5, 5, 5, 12, 12, 1, 1, 3, 9, 9, 9, 9]","[1, 1, 1, 1, 2, 2, 2, 2, 2, 2, 3, 5, 5, 5, 5, 5, 5, 5, 9, 9, 9, 9, 11, 12, 12]","[11, 1, 1, 2, 2, 2, 2, 2, 2, 5, 5, 5, 5, 5, 5, 5, 12, 12, 1, 1, 3, 9, 9, 9, 9]","11","7","11"
"310","67","75","25","True","True","67","75","25","True","True","67","75","25","True","True","0.0","0.0","9","9","9","32","32","32","[1, 2, 2, 1, 1, 1, 1, 3, 3, 3, 3, 4, 4, 4, 4, 4, 12, 16, 16, 4, 1, 1, 9, 9, 9]","[1, 2, 2, 1, 1, 1, 1, 3, 3, 3, 3, 4, 4, 4, 4, 4, 12, 16, 16, 4, 1, 1, 9, 9, 9]","[1, 2, 2, 1, 1, 1, 1, 3, 3, 3, 3, 4, 4, 4, 4, 4, 12, 16, 16, 4, 1, 1, 9, 9, 9]","9","9","9"
"311","67","75","25","True","True","67","75","25","True","True","67","75","25","True","True","0.0","0.0","9","9","9","32","32","32","[1, 1, 1, 2, 2, 2, 2, 7, 7, 7, 7, 14, 14, 16, 17, 17, 17, 7, 7, 11, 11, 3, 3, 1, 1]","[1, 1, 1, 2, 2, 2, 2, 7, 7, 7, 7, 14, 14, 16, 17, 17, 17, 7, 7, 11, 11, 3, 3, 1, 1]","[1, 1, 1, 2, 2, 2, 2, 7, 7, 7, 7, 14, 14, 16, 17, 17, 17, 7, 7, 11, 11, 3, 3, 1, 1]","9","9","9"
"312","80","94","25","True","False","67","75","25","True","True","73","81","25","True","True","0.04597990326390167","0.08928150884424924","15","9","9","39","32","32","[1, 1, 1, 1, 3, 3, 3, 12, 12, 12, 1, 1, 3, 3, 4, 20, 20, 19, 2, 3, 24, 24, 24, 24, 24]","[1, 1, 1, 1, 1, 1, 2, 3, 3, 3, 3, 3, 3, 4, 12, 12, 12, 19, 20, 20, 24, 24, 24, 24, 24]","[1, 1, 1, 1, 3, 3, 3, 3, 3, 3, 1, 1, 1, 1, 1, 7, 7, 6, 1, 1, 8, 8, 8, 8, 8]","15","9","9"
"313","80","94","25","True","False","67","75","25","True","True","69","74","25","True","True","0.06780837680187235","0.08928150884424924","15","9","5","39","32","29","[1, 36, 1, 1, 1, 1, 1, 2, 4, 4, 4, 4, 8, 8, 15, 16, 16, 15, 15, 9, 11, 19, 19, 2, 2]","[1, 1, 1, 1, 1, 1, 2, 2, 2, 3, 3, 3, 3, 6, 6, 6, 7, 12, 12, 12, 13, 13, 13, 13, 29]","[1, 10, 1, 1, 1, 1, 1, 2, 2, 2, 2, 2, 2, 2, 4, 4, 4, 4, 4, 2, 2, 4, 4, 2, 2]","15","9","5"
"314","80","94","25","True","False","61","66","25","True","True","73","82","25","True","True","0.0392936773977427","0.13409837093589427","15","6","9","39","29","33","[1, 1, 1, 1, 2, 3, 3, 1, 6, 1, 3, 3, 8, 8, 8, 8, 4, 4, 3, 3, 2, 10, 2, 2, 2]","[1, 1, 1, 1, 1, 1, 1, 2, 2, 2, 2, 3, 3, 3, 3, 3, 3, 4, 4, 6, 8, 8, 8, 8, 9]","[1, 1, 1, 1, 1, 2, 2, 1, 3, 1, 1, 1, 3, 3, 3, 3, 1, 1, 1, 1, 1, 3, 2, 2, 2]","15","6","9"
"315","74","88","25","True","False","57","60","25","True","True","73","87","25","True","False","0.005236553454152637","0.1422358792138103","11","4","11","37","27","36","[1, 1, 1, 1, 1, 1, 2, 4, 4, 1, 1, 1, 3, 3, 3, 3, 7, 3, 3, 7, 7, 2, 1, 1, 1]","[1, 1, 1, 1, 1, 1, 1, 1, 1, 1, 1, 1, 2, 2, 3, 3, 3, 3, 3, 3, 4, 4, 7, 7, 7]","[1, 1, 1, 1, 1, 1, 2, 4, 4, 1, 1, 1, 3, 3, 3, 3, 7, 3, 3, 7, 7, 2, 1, 1, 1]","11","4","11"
"316","80","94","25","True","False","63","69","25","True","True","70","74","27","True","True","0.0634831991364515","0.1189060904071666","15","7","4","39","30","30","[1, 1, 1, 1, 2, 2, 2, 2, 2, 2, 2, 1, 1, 1, 1, 1, 3, 6, 6, 3, 2, 16, 7, 13, 13]","[1, 1, 1, 1, 1, 1, 1, 1, 1, 2, 2, 2, 2, 2, 2, 2, 2, 3, 3, 5, 5, 7, 13, 13, 16]","[1, 1, 1, 1, 2, 2, 1, 1, 1, 1, 1, 1, 1, 1, 1, 1, 1, 1, 1, 1, 2, 4, 2, 4, 4, 1, 1]","15","7","4"
"317","80","94","25","True","False","63","69","25","True","True","72","81","25","True","True","0.04751798219849279","0.1189060904071666","15","7","8","39","30","34","[1, 1, 1, 1, 2, 4, 5, 5, 7, 7, 6, 6, 2, 11, 3, 3, 7, 7, 7, 7, 9, 9, 9, 7, 1]","[1, 1, 1, 1, 1, 2, 2, 2, 3, 3, 3, 3, 4, 4, 5, 5, 6, 6, 6, 6, 6, 8, 8, 8, 10]","[1, 1, 1, 1, 1, 1, 2, 2, 3, 3, 3, 3, 1, 5, 1, 1, 3, 3, 3, 3, 4, 4, 4, 3, 1]","15","7","8"
"318","74","88","25","True","False","63","69","25","True","True","73","88","25","True","False","0.0","0.09454693598670849","11","7","11","37","30","37","[1, 1, 1, 21, 4, 6, 6, 12, 12, 21, 21, 13, 6, 6, 6, 6, 2, 2, 3, 3, 9, 9, 9, 9, 2]","[1, 1, 1, 1, 1, 1, 2, 2, 2, 3, 3, 3, 3, 3, 3, 5, 5, 5, 5, 6, 6, 6, 10, 10, 12]","[1, 1, 1, 12, 2, 3, 3, 6, 6, 10, 10, 6, 3, 3, 3, 3, 1, 1, 2, 2, 5, 5, 5, 5, 1]","11","7","11"
"319","67","76","25","True","True","67","76","25","True","True","67","76","25","True","True","0.0","0.0","9","9","9","33","33","33","[1, 1, 1, 2, 2, 2, 2, 4, 8, 8, 7, 7, 7, 7, 7, 4, 4, 4, 7, 7, 1, 2, 2, 2, 1]","[1, 1, 1, 2, 2, 2, 2, 4, 8, 8, 7, 7, 7, 7, 7, 4, 4, 4, 7, 7, 1, 2, 2, 2, 1]","[1, 1, 1, 2, 2, 2, 2, 4, 8, 8, 7, 7, 7, 7, 7, 4, 4, 4, 7, 7, 1, 2, 2, 2, 1]","9","9","9"
"320","80","94","25","True","False","65","72","25","True","True","72","80","25","True","True","0.04745763845356876","0.10397135992910611","15","8","6","39","31","34","[1, 1, 1, 1, 1, 1, 1, 1, 12, 2, 2, 5, 6, 6, 2, 8, 8, 7, 1, 1, 11, 11, 11, 10, 10]","[1, 1, 1, 1, 1, 1, 1, 1, 1, 1, 2, 2, 2, 5, 5, 5, 6, 7, 7, 9, 9, 10, 10, 10, 11]","[1, 1, 1, 1, 1, 1, 1, 1, 4, 2, 2, 1, 1, 1, 2, 1, 1, 1, 1, 1, 3, 3, 3, 2, 2]","15","8","6"
"321","72","86","25","True","True","72","86","25","True","True","72","86","25","True","True","0.0","0.0","9","9","9","37","37","37","[1, 1, 1, 2, 2, 7, 7, 2, 2, 2, 2, 2, 2, 2, 2, 2, 2, 2, 4, 5, 6, 6, 6, 5, 1]","[1, 1, 1, 2, 2, 7, 7, 2, 2, 2, 2, 2, 2, 2, 2, 2, 2, 2, 4, 5, 6, 6, 6, 5, 1]","[1, 1, 1, 2, 2, 7, 7, 2, 2, 2, 2, 2, 2, 2, 2, 2, 2, 2, 4, 5, 6, 6, 6, 5, 1]","9","9","9"
"322","72","86","25","True","True","72","86","25","True","True","72","86","25","True","True","0.0","0.0","9","9","9","37","37","37","[1, 1, 1, 1, 1, 3, 3, 1, 3, 3, 5, 5, 10, 10, 5, 3, 6, 9, 9, 9, 9, 3, 1, 1, 1]","[1, 1, 1, 1, 1, 3, 3, 1, 3, 3, 5, 5, 10, 10, 5, 3, 6, 9, 9, 9, 9, 3, 1, 1, 1]","[1, 1, 1, 1, 1, 3, 3, 1, 3, 3, 5, 5, 10, 10, 5, 3, 6, 9, 9, 9, 9, 3, 1, 1, 1]","9","9","9"
"323","74","88","25","True","False","67","75","25","True","True","73","87","25","True","False","0.005236553454152637","0.06410333871039653","11","9","11","37","32","36","[1, 1, 1, 1, 1, 1, 1, 1, 17, 1, 1, 1, 4, 11, 16, 16, 7, 7, 5, 12, 12, 12, 12, 3, 1]","[1, 1, 1, 1, 1, 1, 1, 1, 1, 1, 1, 1, 3, 4, 5, 7, 7, 11, 12, 12, 12, 12, 16, 16, 17]","[1, 1, 1, 1, 1, 1, 1, 1, 17, 1, 1, 1, 4, 11, 16, 16, 7, 7, 5, 12, 12, 12, 12, 3, 1]","11","9","11"
"324","72","86","25","True","True","72","86","25","True","True","72","86","25","True","True","0.0","0.0","9","9","9","37","37","37","[1, 1, 1, 1, 1, 1, 1, 1, 1, 4, 4, 4, 2, 2, 1, 3, 3, 3, 3, 7, 10, 10, 10, 3, 1]","[1, 1, 1, 1, 1, 1, 1, 1, 1, 4, 4, 4, 2, 2, 1, 3, 3, 3, 3, 7, 10, 10, 10, 3, 1]","[1, 1, 1, 1, 1, 1, 1, 1, 1, 4, 4, 4, 2, 2, 1, 3, 3, 3, 3, 7, 10, 10, 10, 3, 1]","9","9","9"
"325","67","76","25","True","True","67","76","25","True","True","67","76","25","True","True","0.0","0.0","9","9","9","33","33","33","[1, 1, 1, 1, 2, 2, 8, 8, 8, 8, 8, 16, 24, 24, 4, 2, 4, 4, 6, 6, 2, 1, 1, 1, 1]","[1, 1, 1, 1, 2, 2, 8, 8, 8, 8, 8, 16, 24, 24, 4, 2, 4, 4, 6, 6, 2, 1, 1, 1, 1]","[1, 1, 1, 1, 2, 2, 8, 8, 8, 8, 8, 16, 24, 24, 4, 2, 4, 4, 6, 6, 2, 1, 1, 1, 1]","9","9","9"
"326","67","76","25","True","True","67","76","25","True","True","67","76","25","True","True","0.0","0.0","9","9","9","33","33","33","[1, 1, 1, 1, 1, 1, 1, 4, 4, 4, 2, 1, 3, 3, 3, 5, 5, 2, 4, 4, 2, 4, 4, 4, 4]","[1, 1, 1, 1, 1, 1, 1, 4, 4, 4, 2, 1, 3, 3, 3, 5, 5, 2, 4, 4, 2, 4, 4, 4, 4]","[1, 1, 1, 1, 1, 1, 1, 4, 4, 4, 2, 1, 3, 3, 3, 5, 5, 2, 4, 4, 2, 4, 4, 4, 4]","9","9","9"
"327","67","75","25","True","True","67","75","25","True","True","67","75","25","True","True","0.0","0.0","9","9","9","32","32","32","[1, 1, 1, 1, 3, 3, 1, 2, 2, 2, 2, 2, 3, 4, 4, 2, 5, 5, 3, 3, 2, 3, 3, 1, 1]","[1, 1, 1, 1, 3, 3, 1, 2, 2, 2, 2, 2, 3, 4, 4, 2, 5, 5, 3, 3, 2, 3, 3, 1, 1]","[1, 1, 1, 1, 3, 3, 1, 2, 2, 2, 2, 2, 3, 4, 4, 2, 5, 5, 3, 3, 2, 3, 3, 1, 1]","9","9","9"
"328","67","76","25","True","True","67","76","25","True","True","67","76","25","True","True","0.0","0.0","9","9","9","33","33","33","[1, 1, 1, 1, 1, 4, 4, 4, 4, 5, 10, 14, 24, 24, 14, 10, 10, 10, 10, 10, 10, 1, 1, 1, 1]","[1, 1, 1, 1, 1, 4, 4, 4, 4, 5, 10, 14, 24, 24, 14, 10, 10, 10, 10, 10, 10, 1, 1, 1, 1]","[1, 1, 1, 1, 1, 4, 4, 4, 4, 5, 10, 14, 24, 24, 14, 10, 10, 10, 10, 10, 10, 1, 1, 1, 1]","9","9","9"
"329","67","76","25","True","True","67","76","25","True","True","67","76","25","True","True","0.0","0.0","9","9","9","33","33","33","[1, 1, 1, 1, 1, 1, 1, 1, 1, 3, 4, 4, 5, 5, 2, 4, 8, 8, 8, 8, 8, 4, 4, 1, 1]","[1, 1, 1, 1, 1, 1, 1, 1, 1, 3, 4, 4, 5, 5, 2, 4, 8, 8, 8, 8, 8, 4, 4, 1, 1]","[1, 1, 1, 1, 1, 1, 1, 1, 1, 3, 4, 4, 5, 5, 2, 4, 8, 8, 8, 8, 8, 4, 4, 1, 1]","9","9","9"
"330","67","75","25","True","True","67","75","25","True","True","67","75","25","True","True","0.0","0.0","9","9","9","32","32","32","[1, 2, 2, 4, 4, 2, 1, 1, 1, 1, 1, 1, 1, 1, 1, 1, 4, 6, 7, 9, 9, 9, 8, 3, 1]","[1, 2, 2, 4, 4, 2, 1, 1, 1, 1, 1, 1, 1, 1, 1, 1, 4, 6, 7, 9, 9, 9, 8, 3, 1]","[1, 2, 2, 4, 4, 2, 1, 1, 1, 1, 1, 1, 1, 1, 1, 1, 4, 6, 7, 9, 9, 9, 8, 3, 1]","9","9","9"
"331","80","94","25","True","False","65","72","25","True","True","71","78","25","True","True","0.05468541440972574","0.10397135992910611","15","8","7","39","31","31","[1, 1, 1, 1, 23, 1, 1, 1, 1, 2, 2, 4, 9, 9, 3, 10, 10, 10, 10, 11, 20, 20, 1, 1, 14]","[1, 1, 1, 1, 1, 1, 1, 1, 1, 1, 1, 1, 2, 3, 7, 7, 7, 7, 7, 7, 8, 10, 15, 15, 17]","[1, 1, 1, 1, 6, 1, 1, 1, 1, 1, 1, 1, 2, 2, 1, 3, 3, 3, 3, 3, 5, 5, 1, 1, 4]","15","8","7"
"332","74","88","25","True","False","63","69","25","True","True","73","88","25","True","False","0.0","0.09454693598670849","11","7","11","37","30","37","[1, 1, 3, 3, 23, 6, 6, 7, 7, 7, 7, 8, 10, 11, 13, 13, 13, 13, 13, 13, 8, 6, 6, 2, 1]","[1, 1, 1, 1, 2, 2, 3, 3, 3, 3, 3, 3, 3, 3, 4, 4, 5, 6, 7, 7, 7, 7, 7, 7, 11]","[1, 1, 2, 2, 11, 3, 3, 3, 3, 3, 3, 4, 5, 6, 7, 7, 7, 7, 7, 7, 4, 3, 3, 1, 1]","11","7","11"
"333","74","88","25","True","False","61","66","25","True","True","73","88","25","True","False","0.0","0.11015922975507941","11","6","11","37","29","37","[1, 1, 1, 1, 2, 2, 1, 16, 2, 2, 3, 3, 5, 6, 6, 3, 3, 3, 4, 4, 2, 5, 9, 9, 9]","[1, 1, 1, 1, 1, 2, 2, 2, 2, 2, 3, 3, 3, 3, 3, 3, 3, 5, 5, 5, 5, 8, 8, 8, 14]","[1, 1, 1, 1, 2, 2, 1, 14, 2, 2, 3, 3, 5, 5, 5, 3, 3, 3, 3, 3, 2, 5, 8, 8, 8]","11","6","11"
"334","67","76","25","True","True","67","76","25","True","True","67","76","25","True","True","0.0","0.0","9","9","9","33","33","33","[1, 1, 1, 1, 2, 3, 3, 4, 4, 2, 2, 2, 4, 6, 7, 7, 7, 7, 7, 7, 7, 7, 6, 6, 6]","[1, 1, 1, 1, 2, 3, 3, 4, 4, 2, 2, 2, 4, 6, 7, 7, 7, 7, 7, 7, 7, 7, 6, 6, 6]","[1, 1, 1, 1, 2, 3, 3, 4, 4, 2, 2, 2, 4, 6, 7, 7, 7, 7, 7, 7, 7, 7, 6, 6, 6]","9","9","9"
"335","67","76","25","True","True","67","76","25","True","True","67","76","25","True","True","0.0","0.0","9","9","9","33","33","33","[1, 1, 1, 1, 1, 2, 2, 2, 2, 2, 3, 6, 10, 10, 16, 16, 10, 10, 3, 3, 3, 1, 11, 11, 11]","[1, 1, 1, 1, 1, 2, 2, 2, 2, 2, 3, 6, 10, 10, 16, 16, 10, 10, 3, 3, 3, 1, 11, 11, 11]","[1, 1, 1, 1, 1, 2, 2, 2, 2, 2, 3, 6, 10, 10, 16, 16, 10, 10, 3, 3, 3, 1, 11, 11, 11]","9","9","9"
"336","67","76","25","True","True","67","76","25","True","True","67","76","25","True","True","0.0","0.0","9","9","9","33","33","33","[1, 1, 1, 1, 1, 1, 1, 1, 1, 1, 2, 2, 2, 2, 7, 7, 11, 11, 18, 18, 14, 1, 1, 1, 1]","[1, 1, 1, 1, 1, 1, 1, 1, 1, 1, 2, 2, 2, 2, 7, 7, 11, 11, 18, 18, 14, 1, 1, 1, 1]","[1, 1, 1, 1, 1, 1, 1, 1, 1, 1, 2, 2, 2, 2, 7, 7, 11, 11, 18, 18, 14, 1, 1, 1, 1]","9","9","9"
"337","80","94","25","True","False","65","72","25","True","False","72","80","25","True","False","0.04722310471006019","0.10397135992910611","15","8","8","39","31","32","[1, 1, 1, 1, 4, 4, 4, 2, 2, 2, 6, 15, 2, 2, 7, 21, 28, 28, 7, 8, 8, 8, 2, 2, 1]","[1, 1, 1, 1, 1, 1, 1, 1, 1, 1, 1, 1, 3, 3, 3, 4, 5, 5, 6, 6, 6, 11, 15, 20, 20]","[1, 1, 1, 1, 1, 1, 1, 1, 1, 1, 2, 6, 1, 1, 3, 9, 12, 12, 3, 3, 3, 3, 1, 1, 1]","15","8","8"
"338","80","94","25","True","False","69","78","25","True","True","71","78","25","True","True","0.060291704459550455","0.07482487255724435","15","10","8","39","33","31","[1, 1, 1, 1, 2, 2, 2, 2, 1, 1, 12, 3, 6, 6, 6, 7, 14, 14, 39, 39, 12, 12, 12, 12, 3]","[1, 1, 1, 1, 1, 1, 2, 2, 2, 2, 3, 3, 6, 6, 6, 7, 12, 12, 12, 12, 12, 14, 14, 39, 39]","[1, 1, 1, 1, 2, 2, 2, 2, 1, 1, 4, 3, 2, 2, 2, 2, 4, 4, 12, 12, 4, 4, 4, 4, 3]","15","10","8"
"339","67","76","25","True","True","67","76","25","True","True","67","76","25","True","True","0.0","0.0","9","9","9","33","33","33","[1, 1, 1, 3, 3, 5, 5, 5, 3, 3, 5, 10, 10, 10, 20, 22, 22, 10, 10, 10, 10, 2, 2, 1, 1]","[1, 1, 1, 3, 3, 5, 5, 5, 3, 3, 5, 10, 10, 10, 20, 22, 22, 10, 10, 10, 10, 2, 2, 1, 1]","[1, 1, 1, 3, 3, 5, 5, 5, 3, 3, 5, 10, 10, 10, 20, 22, 22, 10, 10, 10, 10, 2, 2, 1, 1]","9","9","9"
"340","67","75","25","True","True","67","75","25","True","True","67","75","25","True","True","0.0","0.0","9","9","9","32","32","32","[1, 1, 1, 1, 1, 2, 5, 7, 7, 7, 7, 7, 7, 7, 4, 4, 5, 7, 7, 1, 1, 1, 1, 1, 1]","[1, 1, 1, 1, 1, 2, 5, 7, 7, 7, 7, 7, 7, 7, 4, 4, 5, 7, 7, 1, 1, 1, 1, 1, 1]","[1, 1, 1, 1, 1, 2, 5, 7, 7, 7, 7, 7, 7, 7, 4, 4, 5, 7, 7, 1, 1, 1, 1, 1, 1]","9","9","9"
"341","67","75","25","True","True","67","75","25","True","True","67","75","25","True","True","0.0","0.0","9","9","9","32","32","32","[1, 1, 1, 1, 1, 1, 1, 1, 1, 1, 2, 7, 7, 11, 11, 1, 1, 3, 4, 4, 4, 2, 2, 2, 1]","[1, 1, 1, 1, 1, 1, 1, 1, 1, 1, 2, 7, 7, 11, 11, 1, 1, 3, 4, 4, 4, 2, 2, 2, 1]","[1, 1, 1, 1, 1, 1, 1, 1, 1, 1, 2, 7, 7, 11, 11, 1, 1, 3, 4, 4, 4, 2, 2, 2, 1]","9","9","9"
"342","67","76","25","True","True","67","76","25","True","True","67","76","25","True","True","0.0","0.0","9","9","9","33","33","33","[1, 1, 1, 1, 2, 2, 2, 1, 2, 2, 2, 2, 2, 1, 1, 1, 3, 3, 1, 2, 3, 5, 5, 5, 5]","[1, 1, 1, 1, 2, 2, 2, 1, 2, 2, 2, 2, 2, 1, 1, 1, 3, 3, 1, 2, 3, 5, 5, 5, 5]","[1, 1, 1, 1, 2, 2, 2, 1, 2, 2, 2, 2, 2, 1, 1, 1, 3, 3, 1, 2, 3, 5, 5, 5, 5]","9","9","9"
"343","74","88","25","True","False","65","72","25","True","True","73","87","25","True","False","0.005236553454152637","0.07919931262403901","11","8","11","37","31","36","[1, 1, 2, 2, 1, 1, 3, 3, 4, 4, 4, 4, 6, 22, 6, 6, 4, 4, 4, 6, 10, 10, 10, 5, 1]","[1, 1, 1, 1, 1, 2, 2, 3, 3, 4, 4, 4, 4, 4, 4, 4, 5, 6, 6, 6, 6, 10, 10, 10, 22]","[1, 1, 2, 2, 1, 1, 3, 3, 4, 4, 4, 4, 6, 22, 6, 6, 4, 4, 4, 6, 10, 10, 10, 5, 1]","11","8","11"
"344","72","86","25","True","True","72","86","25","True","True","72","86","25","True","True","0.0","0.0","9","9","9","37","37","37","[1, 1, 2, 4, 4, 4, 8, 8, 8, 8, 8, 8, 8, 4, 2, 2, 2, 2, 10, 12, 12, 12, 8, 4, 2]","[1, 1, 2, 4, 4, 4, 8, 8, 8, 8, 8, 8, 8, 4, 2, 2, 2, 2, 10, 12, 12, 12, 8, 4, 2]","[1, 1, 2, 4, 4, 4, 8, 8, 8, 8, 8, 8, 8, 4, 2, 2, 2, 2, 10, 12, 12, 12, 8, 4, 2]","9","9","9"
"345","80","94","25","True","False","63","69","25","True","True","78","91","25","True","True","0.011874752657633825","0.1189060904071666","15","7","14","39","30","37","[1, 1, 1, 1, 3, 6, 6, 6, 3, 3, 8, 15, 7, 2, 2, 2, 1, 1, 1, 9, 9, 1, 1, 1, 1]","[1, 1, 1, 1, 1, 1, 1, 1, 1, 1, 1, 2, 2, 2, 3, 3, 3, 6, 6, 6, 7, 8, 9, 9, 15]","[1, 1, 1, 1, 2, 4, 4, 4, 2, 2, 6, 12, 5, 2, 2, 2, 1, 1, 1, 8, 8, 1, 1, 1, 1]","15","7","14"
"346","67","75","25","True","True","67","75","25","True","True","67","75","25","True","True","0.0","0.0","9","9","9","32","32","32","[1, 1, 1, 2, 2, 2, 2, 3, 3, 2, 3, 5, 7, 7, 2, 2, 1, 1, 1, 1, 9, 9, 6, 6, 1]","[1, 1, 1, 2, 2, 2, 2, 3, 3, 2, 3, 5, 7, 7, 2, 2, 1, 1, 1, 1, 9, 9, 6, 6, 1]","[1, 1, 1, 2, 2, 2, 2, 3, 3, 2, 3, 5, 7, 7, 2, 2, 1, 1, 1, 1, 9, 9, 6, 6, 1]","9","9","9"
"347","67","76","25","True","True","67","76","25","True","True","67","76","25","True","True","0.0","0.0","9","9","9","33","33","33","[1, 1, 1, 1, 2, 2, 2, 2, 2, 1, 3, 3, 3, 3, 1, 2, 2, 1, 1, 1, 8, 8, 8, 3, 1]","[1, 1, 1, 1, 2, 2, 2, 2, 2, 1, 3, 3, 3, 3, 1, 2, 2, 1, 1, 1, 8, 8, 8, 3, 1]","[1, 1, 1, 1, 2, 2, 2, 2, 2, 1, 3, 3, 3, 3, 1, 2, 2, 1, 1, 1, 8, 8, 8, 3, 1]","9","9","9"
"348","67","75","25","True","True","67","75","25","True","True","67","75","25","True","True","0.0","0.0","9","9","9","32","32","32","[1, 1, 1, 1, 2, 2, 2, 2, 2, 2, 4, 8, 10, 10, 2, 5, 5, 2, 3, 5, 5, 2, 2, 2, 2]","[1, 1, 1, 1, 2, 2, 2, 2, 2, 2, 4, 8, 10, 10, 2, 5, 5, 2, 3, 5, 5, 2, 2, 2, 2]","[1, 1, 1, 1, 2, 2, 2, 2, 2, 2, 4, 8, 10, 10, 2, 5, 5, 2, 3, 5, 5, 2, 2, 2, 2]","9","9","9"
"349","72","86","25","True","True","72","86","25","True","True","72","86","25","True","True","0.0","0.0","9","9","9","37","37","37","[1, 1, 1, 1, 1, 1, 1, 2, 3, 3, 3, 3, 3, 3, 3, 3, 5, 5, 7, 14, 14, 14, 7, 1, 1]","[1, 1, 1, 1, 1, 1, 1, 2, 3, 3, 3, 3, 3, 3, 3, 3, 5, 5, 7, 14, 14, 14, 7, 1, 1]","[1, 1, 1, 1, 1, 1, 1, 2, 3, 3, 3, 3, 3, 3, 3, 3, 5, 5, 7, 14, 14, 14, 7, 1, 1]","9","9","9"
"350","67","76","25","True","True","67","76","25","True","True","67","76","25","True","True","0.0","0.0","9","9","9","33","33","33","[1, 1, 1, 1, 2, 2, 2, 2, 2, 2, 4, 4, 2, 2, 2, 3, 7, 11, 13, 13, 9, 5, 5, 1, 1]","[1, 1, 1, 1, 2, 2, 2, 2, 2, 2, 4, 4, 2, 2, 2, 3, 7, 11, 13, 13, 9, 5, 5, 1, 1]","[1, 1, 1, 1, 2, 2, 2, 2, 2, 2, 4, 4, 2, 2, 2, 3, 7, 11, 13, 13, 9, 5, 5, 1, 1]","9","9","9"
"351","67","76","25","True","True","67","76","25","True","True","67","76","25","True","True","0.0","0.0","9","9","9","33","33","33","[1, 1, 1, 1, 1, 2, 2, 2, 4, 6, 7, 7, 7, 7, 2, 2, 2, 2, 3, 3, 11, 11, 1, 1, 1]","[1, 1, 1, 1, 1, 2, 2, 2, 4, 6, 7, 7, 7, 7, 2, 2, 2, 2, 3, 3, 11, 11, 1, 1, 1]","[1, 1, 1, 1, 1, 2, 2, 2, 4, 6, 7, 7, 7, 7, 2, 2, 2, 2, 3, 3, 11, 11, 1, 1, 1]","9","9","9"
"352","80","94","25","True","False","63","69","25","True","True","72","80","25","True","False","0.04769222995789446","0.1189060904071666","15","7","8","39","30","32","[1, 1, 1, 1, 2, 2, 3, 3, 4, 20, 10, 5, 4, 4, 4, 3, 3, 3, 2, 2, 1, 1, 3, 11, 11]","[1, 1, 1, 1, 1, 1, 2, 2, 2, 2, 3, 3, 3, 3, 3, 3, 3, 4, 4, 4, 4, 9, 11, 11, 18]","[1, 1, 1, 1, 2, 2, 2, 2, 2, 10, 4, 2, 2, 2, 2, 2, 2, 2, 2, 2, 1, 1, 2, 8, 8]","15","7","8"
"353","67","76","25","True","True","67","76","25","True","True","67","76","25","True","True","0.0","0.0","9","9","9","33","33","33","[1, 1, 1, 1, 2, 2, 2, 2, 2, 4, 7, 7, 3, 4, 4, 4, 4, 4, 8, 8, 8, 4, 1, 1, 1]","[1, 1, 1, 1, 2, 2, 2, 2, 2, 4, 7, 7, 3, 4, 4, 4, 4, 4, 8, 8, 8, 4, 1, 1, 1]","[1, 1, 1, 1, 2, 2, 2, 2, 2, 4, 7, 7, 3, 4, 4, 4, 4, 4, 8, 8, 8, 4, 1, 1, 1]","9","9","9"
"354","67","75","25","True","True","67","75","25","True","True","67","75","25","True","True","0.0","0.0","9","9","9","32","32","32","[1, 1, 2, 2, 2, 2, 2, 4, 4, 4, 6, 6, 12, 12, 2, 2, 4, 10, 10, 4, 4, 2, 8, 8, 8]","[1, 1, 2, 2, 2, 2, 2, 4, 4, 4, 6, 6, 12, 12, 2, 2, 4, 10, 10, 4, 4, 2, 8, 8, 8]","[1, 1, 2, 2, 2, 2, 2, 4, 4, 4, 6, 6, 12, 12, 2, 2, 4, 10, 10, 4, 4, 2, 8, 8, 8]","9","9","9"
"355","80","94","25","True","False","61","66","25","True","True","74","84","25","True","True","0.03339529356409188","0.13409837093589427","15","6","10","39","29","34","[1, 1, 2, 14, 2, 2, 1, 1, 2, 2, 4, 4, 4, 23, 7, 10, 10, 10, 10, 4, 1, 4, 6, 6, 6]","[1, 1, 1, 1, 1, 1, 1, 2, 2, 2, 2, 2, 2, 2, 3, 5, 5, 5, 5, 6, 6, 6, 6, 8, 14]","[1, 1, 2, 4, 2, 2, 1, 1, 1, 1, 2, 2, 2, 8, 2, 4, 4, 4, 4, 2, 1, 3, 5, 5, 5]","15","6","10"
"356","80","94","25","True","False","67","75","25","True","True","70","72","30","True","True","0.0673493882163484","0.08928150884424924","15","9","2","39","32","31","[1, 1, 1, 2, 3, 3, 4, 4, 4, 4, 3, 3, 1, 4, 4, 5, 5, 15, 19, 20, 23, 28, 23, 15, 15]","[1, 1, 1, 1, 1, 2, 2, 2, 2, 3, 3, 3, 3, 3, 3, 3, 3, 10, 10, 10, 13, 14, 16, 16, 18]","[1, 1, 1, 0, 0, 0, 0, 0, 0, 0, 0, 0, 1, 0, 0, 0, 0, 0, 0, 0, 0, 0, 0, 0, 0, 1, 0, 0, 0, 0]","15","9","2"
"357","80","94","25","True","False","71","81","25","True","True","75","85","25","True","True","0.03269109811752691","0.06059068412942015","15","11","11","39","34","34","[1, 1, 1, 1, 1, 1, 1, 2, 2, 2, 2, 11, 11, 11, 11, 16, 18, 18, 19, 56, 20, 20, 4, 2, 2]","[1, 1, 1, 1, 1, 1, 1, 2, 2, 2, 2, 2, 2, 4, 11, 11, 11, 11, 16, 18, 18, 19, 20, 20, 56]","[1, 1, 1, 1, 1, 1, 1, 2, 2, 2, 2, 10, 10, 10, 10, 14, 16, 16, 16, 48, 16, 16, 4, 2, 2]","15","11","11"
"358","67","75","25","True","True","67","75","25","True","True","67","75","25","True","True","0.0","0.0","9","9","9","32","32","32","[1, 1, 1, 1, 1, 1, 1, 4, 4, 4, 5, 5, 4, 4, 13, 13, 9, 10, 14, 14, 9, 4, 1, 1, 1]","[1, 1, 1, 1, 1, 1, 1, 4, 4, 4, 5, 5, 4, 4, 13, 13, 9, 10, 14, 14, 9, 4, 1, 1, 1]","[1, 1, 1, 1, 1, 1, 1, 4, 4, 4, 5, 5, 4, 4, 13, 13, 9, 10, 14, 14, 9, 4, 1, 1, 1]","9","9","9"
"359","67","75","25","True","True","67","75","25","True","True","67","75","25","True","True","0.0","0.0","9","9","9","32","32","32","[1, 1, 1, 1, 1, 2, 2, 2, 2, 2, 2, 8, 8, 5, 5, 2, 2, 2, 7, 7, 7, 7, 4, 1, 1]","[1, 1, 1, 1, 1, 2, 2, 2, 2, 2, 2, 8, 8, 5, 5, 2, 2, 2, 7, 7, 7, 7, 4, 1, 1]","[1, 1, 1, 1, 1, 2, 2, 2, 2, 2, 2, 8, 8, 5, 5, 2, 2, 2, 7, 7, 7, 7, 4, 1, 1]","9","9","9"
"360","74","88","25","True","False","59","63","25","True","True","73","88","25","True","False","0.0","0.1260503780828729","11","5","11","37","28","37","[1, 1, 1, 1, 8, 1, 6, 6, 6, 5, 5, 5, 2, 1, 2, 2, 2, 2, 5, 5, 4, 4, 3, 2, 1]","[1, 1, 1, 1, 1, 1, 1, 1, 2, 2, 2, 2, 2, 3, 3, 3, 3, 4, 4, 4, 4, 4, 5, 5, 7]","[1, 1, 1, 1, 7, 1, 4, 4, 4, 3, 3, 3, 1, 1, 2, 2, 2, 2, 5, 5, 4, 4, 3, 2, 1]","11","5","11"
"361","67","76","25","True","True","67","76","25","True","True","67","76","25","True","True","0.0","0.0","9","9","9","33","33","33","[1, 1, 1, 1, 1, 1, 2, 2, 4, 4, 4, 4, 4, 4, 5, 6, 6, 6, 4, 3, 1, 3, 3, 3, 1]","[1, 1, 1, 1, 1, 1, 2, 2, 4, 4, 4, 4, 4, 4, 5, 6, 6, 6, 4, 3, 1, 3, 3, 3, 1]","[1, 1, 1, 1, 1, 1, 2, 2, 4, 4, 4, 4, 4, 4, 5, 6, 6, 6, 4, 3, 1, 3, 3, 3, 1]","9","9","9"
"362","72","85","25","True","True","72","85","25","True","True","72","85","25","True","True","0.0","0.0","9","9","9","36","36","36","[1, 1, 1, 1, 1, 2, 4, 6, 7, 7, 6, 6, 4, 2, 5, 5, 6, 6, 5, 7, 7, 5, 1, 1, 1]","[1, 1, 1, 1, 1, 2, 4, 6, 7, 7, 6, 6, 4, 2, 5, 5, 6, 6, 5, 7, 7, 5, 1, 1, 1]","[1, 1, 1, 1, 1, 2, 4, 6, 7, 7, 6, 6, 4, 2, 5, 5, 6, 6, 5, 7, 7, 5, 1, 1, 1]","9","9","9"
"363","80","94","25","True","False","67","75","25","True","True","76","88","25","True","False","0.020049140595991943","0.08928150884424924","15","9","12","39","32","36","[1, 1, 1, 2, 2, 2, 7, 9, 11, 13, 13, 9, 9, 13, 13, 2, 2, 2, 12, 33, 12, 2, 1, 1, 1]","[1, 1, 1, 1, 1, 1, 2, 2, 2, 2, 2, 2, 2, 5, 7, 7, 7, 9, 10, 10, 10, 10, 11, 11, 27]","[1, 1, 1, 1, 1, 1, 2, 3, 4, 5, 5, 3, 3, 4, 4, 1, 1, 1, 6, 14, 6, 1, 1, 1, 1]","15","9","12"
"364","72","85","25","True","True","72","85","25","True","True","72","85","25","True","True","0.0","0.0","9","9","9","36","36","36","[1, 1, 2, 2, 2, 4, 6, 6, 2, 2, 2, 3, 3, 7, 8, 8, 10, 17, 17, 17, 17, 17, 17, 17, 7]","[1, 1, 2, 2, 2, 4, 6, 6, 2, 2, 2, 3, 3, 7, 8, 8, 10, 17, 17, 17, 17, 17, 17, 17, 7]","[1, 1, 2, 2, 2, 4, 6, 6, 2, 2, 2, 3, 3, 7, 8, 8, 10, 17, 17, 17, 17, 17, 17, 17, 7]","9","9","9"
"365","67","76","25","True","True","67","76","25","True","True","67","76","25","True","True","0.0","0.0","9","9","9","33","33","33","[1, 1, 2, 3, 3, 3, 3, 6, 6, 4, 1, 1, 1, 1, 1, 1, 2, 2, 4, 5, 5, 1, 1, 1, 1]","[1, 1, 2, 3, 3, 3, 3, 6, 6, 4, 1, 1, 1, 1, 1, 1, 2, 2, 4, 5, 5, 1, 1, 1, 1]","[1, 1, 2, 3, 3, 3, 3, 6, 6, 4, 1, 1, 1, 1, 1, 1, 2, 2, 4, 5, 5, 1, 1, 1, 1]","9","9","9"
"366","67","76","25","True","True","67","76","25","True","True","67","76","25","True","True","0.0","0.0","9","9","9","33","33","33","[1, 1, 1, 1, 1, 1, 1, 1, 1, 1, 1, 2, 3, 3, 5, 6, 11, 11, 5, 5, 4, 4, 4, 1, 1]","[1, 1, 1, 1, 1, 1, 1, 1, 1, 1, 1, 2, 3, 3, 5, 6, 11, 11, 5, 5, 4, 4, 4, 1, 1]","[1, 1, 1, 1, 1, 1, 1, 1, 1, 1, 1, 2, 3, 3, 5, 6, 11, 11, 5, 5, 4, 4, 4, 1, 1]","9","9","9"
"367","80","94","25","True","False","63","69","25","True","True","72","78","26","True","True","0.053976611968094446","0.1189060904071666","15","7","7","39","30","31","[1, 1, 2, 2, 2, 2, 2, 2, 2, 2, 3, 3, 17, 17, 17, 17, 10, 10, 10, 7, 13, 1, 1, 1, 1]","[1, 1, 1, 1, 1, 1, 2, 2, 2, 2, 2, 2, 2, 2, 3, 3, 7, 10, 10, 10, 13, 17, 17, 17, 17]","[1, 1, 2, 2, 2, 2, 2, 2, 2, 2, 2, 2, 8, 8, 8, 8, 4, 4, 4, 4, 8, 1, 1, 1, 1, 2]","15","7","7"
"368","74","88","25","True","False","61","66","25","True","False","73","87","25","True","False","0.005236553454152637","0.11015922975507941","11","6","11","37","29","36","[1, 1, 1, 1, 1, 1, 1, 1, 1, 1, 4, 4, 4, 4, 4, 1, 1, 3, 3, 3, 5, 13, 5, 5, 1]","[1, 1, 1, 1, 1, 1, 1, 1, 1, 1, 1, 1, 1, 3, 3, 3, 4, 4, 4, 4, 4, 5, 5, 5, 13]","[1, 1, 1, 1, 1, 1, 1, 1, 1, 1, 4, 4, 4, 4, 4, 1, 1, 3, 3, 3, 5, 13, 5, 5, 1]","11","6","11"
"369","72","86","25","True","True","72","86","25","True","True","72","86","25","True","True","0.0","0.0","9","9","9","37","37","37","[1, 1, 1, 1, 1, 1, 1, 2, 6, 6, 8, 8, 5, 8, 8, 3, 1, 1, 1, 7, 7, 1, 1, 1, 1]","[1, 1, 1, 1, 1, 1, 1, 2, 6, 6, 8, 8, 5, 8, 8, 3, 1, 1, 1, 7, 7, 1, 1, 1, 1]","[1, 1, 1, 1, 1, 1, 1, 2, 6, 6, 8, 8, 5, 8, 8, 3, 1, 1, 1, 7, 7, 1, 1, 1, 1]","9","9","9"
"370","80","94","25","True","False","71","81","25","True","True","74","84","25","True","False","0.034148501463515335","0.06059068412942015","15","11","10","39","34","34","[1, 1, 2, 2, 4, 6, 6, 6, 6, 6, 24, 22, 22, 7, 7, 8, 8, 7, 7, 8, 8, 27, 4, 1, 1]","[1, 1, 1, 1, 2, 2, 4, 4, 6, 6, 6, 6, 6, 7, 7, 7, 7, 8, 8, 8, 8, 21, 21, 24, 27]","[1, 1, 2, 2, 4, 4, 4, 4, 4, 4, 16, 12, 12, 4, 4, 4, 4, 4, 4, 4, 4, 16, 4, 1, 1]","15","11","10"
"371","67","76","25","True","True","67","76","25","True","True","67","76","25","True","True","0.0","0.0","9","9","9","33","33","33","[1, 1, 1, 1, 1, 3, 3, 3, 1, 4, 4, 8, 8, 8, 8, 9, 10, 10, 8, 8, 1, 3, 3, 1, 1]","[1, 1, 1, 1, 1, 3, 3, 3, 1, 4, 4, 8, 8, 8, 8, 9, 10, 10, 8, 8, 1, 3, 3, 1, 1]","[1, 1, 1, 1, 1, 3, 3, 3, 1, 4, 4, 8, 8, 8, 8, 9, 10, 10, 8, 8, 1, 3, 3, 1, 1]","9","9","9"
"372","67","75","25","True","True","67","75","25","True","True","67","75","25","True","True","0.0","0.0","9","9","9","32","32","32","[1, 1, 1, 1, 1, 1, 1, 1, 1, 3, 3, 3, 3, 2, 2, 2, 1, 1, 6, 6, 3, 3, 3, 3, 3]","[1, 1, 1, 1, 1, 1, 1, 1, 1, 3, 3, 3, 3, 2, 2, 2, 1, 1, 6, 6, 3, 3, 3, 3, 3]","[1, 1, 1, 1, 1, 1, 1, 1, 1, 3, 3, 3, 3, 2, 2, 2, 1, 1, 6, 6, 3, 3, 3, 3, 3]","9","9","9"
"373","67","76","25","True","True","67","76","25","True","True","67","76","25","True","True","0.0","0.0","9","9","9","33","33","33","[1, 1, 1, 1, 1, 2, 3, 3, 2, 1, 1, 1, 1, 1, 2, 3, 3, 5, 6, 7, 7, 7, 3, 3, 1]","[1, 1, 1, 1, 1, 2, 3, 3, 2, 1, 1, 1, 1, 1, 2, 3, 3, 5, 6, 7, 7, 7, 3, 3, 1]","[1, 1, 1, 1, 1, 2, 3, 3, 2, 1, 1, 1, 1, 1, 2, 3, 3, 5, 6, 7, 7, 7, 3, 3, 1]","9","9","9"
"374","80","94","25","True","False","65","72","25","True","True","71","77","25","True","True","0.06106648828116601","0.10397135992910611","15","8","7","39","31","30","[1, 1, 1, 1, 1, 1, 1, 2, 2, 3, 3, 6, 3, 6, 6, 12, 12, 3, 2, 2, 2, 4, 8, 22, 8]","[1, 1, 1, 1, 1, 1, 1, 2, 2, 2, 2, 2, 3, 3, 3, 3, 4, 6, 6, 6, 8, 8, 12, 12, 22]","[1, 1, 1, 1, 1, 1, 1, 1, 1, 1, 1, 2, 1, 2, 2, 4, 4, 1, 1, 1, 1, 1, 2, 7, 2]","15","8","7"
"375","80","94","25","True","False","63","69","25","True","True","75","85","25","True","True","0.03193902416224281","0.1189060904071666","15","7","11","39","30","34","[1, 1, 2, 2, 2, 2, 2, 6, 11, 2, 2, 4, 4, 2, 2, 17, 17, 17, 6, 2, 19, 19, 19, 1, 1]","[1, 1, 1, 1, 2, 2, 2, 2, 2, 2, 2, 2, 2, 2, 4, 4, 6, 6, 11, 17, 17, 17, 19, 19, 19]","[1, 1, 2, 2, 2, 2, 2, 4, 8, 2, 2, 4, 4, 2, 2, 14, 14, 14, 6, 2, 16, 16, 16, 1, 1]","15","7","11"
"376","67","75","25","True","True","67","75","25","True","True","67","75","25","True","True","0.0","0.0","9","9","9","32","32","32","[1, 1, 1, 1, 1, 1, 2, 2, 6, 6, 6, 6, 6, 2, 1, 1, 1, 1, 1, 9, 14, 14, 14, 13, 1]","[1, 1, 1, 1, 1, 1, 2, 2, 6, 6, 6, 6, 6, 2, 1, 1, 1, 1, 1, 9, 14, 14, 14, 13, 1]","[1, 1, 1, 1, 1, 1, 2, 2, 6, 6, 6, 6, 6, 2, 1, 1, 1, 1, 1, 9, 14, 14, 14, 13, 1]","9","9","9"
"377","74","88","25","True","False","63","69","25","True","False","73","88","25","True","False","0.0","0.09454693598670849","11","7","11","37","30","37","[1, 1, 1, 1, 1, 18, 2, 2, 2, 1, 1, 10, 11, 11, 10, 10, 6, 5, 4, 1, 1, 13, 13, 13, 1]","[1, 1, 1, 1, 1, 1, 1, 1, 1, 1, 1, 1, 1, 3, 4, 4, 7, 7, 7, 8, 8, 9, 9, 9, 12]","[1, 1, 1, 1, 1, 12, 1, 1, 1, 1, 1, 7, 8, 8, 7, 7, 4, 4, 3, 1, 1, 9, 9, 9, 1]","11","7","11"
"378","72","86","25","True","True","72","86","25","True","True","72","86","25","True","True","0.0","0.0","9","9","9","37","37","37","[1, 1, 1, 1, 1, 2, 2, 3, 3, 2, 2, 2, 2, 4, 6, 6, 6, 6, 2, 2, 9, 9, 9, 3, 1]","[1, 1, 1, 1, 1, 2, 2, 3, 3, 2, 2, 2, 2, 4, 6, 6, 6, 6, 2, 2, 9, 9, 9, 3, 1]","[1, 1, 1, 1, 1, 2, 2, 3, 3, 2, 2, 2, 2, 4, 6, 6, 6, 6, 2, 2, 9, 9, 9, 3, 1]","9","9","9"
"379","80","94","25","True","False","65","72","25","True","True","77","89","25","True","True","0.018385033253648375","0.10397135992910611","15","8","13","39","31","36","[1, 1, 1, 2, 2, 1, 1, 6, 7, 7, 7, 1, 1, 1, 2, 5, 5, 2, 11, 14, 14, 12, 1, 1, 1]","[1, 1, 1, 1, 1, 1, 1, 1, 1, 1, 1, 2, 2, 2, 2, 5, 5, 6, 7, 7, 7, 11, 12, 14, 14]","[1, 1, 1, 2, 2, 1, 1, 4, 5, 5, 5, 1, 1, 1, 2, 5, 5, 2, 9, 12, 12, 10, 1, 1, 1]","15","8","13"
"380","74","88","25","True","False","61","66","25","True","True","73","87","25","True","False","0.005236553454152637","0.11015922975507941","11","6","11","37","29","36","[1, 2, 2, 2, 2, 5, 5, 4, 8, 8, 6, 4, 4, 4, 4, 4, 2, 2, 2, 2, 2, 16, 16, 16, 16]","[1, 2, 2, 2, 2, 2, 2, 2, 2, 2, 4, 4, 4, 4, 4, 4, 5, 5, 6, 8, 8, 16, 16, 16, 16]","[1, 2, 2, 2, 2, 5, 5, 4, 8, 8, 6, 4, 4, 4, 4, 4, 2, 2, 2, 2, 2, 16, 16, 16, 16]","11","6","11"
"381","67","76","25","True","True","67","76","25","True","True","67","76","25","True","True","0.0","0.0","9","9","9","33","33","33","[1, 1, 1, 1, 2, 2, 2, 2, 2, 2, 1, 3, 3, 3, 3, 4, 4, 8, 8, 11, 12, 12, 1, 1, 1]","[1, 1, 1, 1, 2, 2, 2, 2, 2, 2, 1, 3, 3, 3, 3, 4, 4, 8, 8, 11, 12, 12, 1, 1, 1]","[1, 1, 1, 1, 2, 2, 2, 2, 2, 2, 1, 3, 3, 3, 3, 4, 4, 8, 8, 11, 12, 12, 1, 1, 1]","9","9","9"
"382","67","76","25","True","True","67","76","25","True","True","67","76","25","True","True","0.0","0.0","9","9","9","33","33","33","[1, 1, 1, 1, 1, 1, 1, 3, 3, 2, 2, 2, 2, 5, 5, 1, 3, 3, 3, 4, 4, 3, 3, 3, 3]","[1, 1, 1, 1, 1, 1, 1, 3, 3, 2, 2, 2, 2, 5, 5, 1, 3, 3, 3, 4, 4, 3, 3, 3, 3]","[1, 1, 1, 1, 1, 1, 1, 3, 3, 2, 2, 2, 2, 5, 5, 1, 3, 3, 3, 4, 4, 3, 3, 3, 3]","9","9","9"
"383","67","76","25","True","True","67","76","25","True","True","67","76","25","True","True","0.0","0.0","9","9","9","33","33","33","[1, 1, 2, 2, 2, 2, 2, 2, 2, 2, 2, 3, 3, 2, 2, 2, 5, 5, 3, 4, 4, 1, 4, 4, 4]","[1, 1, 2, 2, 2, 2, 2, 2, 2, 2, 2, 3, 3, 2, 2, 2, 5, 5, 3, 4, 4, 1, 4, 4, 4]","[1, 1, 2, 2, 2, 2, 2, 2, 2, 2, 2, 3, 3, 2, 2, 2, 5, 5, 3, 4, 4, 1, 4, 4, 4]","9","9","9"
"384","80","94","25","True","False","61","66","25","True","True","72","81","26","True","True","0.04876319380649863","0.13409837093589427","15","6","8","39","29","35","[3, 3, 3, 3, 3, 3, 3, 3, 7, 7, 7, 16, 7, 7, 7, 21, 7, 7, 10, 10, 10, 1, 1, 1, 1]","[1, 1, 1, 1, 2, 2, 2, 2, 2, 2, 2, 2, 4, 4, 4, 5, 5, 5, 5, 5, 7, 7, 7, 11, 15]","[2, 2, 2, 2, 2, 2, 2, 2, 2, 2, 2, 8, 2, 2, 2, 6, 2, 2, 2, 2, 2, 1, 1, 1, 1, 3]","15","6","8"
"385","67","76","25","True","True","67","76","25","True","True","67","76","25","True","True","0.0","0.0","9","9","9","33","33","33","[1, 1, 1, 3, 3, 1, 1, 1, 1, 1, 1, 1, 1, 1, 1, 1, 2, 6, 8, 8, 8, 8, 4, 2, 2]","[1, 1, 1, 3, 3, 1, 1, 1, 1, 1, 1, 1, 1, 1, 1, 1, 2, 6, 8, 8, 8, 8, 4, 2, 2]","[1, 1, 1, 3, 3, 1, 1, 1, 1, 1, 1, 1, 1, 1, 1, 1, 2, 6, 8, 8, 8, 8, 4, 2, 2]","9","9","9"
"386","72","86","25","True","True","72","86","25","True","True","72","86","25","True","True","0.0","0.0","9","9","9","37","37","37","[1, 1, 1, 1, 1, 2, 5, 5, 5, 5, 5, 6, 7, 8, 14, 14, 8, 8, 8, 8, 8, 6, 1, 1, 1]","[1, 1, 1, 1, 1, 2, 5, 5, 5, 5, 5, 6, 7, 8, 14, 14, 8, 8, 8, 8, 8, 6, 1, 1, 1]","[1, 1, 1, 1, 1, 2, 5, 5, 5, 5, 5, 6, 7, 8, 14, 14, 8, 8, 8, 8, 8, 6, 1, 1, 1]","9","9","9"
"387","67","75","25","True","True","67","75","25","True","True","67","75","25","True","True","0.0","0.0","9","9","9","32","32","32","[1, 1, 1, 3, 3, 3, 2, 4, 5, 9, 9, 5, 5, 5, 5, 5, 6, 11, 11, 11, 11, 5, 5, 1, 1]","[1, 1, 1, 3, 3, 3, 2, 4, 5, 9, 9, 5, 5, 5, 5, 5, 6, 11, 11, 11, 11, 5, 5, 1, 1]","[1, 1, 1, 3, 3, 3, 2, 4, 5, 9, 9, 5, 5, 5, 5, 5, 6, 11, 11, 11, 11, 5, 5, 1, 1]","9","9","9"
"388","80","94","25","True","False","65","72","25","True","True","72","80","25","True","True","0.05349313673776879","0.10397135992910611","15","8","9","39","31","32","[1, 1, 1, 1, 4, 4, 9, 13, 13, 13, 9, 5, 20, 20, 20, 20, 9, 1, 7, 7, 6, 6, 6, 6, 1]","[1, 1, 1, 1, 1, 1, 4, 4, 5, 6, 6, 6, 6, 7, 7, 9, 9, 9, 13, 13, 13, 20, 20, 20, 20]","[1, 1, 1, 1, 3, 3, 6, 9, 9, 9, 6, 3, 15, 15, 15, 15, 7, 1, 3, 3, 3, 3, 3, 3, 1]","15","8","9"
"389","67","75","25","True","True","67","75","25","True","True","67","75","25","True","True","0.0","0.0","9","9","9","32","32","32","[1, 1, 2, 2, 2, 3, 4, 6, 6, 8, 8, 7, 4, 6, 6, 3, 5, 5, 9, 9, 2, 1, 1, 1, 1]","[1, 1, 2, 2, 2, 3, 4, 6, 6, 8, 8, 7, 4, 6, 6, 3, 5, 5, 9, 9, 2, 1, 1, 1, 1]","[1, 1, 2, 2, 2, 3, 4, 6, 6, 8, 8, 7, 4, 6, 6, 3, 5, 5, 9, 9, 2, 1, 1, 1, 1]","9","9","9"
"390","80","94","25","True","False","63","69","25","True","True","71","78","25","True","True","0.05521908036374834","0.1189060904071666","15","7","7","39","30","31","[1, 2, 2, 2, 2, 4, 4, 4, 4, 6, 6, 4, 6, 8, 26, 8, 8, 10, 10, 19, 19, 8, 24, 2, 2]","[1, 1, 1, 1, 1, 1, 1, 2, 2, 2, 2, 2, 3, 3, 3, 4, 4, 4, 4, 5, 5, 9, 9, 12, 13]","[1, 1, 1, 1, 1, 2, 2, 2, 2, 1, 1, 1, 1, 1, 3, 1, 1, 1, 1, 2, 2, 1, 3, 1, 1]","15","7","7"
"391","80","94","25","True","False","59","63","25","True","True","76","88","25","True","True","0.01982116503949205","0.14956200407662834","15","5","12","39","28","36","[1, 1, 13, 6, 6, 6, 6, 6, 6, 1, 1, 6, 6, 2, 4, 4, 10, 10, 11, 11, 5, 5, 1, 1, 1]","[1, 1, 1, 1, 1, 1, 1, 2, 4, 4, 5, 5, 5, 5, 5, 5, 5, 5, 5, 5, 9, 9, 9, 9, 11]","[1, 1, 11, 5, 5, 5, 5, 5, 5, 1, 1, 5, 5, 2, 3, 3, 8, 8, 8, 8, 4, 4, 1, 1, 1]","15","5","12"
"392","81","91","30","True","True","81","91","30","True","True","81","91","30","True","True","0.0","0.0","11","11","11","39","39","39","[1, 1, 1, 1, 1, 1, 1, 2, 2, 2, 2, 3, 5, 5, 5, 3, 3, 4, 4, 4, 1, 5, 5, 5, 5, 5, 5, 5, 1, 1]","[1, 1, 1, 1, 1, 1, 1, 2, 2, 2, 2, 3, 5, 5, 5, 3, 3, 4, 4, 4, 1, 5, 5, 5, 5, 5, 5, 5, 1, 1]","[1, 1, 1, 1, 1, 1, 1, 2, 2, 2, 2, 3, 5, 5, 5, 3, 3, 4, 4, 4, 1, 5, 5, 5, 5, 5, 5, 5, 1, 1]","11","11","11"
"393","86","101","30","True","True","86","101","30","True","True","86","101","30","True","True","0.0","0.0","11","11","11","43","43","43","[1, 1, 1, 1, 2, 2, 1, 1, 3, 3, 6, 7, 8, 8, 8, 8, 16, 16, 17, 17, 17, 17, 6, 20, 21, 21, 4, 4, 4, 1]","[1, 1, 1, 1, 2, 2, 1, 1, 3, 3, 6, 7, 8, 8, 8, 8, 16, 16, 17, 17, 17, 17, 6, 20, 21, 21, 4, 4, 4, 1]","[1, 1, 1, 1, 2, 2, 1, 1, 3, 3, 6, 7, 8, 8, 8, 8, 16, 16, 17, 17, 17, 17, 6, 20, 21, 21, 4, 4, 4, 1]","11","11","11"
"394","81","91","30","True","True","81","91","30","True","True","81","91","30","True","True","0.0","0.0","11","11","11","39","39","39","[1, 2, 2, 2, 2, 1, 3, 3, 2, 2, 3, 5, 5, 11, 11, 11, 22, 22, 5, 5, 5, 6, 6, 6, 6, 6, 6, 4, 1, 1]","[1, 2, 2, 2, 2, 1, 3, 3, 2, 2, 3, 5, 5, 11, 11, 11, 22, 22, 5, 5, 5, 6, 6, 6, 6, 6, 6, 4, 1, 1]","[1, 2, 2, 2, 2, 1, 3, 3, 2, 2, 3, 5, 5, 11, 11, 11, 22, 22, 5, 5, 5, 6, 6, 6, 6, 6, 6, 4, 1, 1]","11","11","11"
"395","94","110","30","True","False","81","91","30","True","False","87","98","30","True","True","0.03420961781103715","0.07550903930177522","17","11","11","46","39","40","[1, 1, 1, 3, 3, 4, 4, 9, 9, 9, 9, 18, 18, 18, 51, 51, 57, 57, 39, 39, 39, 48, 48, 6, 6, 4, 3, 3, 1, 1]","[1, 1, 1, 1, 1, 3, 3, 3, 3, 4, 4, 4, 5, 5, 8, 8, 8, 8, 16, 16, 16, 35, 35, 35, 43, 43, 46, 46, 51, 51]","[1, 1, 1, 2, 2, 2, 2, 4, 4, 4, 4, 8, 8, 8, 24, 24, 26, 26, 18, 18, 18, 22, 22, 2, 2, 2, 2, 2, 1, 1]","17","11","11"
"396","81","92","30","True","True","81","92","30","True","True","81","92","30","True","True","0.0","0.0","11","11","11","40","40","40","[1, 1, 2, 2, 2, 2, 1, 1, 3, 3, 5, 5, 5, 5, 4, 5, 5, 6, 6, 1, 1, 1, 7, 7, 2, 2, 2, 2, 2, 2]","[1, 1, 2, 2, 2, 2, 1, 1, 3, 3, 5, 5, 5, 5, 4, 5, 5, 6, 6, 1, 1, 1, 7, 7, 2, 2, 2, 2, 2, 2]","[1, 1, 2, 2, 2, 2, 1, 1, 3, 3, 5, 5, 5, 5, 4, 5, 5, 6, 6, 1, 1, 1, 7, 7, 2, 2, 2, 2, 2, 2]","11","11","11"
"397","81","91","30","True","True","81","91","30","True","True","81","91","30","True","True","0.0","0.0","11","11","11","39","39","39","[1, 1, 2, 2, 2, 2, 2, 2, 2, 2, 4, 4, 4, 4, 4, 12, 16, 22, 22, 26, 26, 28, 28, 26, 34, 34, 4, 4, 2, 1]","[1, 1, 2, 2, 2, 2, 2, 2, 2, 2, 4, 4, 4, 4, 4, 12, 16, 22, 22, 26, 26, 28, 28, 26, 34, 34, 4, 4, 2, 1]","[1, 1, 2, 2, 2, 2, 2, 2, 2, 2, 4, 4, 4, 4, 4, 12, 16, 22, 22, 26, 26, 28, 28, 26, 34, 34, 4, 4, 2, 1]","11","11","11"
"398","81","91","30","True","True","81","91","30","True","True","81","91","30","True","True","0.0","0.0","11","11","11","39","39","39","[1, 1, 1, 1, 1, 1, 1, 1, 1, 1, 2, 3, 3, 2, 4, 6, 6, 6, 6, 5, 6, 6, 5, 6, 6, 5, 5, 1, 1, 1]","[1, 1, 1, 1, 1, 1, 1, 1, 1, 1, 2, 3, 3, 2, 4, 6, 6, 6, 6, 5, 6, 6, 5, 6, 6, 5, 5, 1, 1, 1]","[1, 1, 1, 1, 1, 1, 1, 1, 1, 1, 2, 3, 3, 2, 4, 6, 6, 6, 6, 5, 6, 6, 5, 6, 6, 5, 5, 1, 1, 1]","11","11","11"
"399","81","91","30","True","True","81","91","30","True","True","81","91","30","True","True","0.0","0.0","11","11","11","39","39","39","[1, 1, 1, 2, 3, 5, 5, 5, 5, 3, 3, 3, 3, 5, 8, 10, 10, 8, 8, 2, 1, 6, 6, 28, 28, 19, 19, 19, 19, 19]","[1, 1, 1, 2, 3, 5, 5, 5, 5, 3, 3, 3, 3, 5, 8, 10, 10, 8, 8, 2, 1, 6, 6, 28, 28, 19, 19, 19, 19, 19]","[1, 1, 1, 2, 3, 5, 5, 5, 5, 3, 3, 3, 3, 5, 8, 10, 10, 8, 8, 2, 1, 6, 6, 28, 28, 19, 19, 19, 19, 19]","11","11","11"
"400","81","92","30","True","True","81","92","30","True","True","81","92","30","True","True","0.0","0.0","11","11","11","40","40","40","[1, 1, 1, 1, 1, 2, 4, 4, 4, 4, 6, 10, 10, 10, 10, 14, 14, 14, 10, 10, 10, 8, 8, 12, 12, 11, 11, 11, 11, 11]","[1, 1, 1, 1, 1, 2, 4, 4, 4, 4, 6, 10, 10, 10, 10, 14, 14, 14, 10, 10, 10, 8, 8, 12, 12, 11, 11, 11, 11, 11]","[1, 1, 1, 1, 1, 2, 4, 4, 4, 4, 6, 10, 10, 10, 10, 14, 14, 14, 10, 10, 10, 8, 8, 12, 12, 11, 11, 11, 11, 11]","11","11","11"
"401","88","104","30","True","False","73","79","30","True","True","87","104","30","True","False","0.0","0.10532507219701703","13","7","13","44","35","44","[1, 1, 1, 1, 1, 2, 2, 10, 2, 2, 2, 3, 3, 3, 8, 8, 11, 11, 11, 4, 4, 4, 1, 2, 3, 10, 10, 3, 3, 2]","[1, 1, 1, 1, 1, 1, 1, 1, 1, 1, 2, 2, 2, 3, 3, 3, 3, 3, 3, 4, 4, 4, 7, 8, 8, 9, 9, 11, 11, 11]","[1, 1, 1, 1, 1, 1, 1, 7, 1, 1, 2, 3, 3, 3, 8, 8, 11, 11, 11, 4, 4, 4, 1, 2, 3, 9, 9, 3, 3, 2]","13","7","13"
"402","81","92","30","True","True","81","92","30","True","True","81","92","30","True","True","0.0","0.0","11","11","11","40","40","40","[1, 1, 1, 1, 1, 1, 1, 1, 3, 3, 3, 3, 3, 1, 1, 4, 4, 4, 4, 1, 1, 1, 1, 1, 5, 8, 16, 16, 16, 8]","[1, 1, 1, 1, 1, 1, 1, 1, 3, 3, 3, 3, 3, 1, 1, 4, 4, 4, 4, 1, 1, 1, 1, 1, 5, 8, 16, 16, 16, 8]","[1, 1, 1, 1, 1, 1, 1, 1, 3, 3, 3, 3, 3, 1, 1, 4, 4, 4, 4, 1, 1, 1, 1, 1, 5, 8, 16, 16, 16, 8]","11","11","11"
"403","88","104","30","True","False","75","82","30","True","True","87","103","30","True","False","0.005074541257336529","0.09218812153004352","13","8","13","44","36","43","[1, 1, 1, 1, 1, 1, 1, 1, 1, 1, 1, 1, 3, 3, 3, 3, 3, 5, 5, 8, 13, 23, 5, 4, 4, 8, 8, 1, 1, 1]","[1, 1, 1, 1, 1, 1, 1, 1, 1, 1, 1, 1, 1, 1, 1, 3, 3, 3, 3, 3, 4, 4, 5, 5, 5, 8, 8, 8, 13, 23]","[1, 1, 1, 1, 1, 1, 1, 1, 1, 1, 1, 1, 3, 3, 3, 3, 3, 5, 5, 8, 13, 23, 5, 4, 4, 8, 8, 1, 1, 1]","13","8","13"
"404","81","91","30","True","True","81","91","30","True","True","81","91","30","True","True","0.0","0.0","11","11","11","39","39","39","[1, 1, 1, 1, 1, 1, 1, 1, 1, 2, 2, 1, 2, 4, 4, 6, 6, 7, 7, 3, 3, 3, 3, 2, 2, 1, 5, 5, 5, 1]","[1, 1, 1, 1, 1, 1, 1, 1, 1, 2, 2, 1, 2, 4, 4, 6, 6, 7, 7, 3, 3, 3, 3, 2, 2, 1, 5, 5, 5, 1]","[1, 1, 1, 1, 1, 1, 1, 1, 1, 2, 2, 1, 2, 4, 4, 6, 6, 7, 7, 3, 3, 3, 3, 2, 2, 1, 5, 5, 5, 1]","11","11","11"
"405","94","110","30","True","False","83","94","30","True","True","86","97","30","True","True","0.04072582736305341","0.0633613203953004","17","12","11","46","40","40","[1, 1, 1, 1, 10, 10, 10, 10, 10, 44, 44, 44, 44, 88, 88, 11, 55, 55, 55, 10, 10, 4, 13, 13, 104, 1, 1, 1, 1, 1]","[1, 1, 1, 1, 1, 1, 1, 1, 1, 3, 8, 8, 8, 8, 8, 8, 8, 9, 10, 10, 35, 35, 35, 35, 44, 44, 44, 70, 70, 83]","[1, 1, 1, 1, 8, 8, 8, 8, 8, 24, 24, 24, 24, 48, 48, 8, 32, 32, 32, 8, 8, 3, 8, 8, 56, 1, 1, 1, 1, 1]","17","12","11"
"406","94","110","30","True","False","79","88","30","True","True","85","94","30","True","False","0.051265925582580696","0.08781851767654358","17","10","10","46","38","38","[1, 1, 1, 1, 1, 1, 21, 5, 5, 3, 3, 3, 3, 1, 6, 18, 18, 17, 17, 23, 23, 6, 6, 1, 1, 1, 8, 8, 8, 2]","[1, 1, 1, 1, 1, 1, 1, 1, 1, 1, 2, 3, 3, 3, 3, 5, 5, 6, 6, 6, 8, 8, 8, 17, 17, 18, 18, 21, 23, 23]","[1, 1, 1, 1, 1, 1, 5, 5, 5, 3, 3, 3, 3, 1, 1, 4, 4, 4, 4, 5, 5, 1, 1, 1, 1, 1, 2, 2, 2, 1]","17","10","10"
"407","81","92","30","True","True","81","92","30","True","True","81","92","30","True","True","0.0","0.0","11","11","11","40","40","40","[1, 1, 1, 1, 1, 3, 3, 3, 3, 4, 5, 5, 8, 8, 8, 8, 5, 5, 5, 8, 8, 6, 6, 6, 1, 1, 1, 2, 2, 2]","[1, 1, 1, 1, 1, 3, 3, 3, 3, 4, 5, 5, 8, 8, 8, 8, 5, 5, 5, 8, 8, 6, 6, 6, 1, 1, 1, 2, 2, 2]","[1, 1, 1, 1, 1, 3, 3, 3, 3, 4, 5, 5, 8, 8, 8, 8, 5, 5, 5, 8, 8, 6, 6, 6, 1, 1, 1, 2, 2, 2]","11","11","11"
"408","81","92","30","True","True","81","92","30","True","True","81","92","30","True","True","0.0","0.0","11","11","11","40","40","40","[1, 1, 1, 1, 1, 1, 1, 1, 1, 2, 4, 5, 5, 5, 4, 4, 4, 4, 4, 3, 11, 11, 1, 8, 8, 6, 6, 5, 5, 5]","[1, 1, 1, 1, 1, 1, 1, 1, 1, 2, 4, 5, 5, 5, 4, 4, 4, 4, 4, 3, 11, 11, 1, 8, 8, 6, 6, 5, 5, 5]","[1, 1, 1, 1, 1, 1, 1, 1, 1, 2, 4, 5, 5, 5, 4, 4, 4, 4, 4, 3, 11, 11, 1, 8, 8, 6, 6, 5, 5, 5]","11","11","11"
"409","81","92","30","True","True","81","92","30","True","True","81","92","30","True","True","0.0","0.0","11","11","11","40","40","40","[1, 1, 1, 1, 2, 2, 4, 4, 2, 1, 3, 3, 3, 3, 3, 4, 4, 2, 1, 1, 5, 6, 6, 3, 1, 1, 10, 10, 10, 10]","[1, 1, 1, 1, 2, 2, 4, 4, 2, 1, 3, 3, 3, 3, 3, 4, 4, 2, 1, 1, 5, 6, 6, 3, 1, 1, 10, 10, 10, 10]","[1, 1, 1, 1, 2, 2, 4, 4, 2, 1, 3, 3, 3, 3, 3, 4, 4, 2, 1, 1, 5, 6, 6, 3, 1, 1, 10, 10, 10, 10]","11","11","11"
"410","86","101","30","True","True","86","101","30","True","True","86","101","30","True","True","0.0","0.0","11","11","11","43","43","43","[1, 1, 2, 3, 3, 2, 1, 2, 3, 3, 2, 2, 2, 2, 2, 3, 3, 2, 2, 2, 6, 6, 2, 5, 5, 1, 1, 5, 5, 5]","[1, 1, 2, 3, 3, 2, 1, 2, 3, 3, 2, 2, 2, 2, 2, 3, 3, 2, 2, 2, 6, 6, 2, 5, 5, 1, 1, 5, 5, 5]","[1, 1, 2, 3, 3, 2, 1, 2, 3, 3, 2, 2, 2, 2, 2, 3, 3, 2, 2, 2, 6, 6, 2, 5, 5, 1, 1, 5, 5, 5]","11","11","11"
"411","94","110","30","True","False","79","88","30","True","True","84","90","31","True","True","0.059174692844600196","0.08781851767654358","17","10","7","46","38","36","[1, 1, 1, 1, 1, 2, 2, 2, 1, 1, 1, 1, 1, 1, 1, 1, 1, 2, 3, 3, 12, 12, 16, 18, 30, 32, 32, 32, 13, 3]","[1, 1, 1, 1, 1, 1, 1, 1, 1, 1, 1, 1, 1, 1, 2, 2, 2, 2, 3, 3, 3, 12, 12, 13, 16, 18, 30, 32, 32, 32]","[1, 1, 1, 1, 1, 2, 2, 2, 1, 1, 1, 1, 1, 1, 1, 1, 1, 1, 1, 1, 4, 4, 6, 6, 10, 11, 11, 11, 4, 2, 1]","17","10","7"
"412","81","92","30","True","True","81","92","30","True","True","81","92","30","True","True","0.0","0.0","11","11","11","40","40","40","[1, 1, 1, 2, 2, 2, 2, 4, 4, 4, 10, 10, 18, 18, 4, 4, 4, 4, 4, 18, 18, 14, 14, 14, 14, 14, 2, 2, 2, 1]","[1, 1, 1, 2, 2, 2, 2, 4, 4, 4, 10, 10, 18, 18, 4, 4, 4, 4, 4, 18, 18, 14, 14, 14, 14, 14, 2, 2, 2, 1]","[1, 1, 1, 2, 2, 2, 2, 4, 4, 4, 10, 10, 18, 18, 4, 4, 4, 4, 4, 18, 18, 14, 14, 14, 14, 14, 2, 2, 2, 1]","11","11","11"
"413","81","91","30","True","True","81","91","30","True","True","81","91","30","True","True","0.0","0.0","11","11","11","39","39","39","[1, 1, 1, 1, 1, 1, 1, 1, 1, 1, 1, 1, 1, 2, 2, 2, 2, 3, 3, 4, 4, 4, 9, 25, 25, 21, 15, 15, 15, 2]","[1, 1, 1, 1, 1, 1, 1, 1, 1, 1, 1, 1, 1, 2, 2, 2, 2, 3, 3, 4, 4, 4, 9, 25, 25, 21, 15, 15, 15, 2]","[1, 1, 1, 1, 1, 1, 1, 1, 1, 1, 1, 1, 1, 2, 2, 2, 2, 3, 3, 4, 4, 4, 9, 25, 25, 21, 15, 15, 15, 2]","11","11","11"
"414","88","104","30","True","False","83","94","30","True","True","87","104","30","True","False","0.0","0.04143903287340944","13","12","13","44","40","44","[1, 1, 2, 2, 2, 2, 2, 2, 2, 2, 1, 3, 10, 13, 15, 15, 15, 15, 15, 14, 15, 15, 30, 30, 61, 61, 47, 47, 47, 14]","[1, 1, 1, 2, 2, 2, 2, 2, 2, 2, 2, 3, 9, 12, 13, 13, 13, 13, 14, 14, 14, 14, 14, 27, 27, 43, 43, 43, 56, 56]","[1, 1, 2, 2, 2, 2, 2, 2, 2, 2, 1, 3, 9, 12, 14, 14, 14, 14, 14, 13, 13, 13, 27, 27, 56, 56, 43, 43, 43, 13]","13","12","13"
"415","88","104","30","True","False","77","85","30","True","True","87","104","30","True","False","0.0","0.0792385830504031","13","9","13","44","37","44","[1, 1, 1, 1, 1, 1, 1, 1, 1, 1, 1, 2, 2, 2, 2, 3, 14, 14, 23, 23, 46, 59, 59, 46, 23, 23, 23, 5, 4, 2]","[1, 1, 1, 1, 1, 1, 1, 1, 1, 1, 1, 2, 2, 2, 2, 2, 3, 3, 4, 12, 12, 19, 19, 19, 19, 19, 38, 38, 49, 49]","[1, 1, 1, 1, 1, 1, 1, 1, 1, 1, 1, 2, 2, 2, 2, 3, 12, 12, 19, 19, 38, 49, 49, 38, 19, 19, 19, 4, 3, 2]","13","9","13"
"416","81","92","30","True","True","81","92","30","True","True","81","92","30","True","True","0.0","0.0","11","11","11","40","40","40","[1, 2, 2, 4, 4, 2, 4, 4, 2, 2, 2, 2, 2, 2, 2, 2, 2, 6, 6, 10, 15, 15, 10, 2, 1, 1, 1, 1, 1, 1]","[1, 2, 2, 4, 4, 2, 4, 4, 2, 2, 2, 2, 2, 2, 2, 2, 2, 6, 6, 10, 15, 15, 10, 2, 1, 1, 1, 1, 1, 1]","[1, 2, 2, 4, 4, 2, 4, 4, 2, 2, 2, 2, 2, 2, 2, 2, 2, 6, 6, 10, 15, 15, 10, 2, 1, 1, 1, 1, 1, 1]","11","11","11"
"417","94","110","30","True","False","77","85","30","True","True","83","89","30","True","False","0.0632567778511719","0.10029639493058051","17","9","7","46","37","35","[1, 2, 2, 2, 2, 2, 26, 28, 28, 4, 4, 2, 6, 10, 12, 12, 12, 12, 28, 14, 8, 8, 2, 2, 4, 4, 4, 1, 1, 1]","[1, 1, 1, 1, 2, 2, 2, 2, 2, 2, 2, 2, 4, 4, 4, 4, 4, 6, 8, 8, 10, 12, 12, 12, 12, 14, 26, 28, 28, 28]","[1, 2, 2, 2, 2, 2, 8, 8, 8, 2, 2, 2, 2, 2, 4, 4, 4, 4, 10, 4, 2, 2, 2, 2, 2, 2, 2, 1, 1, 1]","17","9","7"
"418","81","92","30","True","True","81","92","30","True","True","81","92","30","True","True","0.0","0.0","11","11","11","40","40","40","[1, 1, 1, 1, 1, 1, 1, 1, 1, 1, 1, 1, 1, 1, 1, 2, 2, 2, 5, 5, 7, 7, 6, 6, 7, 8, 9, 9, 9, 6]","[1, 1, 1, 1, 1, 1, 1, 1, 1, 1, 1, 1, 1, 1, 1, 2, 2, 2, 5, 5, 7, 7, 6, 6, 7, 8, 9, 9, 9, 6]","[1, 1, 1, 1, 1, 1, 1, 1, 1, 1, 1, 1, 1, 1, 1, 2, 2, 2, 5, 5, 7, 7, 6, 6, 7, 8, 9, 9, 9, 6]","11","11","11"
"419","81","91","30","True","True","81","91","30","True","True","81","91","30","True","True","0.0","0.0","11","11","11","39","39","39","[1, 2, 2, 2, 1, 1, 1, 1, 1, 4, 4, 4, 4, 3, 2, 6, 6, 11, 11, 6, 5, 5, 5, 5, 4, 3, 3, 3, 1, 1]","[1, 2, 2, 2, 1, 1, 1, 1, 1, 4, 4, 4, 4, 3, 2, 6, 6, 11, 11, 6, 5, 5, 5, 5, 4, 3, 3, 3, 1, 1]","[1, 2, 2, 2, 1, 1, 1, 1, 1, 4, 4, 4, 4, 3, 2, 6, 6, 11, 11, 6, 5, 5, 5, 5, 4, 3, 3, 3, 1, 1]","11","11","11"
"420","81","91","30","True","True","81","91","30","True","True","81","91","30","True","True","0.0","0.0","11","11","11","39","39","39","[1, 1, 1, 1, 1, 2, 2, 2, 2, 5, 11, 13, 13, 3, 3, 2, 2, 15, 15, 15, 15, 2, 1, 4, 4, 3, 3, 1, 1, 1]","[1, 1, 1, 1, 1, 2, 2, 2, 2, 5, 11, 13, 13, 3, 3, 2, 2, 15, 15, 15, 15, 2, 1, 4, 4, 3, 3, 1, 1, 1]","[1, 1, 1, 1, 1, 2, 2, 2, 2, 5, 11, 13, 13, 3, 3, 2, 2, 15, 15, 15, 15, 2, 1, 4, 4, 3, 3, 1, 1, 1]","11","11","11"
"421","88","104","30","True","False","81","91","30","True","True","87","103","30","True","False","0.005074541257336529","0.05387107250291401","13","11","13","44","39","43","[1, 1, 1, 1, 1, 1, 1, 1, 1, 1, 3, 3, 3, 1, 1, 1, 2, 2, 4, 16, 33, 33, 16, 16, 29, 30, 46, 46, 46, 2]","[1, 1, 1, 1, 1, 1, 1, 1, 1, 1, 1, 1, 1, 2, 2, 2, 3, 3, 3, 4, 16, 16, 16, 29, 30, 33, 33, 46, 46, 46]","[1, 1, 1, 1, 1, 1, 1, 1, 1, 1, 3, 3, 3, 1, 1, 1, 2, 2, 4, 16, 33, 33, 16, 16, 29, 30, 46, 46, 46, 2]","13","11","13"
"422","81","92","30","True","True","81","92","30","True","True","81","92","30","True","True","0.0","0.0","11","11","11","40","40","40","[1, 1, 1, 2, 3, 5, 5, 5, 3, 2, 1, 1, 4, 4, 4, 4, 4, 7, 7, 11, 11, 14, 17, 17, 30, 30, 30, 14, 11, 4]","[1, 1, 1, 2, 3, 5, 5, 5, 3, 2, 1, 1, 4, 4, 4, 4, 4, 7, 7, 11, 11, 14, 17, 17, 30, 30, 30, 14, 11, 4]","[1, 1, 1, 2, 3, 5, 5, 5, 3, 2, 1, 1, 4, 4, 4, 4, 4, 7, 7, 11, 11, 14, 17, 17, 30, 30, 30, 14, 11, 4]","11","11","11"
"423","81","92","30","True","True","81","92","30","True","True","81","92","30","True","True","0.0","0.0","11","11","11","40","40","40","[1, 1, 1, 1, 1, 1, 1, 1, 1, 1, 1, 1, 1, 1, 1, 3, 3, 1, 2, 4, 10, 10, 11, 11, 7, 7, 5, 2, 2, 1]","[1, 1, 1, 1, 1, 1, 1, 1, 1, 1, 1, 1, 1, 1, 1, 3, 3, 1, 2, 4, 10, 10, 11, 11, 7, 7, 5, 2, 2, 1]","[1, 1, 1, 1, 1, 1, 1, 1, 1, 1, 1, 1, 1, 1, 1, 3, 3, 1, 2, 4, 10, 10, 11, 11, 7, 7, 5, 2, 2, 1]","11","11","11"
"424","81","91","30","True","True","81","91","30","True","True","81","91","30","True","True","0.0","0.0","11","11","11","39","39","39","[1, 1, 1, 1, 1, 1, 1, 1, 1, 2, 2, 4, 6, 6, 6, 7, 7, 5, 29, 29, 12, 2, 2, 1, 1, 1, 1, 1, 1, 1]","[1, 1, 1, 1, 1, 1, 1, 1, 1, 2, 2, 4, 6, 6, 6, 7, 7, 5, 29, 29, 12, 2, 2, 1, 1, 1, 1, 1, 1, 1]","[1, 1, 1, 1, 1, 1, 1, 1, 1, 2, 2, 4, 6, 6, 6, 7, 7, 5, 29, 29, 12, 2, 2, 1, 1, 1, 1, 1, 1, 1]","11","11","11"
"425","94","110","30","True","False","77","85","30","True","True","89","102","30","True","True","0.02262513947178668","0.10029639493058051","17","9","13","46","37","42","[1, 1, 2, 2, 4, 4, 4, 4, 2, 2, 3, 3, 3, 13, 13, 3, 5, 5, 2, 4, 7, 7, 7, 7, 25, 32, 32, 32, 22, 22]","[1, 1, 2, 2, 2, 2, 2, 2, 2, 2, 2, 4, 4, 4, 4, 4, 4, 4, 6, 6, 6, 6, 11, 11, 19, 19, 22, 28, 28, 28]","[1, 1, 2, 2, 4, 4, 4, 4, 2, 2, 2, 2, 2, 10, 10, 2, 4, 4, 2, 4, 6, 6, 6, 6, 20, 26, 26, 26, 18, 18]","17","9","13"
"426","81","92","30","True","True","81","92","30","True","True","81","92","30","True","True","0.0","0.0","11","11","11","40","40","40","[1, 2, 4, 4, 4, 2, 2, 2, 4, 5, 5, 5, 5, 5, 5, 5, 5, 5, 2, 2, 1, 3, 3, 5, 5, 5, 16, 16, 16, 1]","[1, 2, 4, 4, 4, 2, 2, 2, 4, 5, 5, 5, 5, 5, 5, 5, 5, 5, 2, 2, 1, 3, 3, 5, 5, 5, 16, 16, 16, 1]","[1, 2, 4, 4, 4, 2, 2, 2, 4, 5, 5, 5, 5, 5, 5, 5, 5, 5, 2, 2, 1, 3, 3, 5, 5, 5, 16, 16, 16, 1]","11","11","11"
"427","81","91","30","True","True","81","91","30","True","True","81","91","30","True","True","0.0","0.0","11","11","11","39","39","39","[1, 1, 1, 1, 1, 2, 2, 1, 2, 2, 2, 3, 3, 3, 3, 3, 2, 4, 4, 8, 8, 6, 7, 7, 5, 10, 10, 2, 2, 2]","[1, 1, 1, 1, 1, 2, 2, 1, 2, 2, 2, 3, 3, 3, 3, 3, 2, 4, 4, 8, 8, 6, 7, 7, 5, 10, 10, 2, 2, 2]","[1, 1, 1, 1, 1, 2, 2, 1, 2, 2, 2, 3, 3, 3, 3, 3, 2, 4, 4, 8, 8, 6, 7, 7, 5, 10, 10, 2, 2, 2]","11","11","11"
"428","86","102","30","True","True","86","102","30","True","True","86","102","30","True","True","0.0","0.0","11","11","11","44","44","44","[1, 1, 1, 1, 1, 1, 1, 2, 3, 3, 2, 2, 2, 4, 4, 4, 4, 4, 4, 8, 8, 4, 2, 1, 4, 4, 4, 4, 4, 2]","[1, 1, 1, 1, 1, 1, 1, 2, 3, 3, 2, 2, 2, 4, 4, 4, 4, 4, 4, 8, 8, 4, 2, 1, 4, 4, 4, 4, 4, 2]","[1, 1, 1, 1, 1, 1, 1, 2, 3, 3, 2, 2, 2, 4, 4, 4, 4, 4, 4, 8, 8, 4, 2, 1, 4, 4, 4, 4, 4, 2]","11","11","11"
"429","88","104","30","True","False","75","82","30","True","True","87","103","30","True","False","0.005074541257336529","0.09218812153004352","13","8","13","44","36","43","[1, 1, 1, 1, 1, 1, 1, 1, 22, 3, 2, 3, 3, 3, 3, 3, 3, 6, 7, 9, 9, 9, 9, 12, 12, 1, 1, 1, 1, 1]","[1, 1, 1, 1, 1, 1, 1, 1, 1, 1, 1, 1, 1, 2, 3, 3, 3, 3, 3, 3, 3, 6, 7, 9, 9, 9, 9, 12, 12, 22]","[1, 1, 1, 1, 1, 1, 1, 1, 22, 3, 2, 3, 3, 3, 3, 3, 3, 6, 7, 9, 9, 9, 9, 12, 12, 1, 1, 1, 1, 1]","13","8","13"
"430","81","92","30","True","True","81","92","30","True","True","81","92","30","True","True","0.0","0.0","11","11","11","40","40","40","[1, 1, 1, 1, 1, 2, 2, 2, 2, 2, 2, 2, 2, 2, 2, 2, 4, 9, 9, 9, 9, 11, 11, 11, 6, 6, 6, 3, 1, 1]","[1, 1, 1, 1, 1, 2, 2, 2, 2, 2, 2, 2, 2, 2, 2, 2, 4, 9, 9, 9, 9, 11, 11, 11, 6, 6, 6, 3, 1, 1]","[1, 1, 1, 1, 1, 2, 2, 2, 2, 2, 2, 2, 2, 2, 2, 2, 4, 9, 9, 9, 9, 11, 11, 11, 6, 6, 6, 3, 1, 1]","11","11","11"
"431","81","91","30","True","True","81","91","30","True","True","81","91","30","True","True","0.0","0.0","11","11","11","39","39","39","[1, 1, 2, 2, 2, 2, 4, 6, 6, 6, 6, 4, 4, 4, 2, 8, 8, 10, 16, 16, 14, 10, 10, 6, 6, 6, 6, 6, 2, 1]","[1, 1, 2, 2, 2, 2, 4, 6, 6, 6, 6, 4, 4, 4, 2, 8, 8, 10, 16, 16, 14, 10, 10, 6, 6, 6, 6, 6, 2, 1]","[1, 1, 2, 2, 2, 2, 4, 6, 6, 6, 6, 4, 4, 4, 2, 8, 8, 10, 16, 16, 14, 10, 10, 6, 6, 6, 6, 6, 2, 1]","11","11","11"
"432","81","91","30","True","True","81","91","30","True","True","81","91","30","True","True","0.0","0.0","11","11","11","39","39","39","[1, 1, 1, 1, 1, 1, 1, 2, 2, 2, 2, 5, 5, 8, 8, 11, 11, 11, 11, 11, 11, 9, 10, 10, 10, 10, 20, 20, 20, 4]","[1, 1, 1, 1, 1, 1, 1, 2, 2, 2, 2, 5, 5, 8, 8, 11, 11, 11, 11, 11, 11, 9, 10, 10, 10, 10, 20, 20, 20, 4]","[1, 1, 1, 1, 1, 1, 1, 2, 2, 2, 2, 5, 5, 8, 8, 11, 11, 11, 11, 11, 11, 9, 10, 10, 10, 10, 20, 20, 20, 4]","11","11","11"
"433","81","91","30","True","True","81","91","30","True","True","81","91","30","True","True","0.0","0.0","11","11","11","39","39","39","[1, 1, 1, 1, 1, 1, 1, 1, 2, 2, 2, 2, 2, 5, 5, 2, 2, 6, 10, 10, 5, 12, 12, 12, 8, 8, 4, 4, 2, 2]","[1, 1, 1, 1, 1, 1, 1, 1, 2, 2, 2, 2, 2, 5, 5, 2, 2, 6, 10, 10, 5, 12, 12, 12, 8, 8, 4, 4, 2, 2]","[1, 1, 1, 1, 1, 1, 1, 1, 2, 2, 2, 2, 2, 5, 5, 2, 2, 6, 10, 10, 5, 12, 12, 12, 8, 8, 4, 4, 2, 2]","11","11","11"
"434","81","91","30","True","True","81","91","30","True","True","81","91","30","True","True","0.0","0.0","11","11","11","39","39","39","[1, 1, 1, 1, 1, 1, 1, 1, 1, 1, 2, 2, 1, 1, 2, 3, 3, 4, 4, 2, 2, 3, 8, 8, 7, 4, 4, 2, 1, 1]","[1, 1, 1, 1, 1, 1, 1, 1, 1, 1, 2, 2, 1, 1, 2, 3, 3, 4, 4, 2, 2, 3, 8, 8, 7, 4, 4, 2, 1, 1]","[1, 1, 1, 1, 1, 1, 1, 1, 1, 1, 2, 2, 1, 1, 2, 3, 3, 4, 4, 2, 2, 3, 8, 8, 7, 4, 4, 2, 1, 1]","11","11","11"
"435","88","104","30","True","False","73","79","30","True","True","87","103","30","True","False","0.005074541257336529","0.10532507219701703","13","7","13","44","35","43","[1, 1, 1, 1, 1, 1, 1, 2, 2, 2, 2, 20, 3, 2, 2, 2, 2, 4, 4, 4, 7, 10, 10, 10, 10, 1, 5, 5, 5, 1]","[1, 1, 1, 1, 1, 1, 1, 1, 1, 2, 2, 2, 2, 2, 2, 2, 2, 3, 4, 4, 4, 5, 5, 5, 7, 10, 10, 10, 10, 20]","[1, 1, 1, 1, 1, 1, 1, 2, 2, 2, 2, 20, 3, 2, 2, 2, 2, 4, 4, 4, 7, 10, 10, 10, 10, 1, 5, 5, 5, 1]","13","7","13"
"436","81","91","30","True","True","81","91","30","True","True","81","91","30","True","True","0.0","0.0","11","11","11","39","39","39","[1, 1, 1, 1, 1, 1, 1, 1, 3, 3, 5, 5, 1, 2, 6, 6, 6, 6, 4, 5, 7, 7, 3, 3, 2, 1, 1, 1, 1, 1]","[1, 1, 1, 1, 1, 1, 1, 1, 3, 3, 5, 5, 1, 2, 6, 6, 6, 6, 4, 5, 7, 7, 3, 3, 2, 1, 1, 1, 1, 1]","[1, 1, 1, 1, 1, 1, 1, 1, 3, 3, 5, 5, 1, 2, 6, 6, 6, 6, 4, 5, 7, 7, 3, 3, 2, 1, 1, 1, 1, 1]","11","11","11"
"437","81","92","30","True","True","81","92","30","True","True","81","92","30","True","True","0.0","0.0","11","11","11","40","40","40","[1, 1, 1, 1, 2, 2, 2, 2, 1, 4, 4, 4, 4, 4, 4, 1, 1, 1, 1, 11, 19, 19, 10, 10, 1, 2, 2, 2, 2, 2]","[1, 1, 1, 1, 2, 2, 2, 2, 1, 4, 4, 4, 4, 4, 4, 1, 1, 1, 1, 11, 19, 19, 10, 10, 1, 2, 2, 2, 2, 2]","[1, 1, 1, 1, 2, 2, 2, 2, 1, 4, 4, 4, 4, 4, 4, 1, 1, 1, 1, 11, 19, 19, 10, 10, 1, 2, 2, 2, 2, 2]","11","11","11"
"438","94","110","30","True","False","77","85","30","True","True","87","98","30","True","False","0.03549427478796041","0.10029639493058051","17","9","11","46","37","40","[1, 1, 1, 1, 1, 1, 1, 3, 4, 5, 5, 6, 6, 4, 8, 10, 10, 10, 4, 4, 23, 8, 8, 28, 10, 10, 10, 10, 2, 2]","[1, 1, 1, 1, 1, 1, 1, 2, 2, 2, 3, 3, 3, 3, 4, 4, 5, 5, 6, 6, 6, 8, 8, 8, 8, 8, 8, 8, 17, 22]","[1, 1, 1, 1, 1, 1, 1, 2, 2, 2, 2, 2, 2, 2, 4, 4, 4, 4, 2, 2, 12, 4, 4, 12, 4, 4, 4, 4, 2, 2]","17","9","11"
"439","88","104","30","True","False","83","94","30","True","True","87","103","30","True","False","0.004422141910903066","0.04143903287340944","13","12","13","44","40","43","[1, 1, 1, 1, 2, 2, 2, 2, 4, 4, 5, 5, 5, 7, 7, 7, 7, 52, 52, 19, 17, 17, 17, 8, 7, 7, 5, 4, 2, 2]","[1, 1, 1, 1, 2, 2, 2, 2, 2, 2, 4, 4, 4, 5, 5, 5, 5, 7, 7, 7, 7, 7, 7, 8, 17, 17, 17, 19, 52, 52]","[1, 1, 1, 1, 2, 2, 2, 2, 4, 4, 5, 5, 5, 7, 7, 7, 7, 52, 52, 19, 17, 17, 17, 8, 7, 7, 5, 4, 2, 2]","13","12","13"
"440","81","91","30","True","True","81","91","30","True","True","81","91","30","True","True","0.0","0.0","11","11","11","39","39","39","[1, 1, 1, 1, 1, 1, 1, 1, 1, 1, 1, 1, 1, 1, 2, 2, 1, 1, 2, 4, 4, 3, 5, 5, 6, 6, 6, 9, 9, 9]","[1, 1, 1, 1, 1, 1, 1, 1, 1, 1, 1, 1, 1, 1, 2, 2, 1, 1, 2, 4, 4, 3, 5, 5, 6, 6, 6, 9, 9, 9]","[1, 1, 1, 1, 1, 1, 1, 1, 1, 1, 1, 1, 1, 1, 2, 2, 1, 1, 2, 4, 4, 3, 5, 5, 6, 6, 6, 9, 9, 9]","11","11","11"
"441","81","91","30","True","True","81","91","30","True","True","81","91","30","True","True","0.0","0.0","11","11","11","39","39","39","[1, 1, 2, 3, 3, 6, 6, 6, 6, 6, 6, 6, 6, 9, 18, 18, 18, 18, 22, 22, 21, 21, 28, 28, 15, 15, 6, 3, 1, 1]","[1, 1, 2, 3, 3, 6, 6, 6, 6, 6, 6, 6, 6, 9, 18, 18, 18, 18, 22, 22, 21, 21, 28, 28, 15, 15, 6, 3, 1, 1]","[1, 1, 2, 3, 3, 6, 6, 6, 6, 6, 6, 6, 6, 9, 18, 18, 18, 18, 22, 22, 21, 21, 28, 28, 15, 15, 6, 3, 1, 1]","11","11","11"
"442","94","110","30","True","False","77","85","30","True","True","91","106","30","True","True","0.010500135476308903","0.10029639493058051","17","9","15","46","37","44","[1, 1, 1, 1, 1, 1, 1, 3, 3, 3, 3, 3, 24, 5, 7, 12, 7, 7, 3, 3, 9, 9, 3, 3, 7, 14, 14, 1, 1, 1]","[1, 1, 1, 1, 1, 1, 1, 1, 1, 1, 2, 2, 2, 3, 3, 3, 3, 3, 3, 5, 7, 7, 7, 7, 8, 8, 11, 14, 14, 23]","[1, 1, 1, 1, 1, 1, 1, 3, 3, 3, 3, 3, 23, 5, 7, 10, 7, 7, 3, 2, 8, 8, 2, 2, 7, 14, 14, 1, 1, 1]","17","9","15"
"443","94","110","30","True","False","79","88","30","True","True","83","90","30","True","True","0.0632567778511719","0.08781851767654358","17","10","8","46","38","36","[1, 1, 1, 1, 1, 1, 1, 23, 1, 1, 1, 1, 5, 6, 6, 6, 6, 6, 7, 7, 10, 10, 17, 24, 24, 4, 2, 2, 1, 1]","[1, 1, 1, 1, 1, 1, 1, 1, 1, 1, 1, 1, 1, 2, 2, 4, 5, 6, 6, 6, 6, 6, 7, 7, 10, 10, 17, 23, 24, 24]","[1, 1, 1, 1, 1, 1, 1, 6, 1, 1, 1, 1, 1, 1, 1, 1, 1, 1, 1, 1, 2, 2, 4, 6, 6, 1, 1, 1, 1, 1]","17","10","8"
"444","94","110","30","True","False","81","91","30","True","True","85","93","30","True","True","0.05081320343868412","0.07550903930177522","17","11","8","46","39","38","[1, 1, 3, 3, 4, 4, 8, 8, 8, 12, 12, 4, 8, 72, 72, 72, 24, 28, 28, 20, 20, 2, 2, 1, 1, 1, 1, 1, 1, 1]","[1, 1, 1, 1, 1, 1, 1, 1, 1, 2, 2, 3, 3, 4, 4, 4, 8, 8, 8, 8, 12, 12, 20, 20, 24, 28, 28, 72, 72, 72]","[1, 1, 3, 3, 4, 4, 8, 8, 8, 12, 12, 4, 4, 12, 12, 12, 4, 4, 4, 4, 4, 2, 2, 1, 1, 1, 1, 1, 1, 1]","17","11","8"
"445","81","92","30","True","True","81","92","30","True","True","81","92","30","True","True","0.0","0.0","11","11","11","40","40","40","[1, 2, 2, 2, 2, 2, 2, 2, 1, 3, 3, 5, 5, 3, 3, 1, 1, 1, 1, 4, 4, 1, 6, 6, 4, 4, 6, 6, 6, 2]","[1, 2, 2, 2, 2, 2, 2, 2, 1, 3, 3, 5, 5, 3, 3, 1, 1, 1, 1, 4, 4, 1, 6, 6, 4, 4, 6, 6, 6, 2]","[1, 2, 2, 2, 2, 2, 2, 2, 1, 3, 3, 5, 5, 3, 3, 1, 1, 1, 1, 4, 4, 1, 6, 6, 4, 4, 6, 6, 6, 2]","11","11","11"
"446","88","104","30","True","False","75","82","30","True","True","87","103","30","True","False","0.005074541257336529","0.09218812153004352","13","8","13","44","36","43","[1, 1, 1, 1, 1, 1, 13, 2, 2, 3, 3, 3, 3, 5, 5, 5, 5, 7, 9, 9, 7, 7, 6, 6, 1, 1, 1, 2, 2, 2]","[1, 1, 1, 1, 1, 1, 1, 1, 1, 2, 2, 2, 2, 2, 3, 3, 3, 3, 5, 5, 5, 5, 6, 6, 7, 7, 7, 9, 9, 13]","[1, 1, 1, 1, 1, 1, 13, 2, 2, 3, 3, 3, 3, 5, 5, 5, 5, 7, 9, 9, 7, 7, 6, 6, 1, 1, 1, 2, 2, 2]","13","8","13"
"447","81","92","30","True","True","81","92","30","True","True","81","92","30","True","True","0.0","0.0","11","11","11","40","40","40","[1, 1, 1, 1, 2, 2, 2, 2, 3, 3, 3, 9, 9, 3, 2, 5, 10, 15, 16, 16, 18, 18, 5, 2, 2, 2, 2, 2, 2, 1]","[1, 1, 1, 1, 2, 2, 2, 2, 3, 3, 3, 9, 9, 3, 2, 5, 10, 15, 16, 16, 18, 18, 5, 2, 2, 2, 2, 2, 2, 1]","[1, 1, 1, 1, 2, 2, 2, 2, 3, 3, 3, 9, 9, 3, 2, 5, 10, 15, 16, 16, 18, 18, 5, 2, 2, 2, 2, 2, 2, 1]","11","11","11"
"448","81","91","30","True","True","81","91","30","True","True","81","91","30","True","True","0.0","0.0","11","11","11","39","39","39","[1, 1, 1, 2, 2, 2, 1, 1, 1, 3, 3, 2, 3, 3, 4, 5, 5, 4, 17, 17, 12, 6, 5, 5, 3, 3, 3, 4, 4, 4]","[1, 1, 1, 2, 2, 2, 1, 1, 1, 3, 3, 2, 3, 3, 4, 5, 5, 4, 17, 17, 12, 6, 5, 5, 3, 3, 3, 4, 4, 4]","[1, 1, 1, 2, 2, 2, 1, 1, 1, 3, 3, 2, 3, 3, 4, 5, 5, 4, 17, 17, 12, 6, 5, 5, 3, 3, 3, 4, 4, 4]","11","11","11"
"449","81","92","30","True","True","81","92","30","True","True","81","92","30","True","True","0.0","0.0","11","11","11","40","40","40","[1, 1, 1, 2, 2, 2, 2, 2, 2, 2, 2, 2, 2, 2, 2, 2, 1, 4, 4, 1, 4, 4, 5, 5, 5, 9, 10, 12, 12, 12]","[1, 1, 1, 2, 2, 2, 2, 2, 2, 2, 2, 2, 2, 2, 2, 2, 1, 4, 4, 1, 4, 4, 5, 5, 5, 9, 10, 12, 12, 12]","[1, 1, 1, 2, 2, 2, 2, 2, 2, 2, 2, 2, 2, 2, 2, 2, 1, 4, 4, 1, 4, 4, 5, 5, 5, 9, 10, 12, 12, 12]","11","11","11"
"450","94","110","30","True","False","77","85","30","True","True","91","107","30","True","True","0.011368865409807305","0.10029639493058051","17","9","16","46","37","45","[1, 1, 1, 1, 1, 1, 1, 1, 1, 1, 1, 1, 1, 1, 1, 2, 4, 5, 5, 7, 36, 36, 1, 1, 20, 26, 26, 26, 1, 1]","[1, 1, 1, 1, 1, 1, 1, 1, 1, 1, 1, 1, 1, 1, 1, 1, 1, 1, 1, 2, 4, 5, 5, 6, 18, 24, 24, 24, 32, 32]","[1, 1, 1, 1, 1, 1, 1, 1, 1, 1, 1, 1, 1, 1, 1, 2, 4, 5, 5, 6, 32, 32, 1, 1, 18, 24, 24, 24, 1, 1]","17","9","16"
"451","81","92","30","True","True","81","92","30","True","True","81","92","30","True","True","0.0","0.0","11","11","11","40","40","40","[1, 1, 1, 1, 1, 1, 2, 3, 3, 3, 3, 2, 2, 3, 3, 4, 4, 5, 5, 4, 7, 7, 6, 6, 5, 1, 1, 1, 1, 1]","[1, 1, 1, 1, 1, 1, 2, 3, 3, 3, 3, 2, 2, 3, 3, 4, 4, 5, 5, 4, 7, 7, 6, 6, 5, 1, 1, 1, 1, 1]","[1, 1, 1, 1, 1, 1, 2, 3, 3, 3, 3, 2, 2, 3, 3, 4, 4, 5, 5, 4, 7, 7, 6, 6, 5, 1, 1, 1, 1, 1]","11","11","11"
"452","94","110","30","True","False","83","94","30","True","True","87","98","30","True","True","0.03440670624045428","0.0633613203953004","17","12","10","46","40","41","[1, 1, 1, 1, 1, 1, 2, 2, 1, 1, 1, 4, 5, 5, 5, 5, 5, 6, 11, 34, 34, 65, 65, 13, 13, 14, 14, 20, 20, 20]","[1, 1, 1, 1, 1, 1, 1, 1, 1, 1, 1, 3, 4, 4, 4, 4, 4, 5, 9, 11, 11, 12, 12, 16, 16, 16, 28, 28, 54, 54]","[1, 1, 1, 1, 1, 1, 1, 1, 1, 1, 1, 3, 4, 4, 4, 4, 4, 4, 8, 20, 20, 40, 40, 8, 8, 8, 8, 8, 8, 8]","17","12","10"
"453","81","91","30","True","True","81","91","30","True","True","81","91","30","True","True","0.0","0.0","11","11","11","39","39","39","[1, 2, 2, 3, 3, 2, 1, 3, 3, 3, 3, 4, 8, 8, 10, 10, 8, 8, 7, 16, 19, 19, 19, 16, 7, 7, 7, 7, 4, 3]","[1, 2, 2, 3, 3, 2, 1, 3, 3, 3, 3, 4, 8, 8, 10, 10, 8, 8, 7, 16, 19, 19, 19, 16, 7, 7, 7, 7, 4, 3]","[1, 2, 2, 3, 3, 2, 1, 3, 3, 3, 3, 4, 8, 8, 10, 10, 8, 8, 7, 16, 19, 19, 19, 16, 7, 7, 7, 7, 4, 3]","11","11","11"
"454","81","91","30","True","True","81","91","30","True","True","81","91","30","True","True","0.0","0.0","11","11","11","39","39","39","[1, 1, 1, 1, 1, 1, 2, 3, 3, 4, 4, 4, 4, 4, 7, 7, 7, 4, 4, 11, 12, 14, 14, 1, 5, 9, 9, 1, 1, 1]","[1, 1, 1, 1, 1, 1, 2, 3, 3, 4, 4, 4, 4, 4, 7, 7, 7, 4, 4, 11, 12, 14, 14, 1, 5, 9, 9, 1, 1, 1]","[1, 1, 1, 1, 1, 1, 2, 3, 3, 4, 4, 4, 4, 4, 7, 7, 7, 4, 4, 11, 12, 14, 14, 1, 5, 9, 9, 1, 1, 1]","11","11","11"
"455","81","92","30","True","True","81","92","30","True","True","81","92","30","True","True","0.0","0.0","11","11","11","40","40","40","[1, 1, 1, 1, 1, 1, 1, 2, 2, 1, 1, 1, 1, 4, 5, 6, 6, 1, 1, 1, 3, 4, 4, 5, 5, 5, 5, 5, 4, 4]","[1, 1, 1, 1, 1, 1, 1, 2, 2, 1, 1, 1, 1, 4, 5, 6, 6, 1, 1, 1, 3, 4, 4, 5, 5, 5, 5, 5, 4, 4]","[1, 1, 1, 1, 1, 1, 1, 2, 2, 1, 1, 1, 1, 4, 5, 6, 6, 1, 1, 1, 3, 4, 4, 5, 5, 5, 5, 5, 4, 4]","11","11","11"
"456","81","91","30","True","True","81","91","30","True","True","81","91","30","True","True","0.0","0.0","11","11","11","39","39","39","[1, 1, 1, 1, 1, 1, 1, 2, 3, 3, 3, 3, 3, 3, 7, 7, 7, 10, 10, 13, 13, 16, 16, 19, 19, 19, 13, 10, 3, 3]","[1, 1, 1, 1, 1, 1, 1, 2, 3, 3, 3, 3, 3, 3, 7, 7, 7, 10, 10, 13, 13, 16, 16, 19, 19, 19, 13, 10, 3, 3]","[1, 1, 1, 1, 1, 1, 1, 2, 3, 3, 3, 3, 3, 3, 7, 7, 7, 10, 10, 13, 13, 16, 16, 19, 19, 19, 13, 10, 3, 3]","11","11","11"
"457","81","92","30","True","True","81","92","30","True","True","81","92","30","True","True","0.0","0.0","11","11","11","40","40","40","[1, 1, 1, 1, 2, 4, 4, 4, 8, 8, 16, 16, 16, 20, 20, 10, 8, 8, 4, 4, 28, 28, 30, 30, 12, 2, 2, 2, 2, 2]","[1, 1, 1, 1, 2, 4, 4, 4, 8, 8, 16, 16, 16, 20, 20, 10, 8, 8, 4, 4, 28, 28, 30, 30, 12, 2, 2, 2, 2, 2]","[1, 1, 1, 1, 2, 4, 4, 4, 8, 8, 16, 16, 16, 20, 20, 10, 8, 8, 4, 4, 28, 28, 30, 30, 12, 2, 2, 2, 2, 2]","11","11","11"
"458","94","110","30","True","False","75","82","30","True","True","85","93","30","True","True","0.05061270908989557","0.11294977748945845","17","8","8","46","36","38","[2, 2, 2, 2, 2, 2, 1, 6, 1, 1, 3, 3, 6, 15, 7, 7, 3, 5, 12, 12, 6, 1, 9, 9, 3, 3, 3, 3, 3, 1]","[1, 1, 1, 1, 1, 2, 2, 2, 2, 2, 2, 3, 3, 3, 3, 3, 3, 3, 3, 5, 6, 6, 6, 7, 7, 9, 9, 12, 12, 15]","[2, 2, 2, 2, 2, 2, 1, 2, 1, 1, 1, 1, 2, 4, 2, 2, 1, 1, 3, 3, 1, 1, 1, 1, 3, 3, 3, 3, 3, 1]","17","8","8"
"459","88","104","30","True","False","69","73","30","True","True","87","104","30","True","False","0.0","0.13219537571206963","13","5","13","44","33","44","[1, 1, 1, 1, 1, 2, 2, 2, 1, 2, 2, 2, 2, 14, 14, 10, 10, 1, 1, 2, 3, 3, 1, 1, 1, 1, 1, 3, 3, 3]","[1, 1, 1, 1, 1, 1, 1, 1, 1, 1, 1, 1, 1, 1, 1, 1, 1, 2, 2, 2, 2, 3, 3, 3, 3, 3, 8, 8, 12, 12]","[1, 1, 1, 1, 1, 2, 2, 2, 1, 1, 1, 1, 1, 12, 12, 8, 8, 1, 1, 2, 3, 3, 1, 1, 1, 1, 1, 3, 3, 3]","13","5","13"
"460","81","92","30","True","True","81","92","30","True","True","81","92","30","True","True","0.0","0.0","11","11","11","40","40","40","[2, 2, 2, 2, 4, 4, 4, 8, 8, 8, 8, 12, 14, 14, 13, 17, 17, 17, 12, 12, 12, 16, 17, 29, 29, 2, 2, 1, 1, 1]","[2, 2, 2, 2, 4, 4, 4, 8, 8, 8, 8, 12, 14, 14, 13, 17, 17, 17, 12, 12, 12, 16, 17, 29, 29, 2, 2, 1, 1, 1]","[2, 2, 2, 2, 4, 4, 4, 8, 8, 8, 8, 12, 14, 14, 13, 17, 17, 17, 12, 12, 12, 16, 17, 29, 29, 2, 2, 1, 1, 1]","11","11","11"
"461","94","110","30","True","False","79","88","30","True","True","82","90","30","True","False","0.06459100985158284","0.08781851767654358","17","10","8","46","38","37","[1, 3, 3, 3, 3, 3, 3, 3, 3, 16, 3, 3, 4, 4, 7, 36, 36, 36, 3, 4, 4, 4, 12, 12, 13, 13, 13, 9, 9, 9]","[1, 3, 3, 3, 3, 3, 3, 3, 3, 3, 3, 3, 3, 3, 4, 4, 4, 6, 8, 8, 8, 11, 11, 12, 12, 12, 15, 33, 33, 33]","[1, 3, 3, 3, 3, 3, 3, 3, 3, 9, 3, 3, 3, 3, 6, 9, 9, 9, 3, 3, 3, 3, 3, 3, 3, 3, 3, 3, 3, 3]","17","10","8"
"462","88","104","30","True","False","73","79","30","True","True","87","104","30","True","False","0.0","0.10532507219701703","13","7","13","44","35","44","[1, 1, 1, 2, 8, 8, 2, 2, 2, 2, 1, 2, 2, 1, 3, 3, 3, 1, 5, 6, 15, 15, 12, 13, 13, 13, 12, 12, 12, 12]","[1, 1, 1, 1, 1, 1, 1, 1, 1, 1, 1, 2, 2, 3, 3, 3, 3, 4, 5, 5, 8, 8, 8, 8, 8, 9, 9, 9, 10, 10]","[1, 1, 1, 1, 5, 5, 1, 1, 1, 1, 1, 2, 2, 1, 3, 3, 3, 1, 3, 4, 10, 10, 8, 9, 9, 9, 8, 8, 8, 8]","13","7","13"
"463","81","91","30","True","True","81","91","30","True","True","81","91","30","True","True","0.0","0.0","11","11","11","39","39","39","[1, 1, 1, 1, 1, 1, 2, 3, 3, 1, 5, 5, 5, 2, 2, 3, 3, 3, 4, 5, 5, 9, 11, 11, 9, 16, 16, 3, 3, 1]","[1, 1, 1, 1, 1, 1, 2, 3, 3, 1, 5, 5, 5, 2, 2, 3, 3, 3, 4, 5, 5, 9, 11, 11, 9, 16, 16, 3, 3, 1]","[1, 1, 1, 1, 1, 1, 2, 3, 3, 1, 5, 5, 5, 2, 2, 3, 3, 3, 4, 5, 5, 9, 11, 11, 9, 16, 16, 3, 3, 1]","11","11","11"
"464","81","91","30","True","True","81","91","30","True","True","81","91","30","True","True","0.0","0.0","11","11","11","39","39","39","[1, 1, 1, 1, 2, 3, 3, 3, 3, 3, 3, 3, 3, 6, 9, 12, 18, 21, 21, 21, 42, 42, 18, 9, 9, 4, 4, 4, 4, 2]","[1, 1, 1, 1, 2, 3, 3, 3, 3, 3, 3, 3, 3, 6, 9, 12, 18, 21, 21, 21, 42, 42, 18, 9, 9, 4, 4, 4, 4, 2]","[1, 1, 1, 1, 2, 3, 3, 3, 3, 3, 3, 3, 3, 6, 9, 12, 18, 21, 21, 21, 42, 42, 18, 9, 9, 4, 4, 4, 4, 2]","11","11","11"
"465","94","110","30","True","False","81","91","30","True","True","85","94","30","True","False","0.047235213547981214","0.07550903930177522","17","11","9","46","39","38","[1, 1, 2, 3, 22, 22, 3, 3, 7, 7, 7, 7, 7, 7, 7, 9, 11, 14, 14, 30, 11, 22, 34, 34, 12, 7, 7, 7, 7, 2]","[1, 1, 1, 1, 2, 2, 2, 4, 4, 4, 4, 4, 4, 4, 4, 4, 4, 4, 5, 6, 6, 7, 8, 8, 12, 12, 13, 16, 20, 20]","[1, 1, 1, 2, 8, 8, 2, 2, 4, 4, 4, 4, 4, 4, 4, 4, 4, 4, 4, 12, 4, 8, 12, 12, 4, 4, 4, 4, 4, 1]","17","11","9"
"466","81","92","30","True","True","81","92","30","True","True","81","92","30","True","True","0.0","0.0","11","11","11","40","40","40","[1, 1, 2, 2, 2, 2, 2, 3, 3, 3, 3, 3, 2, 4, 4, 4, 7, 7, 10, 10, 11, 11, 11, 11, 11, 22, 24, 24, 24, 22]","[1, 1, 2, 2, 2, 2, 2, 3, 3, 3, 3, 3, 2, 4, 4, 4, 7, 7, 10, 10, 11, 11, 11, 11, 11, 22, 24, 24, 24, 22]","[1, 1, 2, 2, 2, 2, 2, 3, 3, 3, 3, 3, 2, 4, 4, 4, 7, 7, 10, 10, 11, 11, 11, 11, 11, 22, 24, 24, 24, 22]","11","11","11"
"467","81","92","30","True","True","81","92","30","True","True","81","92","30","True","True","0.0","0.0","11","11","11","40","40","40","[1, 1, 1, 1, 1, 3, 3, 3, 4, 4, 9, 9, 13, 13, 17, 17, 17, 30, 30, 9, 8, 4, 3, 4, 4, 3, 1, 1, 1, 1]","[1, 1, 1, 1, 1, 3, 3, 3, 4, 4, 9, 9, 13, 13, 17, 17, 17, 30, 30, 9, 8, 4, 3, 4, 4, 3, 1, 1, 1, 1]","[1, 1, 1, 1, 1, 3, 3, 3, 4, 4, 9, 9, 13, 13, 17, 17, 17, 30, 30, 9, 8, 4, 3, 4, 4, 3, 1, 1, 1, 1]","11","11","11"
"468","94","110","30","True","False","85","97","30","True","True","88","100","30","True","True","0.02881717921778426","0.0513691466905879","17","13","12","46","41","41","[1, 1, 1, 1, 1, 2, 2, 4, 5, 14, 28, 42, 42, 42, 4, 9, 17, 34, 34, 9, 9, 9, 9, 9, 9, 8, 8, 8, 4, 50]","[1, 1, 1, 1, 1, 2, 2, 4, 4, 4, 4, 8, 8, 8, 9, 9, 9, 9, 9, 9, 9, 11, 17, 22, 33, 33, 33, 34, 34, 47]","[1, 1, 1, 1, 1, 1, 1, 2, 2, 6, 12, 18, 18, 18, 2, 4, 8, 16, 16, 4, 4, 4, 4, 4, 4, 4, 4, 4, 2, 23]","17","13","12"
"469","81","92","30","True","True","81","92","30","True","True","81","92","30","True","True","0.0","0.0","11","11","11","40","40","40","[1, 1, 1, 2, 2, 1, 2, 5, 5, 5, 13, 13, 14, 14, 15, 17, 17, 14, 8, 8, 1, 6, 6, 6, 6, 1, 1, 1, 1, 1]","[1, 1, 1, 2, 2, 1, 2, 5, 5, 5, 13, 13, 14, 14, 15, 17, 17, 14, 8, 8, 1, 6, 6, 6, 6, 1, 1, 1, 1, 1]","[1, 1, 1, 2, 2, 1, 2, 5, 5, 5, 13, 13, 14, 14, 15, 17, 17, 14, 8, 8, 1, 6, 6, 6, 6, 1, 1, 1, 1, 1]","11","11","11"
"470","86","102","30","True","True","86","102","30","True","True","86","102","30","True","True","0.0","0.0","11","11","11","44","44","44","[1, 1, 1, 1, 1, 1, 1, 1, 2, 5, 5, 6, 6, 8, 8, 8, 10, 10, 8, 8, 6, 3, 2, 2, 1, 1, 12, 12, 12, 1]","[1, 1, 1, 1, 1, 1, 1, 1, 2, 5, 5, 6, 6, 8, 8, 8, 10, 10, 8, 8, 6, 3, 2, 2, 1, 1, 12, 12, 12, 1]","[1, 1, 1, 1, 1, 1, 1, 1, 2, 5, 5, 6, 6, 8, 8, 8, 10, 10, 8, 8, 6, 3, 2, 2, 1, 1, 12, 12, 12, 1]","11","11","11"
"471","81","92","30","True","True","81","92","30","True","True","81","92","30","True","True","0.0","0.0","11","11","11","40","40","40","[1, 1, 1, 1, 1, 1, 1, 3, 3, 3, 3, 3, 1, 2, 2, 2, 2, 2, 3, 4, 5, 5, 5, 4, 4, 4, 7, 7, 4, 4]","[1, 1, 1, 1, 1, 1, 1, 3, 3, 3, 3, 3, 1, 2, 2, 2, 2, 2, 3, 4, 5, 5, 5, 4, 4, 4, 7, 7, 4, 4]","[1, 1, 1, 1, 1, 1, 1, 3, 3, 3, 3, 3, 1, 2, 2, 2, 2, 2, 3, 4, 5, 5, 5, 4, 4, 4, 7, 7, 4, 4]","11","11","11"
"472","81","91","30","True","True","81","91","30","True","True","81","91","30","True","True","0.0","0.0","11","11","11","39","39","39","[1, 1, 1, 1, 3, 3, 3, 3, 3, 3, 5, 5, 6, 6, 12, 12, 18, 18, 10, 10, 10, 28, 28, 6, 5, 4, 4, 4, 4, 1]","[1, 1, 1, 1, 3, 3, 3, 3, 3, 3, 5, 5, 6, 6, 12, 12, 18, 18, 10, 10, 10, 28, 28, 6, 5, 4, 4, 4, 4, 1]","[1, 1, 1, 1, 3, 3, 3, 3, 3, 3, 5, 5, 6, 6, 12, 12, 18, 18, 10, 10, 10, 28, 28, 6, 5, 4, 4, 4, 4, 1]","11","11","11"
"473","94","110","30","True","False","75","82","30","True","True","87","98","30","True","True","0.034851732557244386","0.11294977748945845","17","8","11","46","36","40","[1, 1, 2, 2, 2, 5, 5, 5, 5, 10, 10, 5, 5, 4, 4, 2, 55, 2, 2, 2, 5, 5, 39, 44, 44, 43, 43, 39, 39, 22]","[1, 1, 1, 1, 1, 1, 1, 1, 1, 1, 1, 2, 2, 2, 2, 2, 2, 2, 2, 4, 4, 9, 16, 16, 16, 18, 18, 18, 18, 23]","[1, 1, 1, 1, 1, 2, 2, 2, 2, 4, 4, 2, 2, 1, 1, 1, 12, 1, 1, 1, 2, 2, 8, 10, 10, 8, 8, 8, 8, 4]","17","8","11"
"474","88","104","30","True","False","75","82","30","True","True","87","104","30","True","False","0.0","0.09218812153004352","13","8","13","44","36","44","[1, 1, 1, 1, 2, 3, 3, 3, 2, 2, 2, 2, 8, 8, 8, 8, 2, 2, 3, 5, 5, 1, 1, 7, 7, 7, 26, 1, 1, 1]","[1, 1, 1, 1, 1, 1, 1, 1, 1, 2, 2, 2, 2, 2, 2, 2, 3, 3, 3, 3, 5, 5, 7, 7, 7, 8, 8, 8, 8, 25]","[1, 1, 1, 1, 2, 3, 3, 3, 2, 2, 2, 2, 8, 8, 8, 8, 2, 2, 3, 5, 5, 1, 1, 7, 7, 7, 25, 1, 1, 1]","13","8","13"
"475","81","91","30","True","True","81","91","30","True","True","81","91","30","True","True","0.0","0.0","11","11","11","39","39","39","[1, 1, 2, 2, 2, 2, 2, 2, 2, 2, 3, 3, 3, 2, 2, 2, 1, 4, 6, 8, 10, 12, 12, 12, 15, 17, 17, 17, 2, 1]","[1, 1, 2, 2, 2, 2, 2, 2, 2, 2, 3, 3, 3, 2, 2, 2, 1, 4, 6, 8, 10, 12, 12, 12, 15, 17, 17, 17, 2, 1]","[1, 1, 2, 2, 2, 2, 2, 2, 2, 2, 3, 3, 3, 2, 2, 2, 1, 4, 6, 8, 10, 12, 12, 12, 15, 17, 17, 17, 2, 1]","11","11","11"
"476","94","110","30","True","False","81","91","30","True","True","84","92","30","True","True","0.057242287699950434","0.07550903930177522","17","11","9","46","39","37","[1, 1, 2, 2, 2, 2, 2, 2, 2, 2, 4, 4, 10, 10, 10, 10, 10, 24, 12, 24, 43, 47, 61, 61, 47, 4, 2, 2, 1, 1]","[1, 1, 1, 1, 2, 2, 2, 2, 2, 2, 2, 2, 2, 2, 4, 4, 4, 10, 10, 10, 10, 10, 12, 24, 24, 43, 47, 47, 61, 61]","[1, 1, 2, 2, 2, 2, 2, 2, 2, 2, 2, 2, 4, 4, 4, 4, 4, 10, 4, 8, 14, 16, 20, 20, 16, 2, 2, 2, 1, 1]","17","11","9"
"477","81","91","30","True","True","81","91","30","True","True","81","91","30","True","True","0.0","0.0","11","11","11","39","39","39","[1, 1, 1, 1, 1, 1, 1, 2, 4, 4, 4, 4, 4, 4, 4, 2, 2, 1, 2, 3, 7, 7, 1, 1, 5, 9, 9, 9, 1, 1]","[1, 1, 1, 1, 1, 1, 1, 2, 4, 4, 4, 4, 4, 4, 4, 2, 2, 1, 2, 3, 7, 7, 1, 1, 5, 9, 9, 9, 1, 1]","[1, 1, 1, 1, 1, 1, 1, 2, 4, 4, 4, 4, 4, 4, 4, 2, 2, 1, 2, 3, 7, 7, 1, 1, 5, 9, 9, 9, 1, 1]","11","11","11"
"478","94","110","30","True","False","83","94","30","True","True","86","96","30","True","True","0.04708685200424034","0.0633613203953004","17","12","11","46","40","40","[28, 28, 1, 1, 2, 2, 4, 4, 4, 4, 5, 6, 10, 10, 10, 10, 57, 57, 11, 26, 26, 11, 12, 12, 12, 12, 5, 4, 4, 4]","[1, 1, 2, 2, 4, 4, 4, 4, 4, 4, 4, 5, 5, 6, 10, 10, 10, 10, 11, 11, 12, 12, 12, 12, 26, 26, 28, 28, 57, 57]","[15, 15, 1, 1, 2, 2, 4, 4, 4, 4, 5, 5, 5, 5, 5, 5, 30, 30, 5, 10, 10, 5, 5, 5, 5, 5, 5, 4, 4, 4]","17","12","11"
"479","88","104","30","True","False","71","76","30","True","True","87","104","30","True","False","0.0","0.11865781549536936","13","6","13","44","34","44","[1, 1, 1, 1, 1, 1, 1, 1, 1, 2, 2, 1, 3, 4, 7, 12, 4, 4, 4, 1, 1, 1, 2, 8, 8, 1, 2, 2, 2, 2]","[1, 1, 1, 1, 1, 1, 1, 1, 1, 1, 1, 1, 1, 1, 2, 2, 2, 2, 2, 2, 2, 2, 3, 4, 4, 4, 6, 7, 7, 11]","[1, 1, 1, 1, 1, 1, 1, 1, 1, 2, 2, 1, 2, 3, 6, 11, 4, 4, 4, 1, 1, 1, 2, 7, 7, 1, 2, 2, 2, 2]","13","6","13"
"480","94","110","30","True","False","73","79","30","True","True","84","92","30","True","True","0.05298513643195579","0.1257862861192962","17","7","8","46","35","37","[1, 1, 1, 1, 1, 12, 1, 2, 2, 6, 6, 1, 1, 1, 7, 2, 3, 5, 5, 5, 10, 10, 9, 9, 5, 4, 3, 3, 1, 1]","[1, 1, 1, 1, 1, 1, 1, 1, 1, 1, 1, 2, 2, 2, 2, 2, 2, 3, 4, 4, 4, 4, 6, 6, 6, 7, 7, 8, 8, 10]","[1, 1, 1, 1, 1, 3, 1, 2, 2, 5, 5, 1, 1, 1, 3, 1, 1, 1, 1, 1, 2, 2, 2, 2, 1, 1, 1, 1, 1, 1]","17","7","8"
"481","81","92","30","True","True","81","92","30","True","True","81","92","30","True","True","0.0","0.0","11","11","11","40","40","40","[1, 1, 1, 1, 1, 1, 3, 3, 1, 1, 1, 1, 7, 7, 8, 9, 9, 9, 9, 12, 12, 7, 7, 7, 11, 18, 18, 11, 1, 1]","[1, 1, 1, 1, 1, 1, 3, 3, 1, 1, 1, 1, 7, 7, 8, 9, 9, 9, 9, 12, 12, 7, 7, 7, 11, 18, 18, 11, 1, 1]","[1, 1, 1, 1, 1, 1, 3, 3, 1, 1, 1, 1, 7, 7, 8, 9, 9, 9, 9, 12, 12, 7, 7, 7, 11, 18, 18, 11, 1, 1]","11","11","11"
"482","86","102","30","True","True","86","102","30","True","True","86","102","30","True","True","0.0","0.0","11","11","11","44","44","44","[1, 1, 1, 1, 1, 1, 1, 1, 1, 1, 3, 4, 4, 3, 3, 3, 2, 4, 4, 4, 2, 2, 2, 5, 8, 8, 1, 1, 1, 1]","[1, 1, 1, 1, 1, 1, 1, 1, 1, 1, 3, 4, 4, 3, 3, 3, 2, 4, 4, 4, 2, 2, 2, 5, 8, 8, 1, 1, 1, 1]","[1, 1, 1, 1, 1, 1, 1, 1, 1, 1, 3, 4, 4, 3, 3, 3, 2, 4, 4, 4, 2, 2, 2, 5, 8, 8, 1, 1, 1, 1]","11","11","11"
"483","88","104","30","True","False","79","88","30","True","True","87","104","30","True","False","0.0","0.06646865762583642","13","10","13","44","38","44","[1, 1, 1, 1, 1, 1, 1, 1, 2, 4, 4, 8, 8, 8, 4, 15, 3, 3, 14, 17, 17, 9, 10, 10, 6, 6, 6, 6, 1, 1]","[1, 1, 1, 1, 1, 1, 1, 1, 1, 1, 2, 3, 3, 4, 4, 4, 6, 6, 6, 6, 8, 8, 8, 9, 9, 9, 14, 15, 17, 17]","[1, 1, 1, 1, 1, 1, 1, 1, 2, 4, 4, 8, 8, 8, 4, 15, 3, 3, 14, 17, 17, 9, 9, 9, 6, 6, 6, 6, 1, 1]","13","10","13"
"484","81","91","30","True","True","81","91","30","True","True","81","91","30","True","True","0.0","0.0","11","11","11","39","39","39","[1, 1, 1, 3, 3, 3, 3, 3, 3, 3, 1, 2, 2, 2, 2, 8, 8, 8, 12, 12, 24, 40, 40, 12, 8, 20, 20, 20, 1, 1]","[1, 1, 1, 3, 3, 3, 3, 3, 3, 3, 1, 2, 2, 2, 2, 8, 8, 8, 12, 12, 24, 40, 40, 12, 8, 20, 20, 20, 1, 1]","[1, 1, 1, 3, 3, 3, 3, 3, 3, 3, 1, 2, 2, 2, 2, 8, 8, 8, 12, 12, 24, 40, 40, 12, 8, 20, 20, 20, 1, 1]","11","11","11"
"485","88","104","30","True","False","79","88","30","True","True","87","104","30","True","False","0.0","0.06646865762583642","13","10","13","44","38","44","[1, 1, 1, 1, 1, 1, 1, 1, 3, 11, 12, 24, 25, 38, 38, 26, 26, 26, 26, 26, 12, 12, 12, 12, 1, 1, 3, 29, 29, 29]","[1, 1, 1, 1, 1, 1, 1, 1, 1, 1, 2, 3, 9, 10, 10, 10, 10, 10, 20, 21, 21, 21, 21, 21, 21, 23, 23, 23, 31, 31]","[1, 1, 1, 1, 1, 1, 1, 1, 3, 9, 10, 20, 21, 31, 31, 21, 21, 21, 21, 21, 10, 10, 10, 10, 1, 1, 2, 23, 23, 23]","13","10","13"
"486","86","101","30","True","True","86","101","30","True","True","86","101","30","True","True","0.0","0.0","11","11","11","43","43","43","[1, 1, 1, 1, 1, 1, 1, 1, 1, 1, 1, 1, 1, 1, 2, 4, 4, 3, 1, 1, 1, 3, 3, 9, 12, 12, 12, 8, 8, 7]","[1, 1, 1, 1, 1, 1, 1, 1, 1, 1, 1, 1, 1, 1, 2, 4, 4, 3, 1, 1, 1, 3, 3, 9, 12, 12, 12, 8, 8, 7]","[1, 1, 1, 1, 1, 1, 1, 1, 1, 1, 1, 1, 1, 1, 2, 4, 4, 3, 1, 1, 1, 3, 3, 9, 12, 12, 12, 8, 8, 7]","11","11","11"
"487","88","104","30","True","False","75","82","30","True","True","87","103","30","True","False","0.005074541257336529","0.09218812153004352","13","8","13","44","36","43","[2, 4, 4, 2, 2, 2, 2, 2, 3, 3, 3, 2, 9, 13, 13, 13, 2, 4, 8, 10, 10, 3, 3, 5, 5, 1, 1, 1, 1, 1]","[1, 1, 1, 1, 1, 2, 2, 2, 2, 2, 2, 2, 2, 3, 3, 3, 3, 3, 4, 4, 4, 5, 5, 8, 9, 10, 10, 13, 13, 13]","[2, 4, 4, 2, 2, 2, 2, 2, 3, 3, 3, 2, 9, 13, 13, 13, 2, 4, 8, 10, 10, 3, 3, 5, 5, 1, 1, 1, 1, 1]","13","8","13"
"488","81","91","30","True","True","81","91","30","True","True","81","91","30","True","True","0.0","0.0","11","11","11","39","39","39","[1, 1, 1, 1, 2, 2, 3, 3, 3, 3, 2, 2, 2, 2, 2, 1, 1, 4, 7, 7, 7, 4, 5, 5, 38, 38, 38, 38, 17, 12]","[1, 1, 1, 1, 2, 2, 3, 3, 3, 3, 2, 2, 2, 2, 2, 1, 1, 4, 7, 7, 7, 4, 5, 5, 38, 38, 38, 38, 17, 12]","[1, 1, 1, 1, 2, 2, 3, 3, 3, 3, 2, 2, 2, 2, 2, 1, 1, 4, 7, 7, 7, 4, 5, 5, 38, 38, 38, 38, 17, 12]","11","11","11"
"489","81","91","30","True","True","81","91","30","True","True","81","91","30","True","True","0.0","0.0","11","11","11","39","39","39","[1, 2, 3, 7, 7, 7, 3, 3, 3, 3, 2, 8, 8, 8, 8, 8, 16, 18, 18, 16, 11, 27, 30, 30, 30, 11, 1, 1, 1, 1]","[1, 2, 3, 7, 7, 7, 3, 3, 3, 3, 2, 8, 8, 8, 8, 8, 16, 18, 18, 16, 11, 27, 30, 30, 30, 11, 1, 1, 1, 1]","[1, 2, 3, 7, 7, 7, 3, 3, 3, 3, 2, 8, 8, 8, 8, 8, 16, 18, 18, 16, 11, 27, 30, 30, 30, 11, 1, 1, 1, 1]","11","11","11"
"490","95","108","35","True","True","95","108","35","True","True","95","108","35","True","True","0.0","0.0","13","13","13","47","47","47","[1, 1, 1, 2, 2, 2, 2, 1, 1, 1, 1, 1, 1, 1, 1, 1, 1, 1, 2, 2, 1, 2, 4, 4, 8, 8, 4, 10, 10, 9, 2, 2, 3, 3, 3]","[1, 1, 1, 2, 2, 2, 2, 1, 1, 1, 1, 1, 1, 1, 1, 1, 1, 1, 2, 2, 1, 2, 4, 4, 8, 8, 4, 10, 10, 9, 2, 2, 3, 3, 3]","[1, 1, 1, 2, 2, 2, 2, 1, 1, 1, 1, 1, 1, 1, 1, 1, 1, 1, 2, 2, 1, 2, 4, 4, 8, 8, 4, 10, 10, 9, 2, 2, 3, 3, 3]","13","13","13"
"491","95","108","35","True","True","95","108","35","True","True","95","108","35","True","True","0.0","0.0","13","13","13","47","47","47","[1, 2, 3, 3, 3, 2, 2, 2, 3, 3, 3, 3, 3, 3, 3, 3, 3, 2, 1, 4, 4, 4, 4, 1, 1, 1, 5, 10, 23, 29, 29, 27, 10, 8, 8]","[1, 2, 3, 3, 3, 2, 2, 2, 3, 3, 3, 3, 3, 3, 3, 3, 3, 2, 1, 4, 4, 4, 4, 1, 1, 1, 5, 10, 23, 29, 29, 27, 10, 8, 8]","[1, 2, 3, 3, 3, 2, 2, 2, 3, 3, 3, 3, 3, 3, 3, 3, 3, 2, 1, 4, 4, 4, 4, 1, 1, 1, 5, 10, 23, 29, 29, 27, 10, 8, 8]","13","13","13"
"492","102","120","35","True","False","91","101","35","True","True","101","120","35","True","False","0.0","0.06820229358563479","15","11","15","51","44","51","[1, 1, 1, 1, 1, 4, 4, 8, 9, 9, 9, 9, 9, 8, 8, 8, 8, 4, 4, 27, 28, 29, 34, 34, 34, 34, 42, 42, 16, 2, 2, 1, 1, 1, 1]","[1, 1, 1, 1, 1, 1, 1, 1, 1, 1, 1, 3, 3, 3, 3, 6, 6, 6, 6, 6, 7, 7, 7, 7, 7, 12, 21, 22, 23, 26, 26, 26, 26, 32, 32]","[1, 1, 1, 1, 1, 3, 3, 6, 7, 7, 7, 7, 7, 6, 6, 6, 6, 3, 3, 21, 22, 23, 26, 26, 26, 26, 32, 32, 12, 1, 1, 1, 1, 1, 1]","15","11","15"
"493","102","120","35","True","False","83","89","35","True","True","101","119","35","True","False","0.003826957749403004","0.11329041169956988","15","7","15","51","40","50","[1, 1, 1, 1, 1, 1, 1, 2, 2, 1, 3, 3, 1, 1, 1, 1, 1, 2, 2, 3, 3, 3, 5, 5, 5, 9, 12, 12, 12, 12, 7, 4, 9, 9, 9]","[1, 1, 1, 1, 1, 1, 1, 1, 1, 1, 1, 1, 1, 2, 2, 2, 2, 3, 3, 3, 3, 3, 4, 5, 5, 5, 7, 9, 9, 9, 9, 12, 12, 12, 12]","[1, 1, 1, 1, 1, 1, 1, 2, 2, 1, 3, 3, 1, 1, 1, 1, 1, 2, 2, 3, 3, 3, 5, 5, 5, 9, 12, 12, 12, 12, 7, 4, 9, 9, 9]","15","7","15"
"494","100","118","35","True","True","100","118","35","True","True","100","118","35","True","True","0.0","0.0","13","13","13","51","51","51","[1, 1, 1, 1, 1, 1, 1, 1, 3, 3, 3, 3, 1, 1, 1, 2, 2, 3, 3, 3, 3, 3, 6, 8, 8, 6, 3, 3, 9, 14, 14, 12, 12, 12, 12]","[1, 1, 1, 1, 1, 1, 1, 1, 3, 3, 3, 3, 1, 1, 1, 2, 2, 3, 3, 3, 3, 3, 6, 8, 8, 6, 3, 3, 9, 14, 14, 12, 12, 12, 12]","[1, 1, 1, 1, 1, 1, 1, 1, 3, 3, 3, 3, 1, 1, 1, 2, 2, 3, 3, 3, 3, 3, 6, 8, 8, 6, 3, 3, 9, 14, 14, 12, 12, 12, 12]","13","13","13"
"495","95","107","35","True","True","95","107","35","True","True","95","107","35","True","True","0.0","0.0","13","13","13","46","46","46","[1, 1, 1, 1, 1, 1, 1, 2, 2, 1, 1, 3, 5, 5, 5, 5, 5, 5, 2, 3, 3, 3, 3, 10, 10, 6, 4, 4, 5, 5, 2, 7, 7, 7, 2]","[1, 1, 1, 1, 1, 1, 1, 2, 2, 1, 1, 3, 5, 5, 5, 5, 5, 5, 2, 3, 3, 3, 3, 10, 10, 6, 4, 4, 5, 5, 2, 7, 7, 7, 2]","[1, 1, 1, 1, 1, 1, 1, 2, 2, 1, 1, 3, 5, 5, 5, 5, 5, 5, 2, 3, 3, 3, 3, 10, 10, 6, 4, 4, 5, 5, 2, 7, 7, 7, 2]","13","13","13"
"496","95","107","35","True","True","95","107","35","True","True","95","107","35","True","True","0.0","0.0","13","13","13","46","46","46","[1, 1, 1, 1, 1, 1, 1, 1, 1, 2, 2, 2, 2, 1, 1, 2, 3, 3, 3, 3, 2, 4, 6, 8, 12, 12, 12, 6, 1, 1, 6, 14, 14, 5, 5]","[1, 1, 1, 1, 1, 1, 1, 1, 1, 2, 2, 2, 2, 1, 1, 2, 3, 3, 3, 3, 2, 4, 6, 8, 12, 12, 12, 6, 1, 1, 6, 14, 14, 5, 5]","[1, 1, 1, 1, 1, 1, 1, 1, 1, 2, 2, 2, 2, 1, 1, 2, 3, 3, 3, 3, 2, 4, 6, 8, 12, 12, 12, 6, 1, 1, 6, 14, 14, 5, 5]","13","13","13"
"497","95","108","35","True","True","95","108","35","True","True","95","108","35","True","True","0.0","0.0","13","13","13","47","47","47","[1, 1, 1, 1, 1, 1, 1, 1, 1, 1, 1, 2, 3, 3, 4, 4, 2, 2, 2, 3, 3, 1, 5, 7, 7, 7, 9, 9, 12, 12, 9, 5, 5, 1, 1]","[1, 1, 1, 1, 1, 1, 1, 1, 1, 1, 1, 2, 3, 3, 4, 4, 2, 2, 2, 3, 3, 1, 5, 7, 7, 7, 9, 9, 12, 12, 9, 5, 5, 1, 1]","[1, 1, 1, 1, 1, 1, 1, 1, 1, 1, 1, 2, 3, 3, 4, 4, 2, 2, 2, 3, 3, 1, 5, 7, 7, 7, 9, 9, 12, 12, 9, 5, 5, 1, 1]","13","13","13"
"498","95","108","35","True","True","95","108","35","True","True","95","108","35","True","True","0.0","0.0","13","13","13","47","47","47","[1, 1, 1, 1, 1, 1, 1, 1, 2, 3, 3, 3, 3, 7, 7, 7, 3, 4, 4, 7, 7, 9, 9, 16, 16, 16, 16, 5, 5, 2, 2, 6, 6, 6, 2]","[1, 1, 1, 1, 1, 1, 1, 1, 2, 3, 3, 3, 3, 7, 7, 7, 3, 4, 4, 7, 7, 9, 9, 16, 16, 16, 16, 5, 5, 2, 2, 6, 6, 6, 2]","[1, 1, 1, 1, 1, 1, 1, 1, 2, 3, 3, 3, 3, 7, 7, 7, 3, 4, 4, 7, 7, 9, 9, 16, 16, 16, 16, 5, 5, 2, 2, 6, 6, 6, 2]","13","13","13"
"499","108","126","35","True","False","95","107","35","True","True","101","113","35","True","False","0.03463431683466822","0.06542219961264228","19","13","13","53","46","46","[1, 1, 1, 1, 33, 1, 1, 1, 3, 3, 1, 2, 6, 6, 6, 12, 12, 15, 15, 15, 15, 15, 15, 16, 47, 62, 62, 47, 47, 49, 49, 49, 15, 3, 1]","[1, 1, 1, 1, 1, 1, 1, 1, 1, 2, 3, 3, 3, 6, 6, 6, 12, 12, 15, 15, 15, 15, 15, 15, 15, 16, 33, 47, 47, 47, 49, 49, 49, 62, 62]","[1, 1, 1, 1, 30, 1, 1, 1, 3, 3, 1, 2, 6, 6, 6, 12, 12, 15, 15, 15, 15, 15, 15, 15, 45, 60, 60, 45, 45, 45, 45, 45, 15, 3, 1]","19","13","13"
"500","95","108","35","True","True","95","108","35","True","True","95","108","35","True","True","0.0","0.0","13","13","13","47","47","47","[1, 1, 1, 1, 1, 1, 2, 2, 3, 3, 1, 1, 1, 3, 5, 5, 3, 2, 1, 6, 6, 7, 7, 6, 4, 4, 2, 2, 2, 7, 7, 7, 7, 7, 1]","[1, 1, 1, 1, 1, 1, 2, 2, 3, 3, 1, 1, 1, 3, 5, 5, 3, 2, 1, 6, 6, 7, 7, 6, 4, 4, 2, 2, 2, 7, 7, 7, 7, 7, 1]","[1, 1, 1, 1, 1, 1, 2, 2, 3, 3, 1, 1, 1, 3, 5, 5, 3, 2, 1, 6, 6, 7, 7, 6, 4, 4, 2, 2, 2, 7, 7, 7, 7, 7, 1]","13","13","13"
"501","102","120","35","True","False","89","98","35","True","True","101","119","35","True","False","0.004391355390180762","0.07926730385237035","15","10","15","51","43","50","[1, 1, 2, 2, 2, 2, 2, 4, 6, 6, 6, 6, 6, 6, 6, 2, 2, 2, 37, 37, 4, 6, 14, 14, 15, 15, 21, 21, 6, 4, 4, 4, 1, 1, 1]","[1, 1, 1, 1, 1, 2, 2, 2, 2, 2, 2, 2, 2, 4, 4, 4, 4, 4, 6, 6, 6, 6, 6, 6, 6, 6, 6, 14, 14, 15, 15, 21, 21, 37, 37]","[1, 1, 2, 2, 2, 2, 2, 4, 6, 6, 6, 6, 6, 6, 6, 2, 2, 2, 37, 37, 4, 6, 14, 14, 15, 15, 21, 21, 6, 4, 4, 4, 1, 1, 1]","15","10","15"
"502","95","107","35","True","True","95","107","35","True","True","95","107","35","True","True","0.0","0.0","13","13","13","46","46","46","[1, 1, 1, 1, 1, 1, 1, 1, 2, 2, 2, 1, 1, 1, 2, 2, 2, 2, 2, 2, 4, 6, 6, 7, 13, 13, 6, 6, 6, 6, 7, 10, 10, 10, 1]","[1, 1, 1, 1, 1, 1, 1, 1, 2, 2, 2, 1, 1, 1, 2, 2, 2, 2, 2, 2, 4, 6, 6, 7, 13, 13, 6, 6, 6, 6, 7, 10, 10, 10, 1]","[1, 1, 1, 1, 1, 1, 1, 1, 2, 2, 2, 1, 1, 1, 2, 2, 2, 2, 2, 2, 4, 6, 6, 7, 13, 13, 6, 6, 6, 6, 7, 10, 10, 10, 1]","13","13","13"
"503","100","118","35","True","True","100","118","35","True","True","100","118","35","True","True","0.0","0.0","13","13","13","51","51","51","[1, 1, 1, 1, 1, 1, 2, 2, 2, 2, 2, 2, 2, 2, 4, 10, 10, 4, 3, 5, 5, 5, 5, 4, 6, 6, 2, 2, 4, 8, 8, 3, 3, 3, 1]","[1, 1, 1, 1, 1, 1, 2, 2, 2, 2, 2, 2, 2, 2, 4, 10, 10, 4, 3, 5, 5, 5, 5, 4, 6, 6, 2, 2, 4, 8, 8, 3, 3, 3, 1]","[1, 1, 1, 1, 1, 1, 2, 2, 2, 2, 2, 2, 2, 2, 4, 10, 10, 4, 3, 5, 5, 5, 5, 4, 6, 6, 2, 2, 4, 8, 8, 3, 3, 3, 1]","13","13","13"
"504","100","118","35","True","True","100","118","35","True","True","100","118","35","True","True","0.0","0.0","13","13","13","51","51","51","[1, 1, 1, 1, 2, 2, 2, 2, 2, 4, 4, 4, 4, 2, 2, 7, 9, 9, 9, 9, 7, 7, 7, 2, 9, 9, 1, 1, 1, 3, 3, 1, 1, 1, 1]","[1, 1, 1, 1, 2, 2, 2, 2, 2, 4, 4, 4, 4, 2, 2, 7, 9, 9, 9, 9, 7, 7, 7, 2, 9, 9, 1, 1, 1, 3, 3, 1, 1, 1, 1]","[1, 1, 1, 1, 2, 2, 2, 2, 2, 4, 4, 4, 4, 2, 2, 7, 9, 9, 9, 9, 7, 7, 7, 2, 9, 9, 1, 1, 1, 3, 3, 1, 1, 1, 1]","13","13","13"
"505","95","107","35","True","True","95","107","35","True","True","95","107","35","True","True","0.0","0.0","13","13","13","46","46","46","[1, 1, 2, 2, 2, 2, 1, 1, 3, 5, 5, 5, 4, 4, 2, 6, 7, 7, 4, 4, 3, 3, 7, 7, 2, 8, 8, 8, 2, 1, 1, 1, 1, 1, 1]","[1, 1, 2, 2, 2, 2, 1, 1, 3, 5, 5, 5, 4, 4, 2, 6, 7, 7, 4, 4, 3, 3, 7, 7, 2, 8, 8, 8, 2, 1, 1, 1, 1, 1, 1]","[1, 1, 2, 2, 2, 2, 1, 1, 3, 5, 5, 5, 4, 4, 2, 6, 7, 7, 4, 4, 3, 3, 7, 7, 2, 8, 8, 8, 2, 1, 1, 1, 1, 1, 1]","13","13","13"
"506","95","108","35","True","True","95","108","35","True","True","95","108","35","True","True","0.0","0.0","13","13","13","47","47","47","[1, 1, 1, 1, 1, 2, 2, 1, 1, 1, 1, 2, 2, 1, 1, 4, 5, 5, 6, 6, 6, 6, 5, 6, 6, 5, 5, 5, 9, 9, 10, 10, 5, 5, 4]","[1, 1, 1, 1, 1, 2, 2, 1, 1, 1, 1, 2, 2, 1, 1, 4, 5, 5, 6, 6, 6, 6, 5, 6, 6, 5, 5, 5, 9, 9, 10, 10, 5, 5, 4]","[1, 1, 1, 1, 1, 2, 2, 1, 1, 1, 1, 2, 2, 1, 1, 4, 5, 5, 6, 6, 6, 6, 5, 6, 6, 5, 5, 5, 9, 9, 10, 10, 5, 5, 4]","13","13","13"
"507","95","108","35","True","True","95","108","35","True","True","95","108","35","True","True","0.0","0.0","13","13","13","47","47","47","[1, 1, 1, 1, 1, 1, 1, 2, 3, 3, 3, 2, 1, 1, 1, 1, 1, 3, 9, 9, 10, 10, 10, 9, 4, 4, 4, 4, 2, 2, 3, 12, 12, 12, 1]","[1, 1, 1, 1, 1, 1, 1, 2, 3, 3, 3, 2, 1, 1, 1, 1, 1, 3, 9, 9, 10, 10, 10, 9, 4, 4, 4, 4, 2, 2, 3, 12, 12, 12, 1]","[1, 1, 1, 1, 1, 1, 1, 2, 3, 3, 3, 2, 1, 1, 1, 1, 1, 3, 9, 9, 10, 10, 10, 9, 4, 4, 4, 4, 2, 2, 3, 12, 12, 12, 1]","13","13","13"
"508","95","107","35","True","True","95","107","35","True","True","95","107","35","True","True","0.0","0.0","13","13","13","46","46","46","[1, 1, 1, 1, 1, 1, 2, 2, 2, 2, 4, 4, 5, 9, 9, 5, 5, 5, 5, 5, 5, 5, 7, 12, 12, 10, 10, 10, 10, 14, 19, 29, 29, 29, 29]","[1, 1, 1, 1, 1, 1, 2, 2, 2, 2, 4, 4, 5, 9, 9, 5, 5, 5, 5, 5, 5, 5, 7, 12, 12, 10, 10, 10, 10, 14, 19, 29, 29, 29, 29]","[1, 1, 1, 1, 1, 1, 2, 2, 2, 2, 4, 4, 5, 9, 9, 5, 5, 5, 5, 5, 5, 5, 7, 12, 12, 10, 10, 10, 10, 14, 19, 29, 29, 29, 29]","13","13","13"
"509","100","117","35","True","True","100","117","35","True","True","100","117","35","True","True","0.0","0.0","13","13","13","50","50","50","[1, 1, 1, 1, 1, 1, 2, 2, 2, 3, 3, 1, 1, 1, 1, 5, 8, 8, 9, 9, 5, 7, 7, 7, 4, 4, 4, 4, 4, 4, 4, 1, 1, 1, 1]","[1, 1, 1, 1, 1, 1, 2, 2, 2, 3, 3, 1, 1, 1, 1, 5, 8, 8, 9, 9, 5, 7, 7, 7, 4, 4, 4, 4, 4, 4, 4, 1, 1, 1, 1]","[1, 1, 1, 1, 1, 1, 2, 2, 2, 3, 3, 1, 1, 1, 1, 5, 8, 8, 9, 9, 5, 7, 7, 7, 4, 4, 4, 4, 4, 4, 4, 1, 1, 1, 1]","13","13","13"
"510","95","108","35","True","True","95","108","35","True","True","95","108","35","True","True","0.0","0.0","13","13","13","47","47","47","[1, 1, 1, 1, 1, 1, 1, 1, 2, 2, 2, 1, 1, 2, 2, 4, 7, 8, 8, 2, 3, 11, 11, 2, 1, 1, 2, 2, 1, 10, 11, 11, 8, 8, 1]","[1, 1, 1, 1, 1, 1, 1, 1, 2, 2, 2, 1, 1, 2, 2, 4, 7, 8, 8, 2, 3, 11, 11, 2, 1, 1, 2, 2, 1, 10, 11, 11, 8, 8, 1]","[1, 1, 1, 1, 1, 1, 1, 1, 2, 2, 2, 1, 1, 2, 2, 4, 7, 8, 8, 2, 3, 11, 11, 2, 1, 1, 2, 2, 1, 10, 11, 11, 8, 8, 1]","13","13","13"
"511","95","108","35","True","True","95","108","35","True","True","95","108","35","True","True","0.0","0.0","13","13","13","47","47","47","[1, 1, 1, 1, 1, 1, 1, 2, 3, 3, 3, 1, 2, 2, 2, 2, 2, 2, 4, 4, 4, 8, 8, 4, 4, 4, 4, 4, 4, 9, 9, 7, 7, 4, 4]","[1, 1, 1, 1, 1, 1, 1, 2, 3, 3, 3, 1, 2, 2, 2, 2, 2, 2, 4, 4, 4, 8, 8, 4, 4, 4, 4, 4, 4, 9, 9, 7, 7, 4, 4]","[1, 1, 1, 1, 1, 1, 1, 2, 3, 3, 3, 1, 2, 2, 2, 2, 2, 2, 4, 4, 4, 8, 8, 4, 4, 4, 4, 4, 4, 9, 9, 7, 7, 4, 4]","13","13","13"
"512","95","108","35","True","True","95","108","35","True","True","95","108","35","True","True","0.0","0.0","13","13","13","47","47","47","[1, 1, 1, 1, 2, 2, 2, 2, 4, 7, 7, 7, 7, 7, 7, 7, 7, 7, 9, 9, 8, 8, 8, 22, 22, 7, 23, 23, 10, 10, 5, 5, 2, 2, 2]","[1, 1, 1, 1, 2, 2, 2, 2, 4, 7, 7, 7, 7, 7, 7, 7, 7, 7, 9, 9, 8, 8, 8, 22, 22, 7, 23, 23, 10, 10, 5, 5, 2, 2, 2]","[1, 1, 1, 1, 2, 2, 2, 2, 4, 7, 7, 7, 7, 7, 7, 7, 7, 7, 9, 9, 8, 8, 8, 22, 22, 7, 23, 23, 10, 10, 5, 5, 2, 2, 2]","13","13","13"
"513","102","120","35","True","False","79","83","35","True","True","101","120","35","True","False","0.0","0.136717104225769","15","5","15","51","38","51","[1, 1, 2, 2, 2, 21, 3, 3, 6, 7, 7, 6, 6, 9, 11, 11, 11, 9, 3, 3, 3, 3, 2, 5, 21, 21, 5, 2, 2, 2, 2, 2, 2, 2, 1]","[1, 1, 1, 1, 1, 1, 1, 1, 1, 1, 1, 1, 1, 1, 1, 1, 1, 1, 1, 1, 2, 2, 2, 2, 2, 3, 3, 4, 4, 5, 5, 5, 9, 9, 9]","[1, 1, 1, 1, 1, 9, 1, 1, 2, 2, 2, 3, 3, 4, 5, 5, 5, 4, 1, 1, 1, 1, 1, 2, 9, 9, 2, 1, 1, 1, 1, 1, 1, 1, 1]","15","5","15"
"514","102","120","35","True","False","85","92","35","True","True","101","119","35","True","False","0.003826957749403004","0.10180616685054733","15","8","15","51","41","50","[1, 3, 3, 3, 3, 3, 6, 7, 13, 13, 13, 13, 10, 3, 6, 6, 6, 6, 1, 1, 16, 16, 16, 1, 2, 2, 1, 1, 9, 9, 1, 1, 1, 1, 1]","[1, 1, 1, 1, 1, 1, 1, 1, 1, 1, 1, 2, 2, 3, 3, 3, 3, 3, 3, 6, 6, 6, 6, 6, 7, 9, 9, 10, 13, 13, 13, 13, 16, 16, 16]","[1, 3, 3, 3, 3, 3, 6, 7, 13, 13, 13, 13, 10, 3, 6, 6, 6, 6, 1, 1, 16, 16, 16, 1, 2, 2, 1, 1, 9, 9, 1, 1, 1, 1, 1]","15","8","15"
"515","95","108","35","True","True","95","108","35","True","True","95","108","35","True","True","0.0","0.0","13","13","13","47","47","47","[1, 1, 1, 1, 1, 1, 1, 1, 1, 1, 1, 1, 1, 1, 2, 2, 4, 4, 4, 9, 9, 9, 9, 5, 5, 13, 13, 5, 4, 3, 3, 1, 1, 1, 1]","[1, 1, 1, 1, 1, 1, 1, 1, 1, 1, 1, 1, 1, 1, 2, 2, 4, 4, 4, 9, 9, 9, 9, 5, 5, 13, 13, 5, 4, 3, 3, 1, 1, 1, 1]","[1, 1, 1, 1, 1, 1, 1, 1, 1, 1, 1, 1, 1, 1, 2, 2, 4, 4, 4, 9, 9, 9, 9, 5, 5, 13, 13, 5, 4, 3, 3, 1, 1, 1, 1]","13","13","13"
"516","95","108","35","True","True","95","108","35","True","True","95","108","35","True","True","0.0","0.0","13","13","13","47","47","47","[1, 1, 1, 3, 3, 3, 3, 3, 3, 3, 3, 3, 4, 4, 4, 4, 5, 5, 5, 8, 16, 16, 5, 5, 2, 6, 6, 4, 4, 4, 12, 12, 1, 1, 1]","[1, 1, 1, 3, 3, 3, 3, 3, 3, 3, 3, 3, 4, 4, 4, 4, 5, 5, 5, 8, 16, 16, 5, 5, 2, 6, 6, 4, 4, 4, 12, 12, 1, 1, 1]","[1, 1, 1, 3, 3, 3, 3, 3, 3, 3, 3, 3, 4, 4, 4, 4, 5, 5, 5, 8, 16, 16, 5, 5, 2, 6, 6, 4, 4, 4, 12, 12, 1, 1, 1]","13","13","13"
"517","95","108","35","True","True","95","108","35","True","True","95","108","35","True","True","0.0","0.0","13","13","13","47","47","47","[1, 1, 1, 1, 2, 2, 2, 2, 1, 1, 1, 2, 3, 3, 3, 3, 3, 3, 3, 3, 6, 6, 3, 4, 10, 10, 4, 1, 2, 2, 3, 3, 3, 3, 3]","[1, 1, 1, 1, 2, 2, 2, 2, 1, 1, 1, 2, 3, 3, 3, 3, 3, 3, 3, 3, 6, 6, 3, 4, 10, 10, 4, 1, 2, 2, 3, 3, 3, 3, 3]","[1, 1, 1, 1, 2, 2, 2, 2, 1, 1, 1, 2, 3, 3, 3, 3, 3, 3, 3, 3, 6, 6, 3, 4, 10, 10, 4, 1, 2, 2, 3, 3, 3, 3, 3]","13","13","13"
"518","108","126","35","True","False","101","116","35","True","True","97","106","35","True","True","0.05542741952229446","0.03433510999971323","19","16","10","53","49","43","[1, 1, 2, 2, 2, 2, 2, 2, 5, 5, 5, 7, 14, 14, 21, 70, 21, 21, 14, 56, 59, 80, 80, 59, 14, 7, 21, 21, 4, 4, 2, 22, 22, 22, 1]","[1, 1, 1, 2, 2, 2, 2, 2, 2, 2, 4, 4, 5, 5, 5, 7, 7, 14, 14, 14, 14, 21, 21, 21, 21, 21, 22, 22, 22, 56, 59, 59, 70, 80, 80]","[1, 1, 2, 2, 2, 2, 2, 2, 5, 5, 5, 7, 14, 14, 14, 42, 14, 14, 14, 42, 42, 56, 56, 42, 14, 7, 14, 14, 4, 4, 2, 14, 14, 14, 1]","19","16","10"
"519","95","108","35","True","True","95","108","35","True","True","95","108","35","True","True","0.0","0.0","13","13","13","47","47","47","[1, 1, 1, 1, 1, 1, 1, 1, 1, 1, 1, 1, 1, 4, 4, 4, 4, 3, 3, 1, 1, 1, 1, 1, 2, 2, 1, 7, 10, 10, 14, 14, 14, 1, 1]","[1, 1, 1, 1, 1, 1, 1, 1, 1, 1, 1, 1, 1, 4, 4, 4, 4, 3, 3, 1, 1, 1, 1, 1, 2, 2, 1, 7, 10, 10, 14, 14, 14, 1, 1]","[1, 1, 1, 1, 1, 1, 1, 1, 1, 1, 1, 1, 1, 4, 4, 4, 4, 3, 3, 1, 1, 1, 1, 1, 2, 2, 1, 7, 10, 10, 14, 14, 14, 1, 1]","13","13","13"
"520","108","126","35","True","False","89","98","35","True","True","99","110","35","True","True","0.04027346452462888","0.0975795601968682","19","10","9","53","43","47","[1, 1, 1, 1, 1, 1, 1, 1, 41, 41, 41, 1, 1, 1, 1, 2, 5, 7, 7, 5, 4, 30, 34, 34, 31, 31, 33, 33, 1, 1, 2, 2, 2, 2, 1]","[1, 1, 1, 1, 1, 1, 1, 1, 1, 1, 1, 1, 1, 1, 1, 1, 2, 2, 2, 2, 2, 3, 3, 4, 4, 17, 18, 18, 19, 19, 19, 19, 25, 25, 25]","[1, 1, 1, 1, 1, 1, 1, 1, 15, 15, 15, 1, 1, 1, 1, 1, 3, 3, 3, 3, 2, 12, 12, 12, 12, 12, 12, 12, 1, 1, 2, 2, 2, 2, 1]","19","10","9"
"521","102","120","35","True","False","89","98","35","True","True","101","120","35","True","False","0.0","0.07926730385237035","15","10","15","51","43","51","[1, 1, 1, 1, 1, 1, 1, 1, 1, 2, 3, 3, 23, 23, 23, 2, 2, 2, 3, 4, 5, 5, 5, 12, 12, 14, 14, 7, 10, 10, 6, 3, 3, 2, 2]","[1, 1, 1, 1, 1, 1, 1, 1, 1, 2, 2, 2, 2, 2, 2, 2, 2, 2, 3, 3, 3, 4, 4, 4, 5, 6, 9, 9, 10, 10, 12, 12, 20, 20, 20]","[1, 1, 1, 1, 1, 1, 1, 1, 1, 2, 3, 3, 20, 20, 20, 2, 2, 2, 2, 3, 4, 4, 4, 10, 10, 12, 12, 6, 9, 9, 5, 2, 2, 2, 2]","15","10","15"
"522","95","107","35","True","True","95","107","35","True","True","95","107","35","True","True","0.0","0.0","13","13","13","46","46","46","[1, 1, 1, 1, 1, 2, 2, 2, 5, 5, 6, 6, 6, 6, 6, 6, 6, 6, 12, 19, 25, 25, 25, 12, 12, 6, 5, 3, 9, 9, 14, 14, 1, 1, 1]","[1, 1, 1, 1, 1, 2, 2, 2, 5, 5, 6, 6, 6, 6, 6, 6, 6, 6, 12, 19, 25, 25, 25, 12, 12, 6, 5, 3, 9, 9, 14, 14, 1, 1, 1]","[1, 1, 1, 1, 1, 2, 2, 2, 5, 5, 6, 6, 6, 6, 6, 6, 6, 6, 12, 19, 25, 25, 25, 12, 12, 6, 5, 3, 9, 9, 14, 14, 1, 1, 1]","13","13","13"
"523","102","120","35","True","False","93","104","35","True","True","101","120","35","True","False","0.0","0.057267146216458675","15","12","15","51","45","51","[1, 1, 1, 1, 1, 1, 2, 4, 4, 6, 6, 6, 6, 6, 6, 6, 6, 6, 6, 6, 3, 9, 24, 24, 18, 14, 41, 41, 41, 41, 56, 56, 1, 1, 1]","[1, 1, 1, 1, 1, 1, 1, 1, 1, 2, 3, 3, 3, 6, 6, 6, 6, 6, 6, 6, 6, 6, 6, 6, 9, 14, 18, 24, 24, 41, 41, 41, 41, 56, 56]","[1, 1, 1, 1, 1, 1, 2, 3, 3, 6, 6, 6, 6, 6, 6, 6, 6, 6, 6, 6, 3, 9, 24, 24, 18, 14, 41, 41, 41, 41, 56, 56, 1, 1, 1]","15","12","15"
"524","95","107","35","True","True","95","107","35","True","True","95","107","35","True","True","0.0","0.0","13","13","13","46","46","46","[1, 1, 1, 1, 1, 1, 1, 1, 1, 1, 2, 4, 4, 12, 16, 16, 12, 13, 13, 13, 13, 13, 12, 12, 12, 14, 15, 15, 15, 6, 6, 6, 3, 1, 1]","[1, 1, 1, 1, 1, 1, 1, 1, 1, 1, 2, 4, 4, 12, 16, 16, 12, 13, 13, 13, 13, 13, 12, 12, 12, 14, 15, 15, 15, 6, 6, 6, 3, 1, 1]","[1, 1, 1, 1, 1, 1, 1, 1, 1, 1, 2, 4, 4, 12, 16, 16, 12, 13, 13, 13, 13, 13, 12, 12, 12, 14, 15, 15, 15, 6, 6, 6, 3, 1, 1]","13","13","13"
"525","100","118","35","True","True","100","118","35","True","True","100","118","35","True","True","0.0","0.0","13","13","13","51","51","51","[1, 1, 1, 1, 1, 1, 1, 1, 1, 1, 3, 3, 3, 6, 6, 6, 9, 9, 3, 3, 3, 5, 8, 19, 19, 18, 18, 28, 28, 28, 28, 27, 2, 1, 1]","[1, 1, 1, 1, 1, 1, 1, 1, 1, 1, 3, 3, 3, 6, 6, 6, 9, 9, 3, 3, 3, 5, 8, 19, 19, 18, 18, 28, 28, 28, 28, 27, 2, 1, 1]","[1, 1, 1, 1, 1, 1, 1, 1, 1, 1, 3, 3, 3, 6, 6, 6, 9, 9, 3, 3, 3, 5, 8, 19, 19, 18, 18, 28, 28, 28, 28, 27, 2, 1, 1]","13","13","13"
"526","95","107","35","True","True","95","107","35","True","True","95","107","35","True","True","0.0","0.0","13","13","13","46","46","46","[1, 1, 1, 1, 1, 1, 1, 2, 3, 4, 4, 4, 4, 4, 2, 1, 1, 1, 1, 1, 4, 10, 10, 20, 20, 8, 2, 3, 3, 3, 3, 2, 1, 1, 1]","[1, 1, 1, 1, 1, 1, 1, 2, 3, 4, 4, 4, 4, 4, 2, 1, 1, 1, 1, 1, 4, 10, 10, 20, 20, 8, 2, 3, 3, 3, 3, 2, 1, 1, 1]","[1, 1, 1, 1, 1, 1, 1, 2, 3, 4, 4, 4, 4, 4, 2, 1, 1, 1, 1, 1, 4, 10, 10, 20, 20, 8, 2, 3, 3, 3, 3, 2, 1, 1, 1]","13","13","13"
"527","95","108","35","True","True","95","108","35","True","True","95","108","35","True","True","0.0","0.0","13","13","13","47","47","47","[1, 1, 1, 1, 1, 1, 2, 3, 3, 1, 2, 3, 3, 6, 6, 15, 15, 15, 15, 15, 12, 16, 16, 15, 12, 15, 16, 16, 16, 16, 16, 2, 2, 2, 2]","[1, 1, 1, 1, 1, 1, 2, 3, 3, 1, 2, 3, 3, 6, 6, 15, 15, 15, 15, 15, 12, 16, 16, 15, 12, 15, 16, 16, 16, 16, 16, 2, 2, 2, 2]","[1, 1, 1, 1, 1, 1, 2, 3, 3, 1, 2, 3, 3, 6, 6, 15, 15, 15, 15, 15, 12, 16, 16, 15, 12, 15, 16, 16, 16, 16, 16, 2, 2, 2, 2]","13","13","13"
"528","95","108","35","True","True","95","108","35","True","True","95","108","35","True","True","0.0","0.0","13","13","13","47","47","47","[1, 1, 1, 1, 1, 1, 1, 2, 2, 2, 2, 2, 2, 2, 2, 2, 2, 1, 1, 5, 5, 5, 1, 3, 3, 4, 6, 15, 15, 3, 3, 3, 3, 2, 2]","[1, 1, 1, 1, 1, 1, 1, 2, 2, 2, 2, 2, 2, 2, 2, 2, 2, 1, 1, 5, 5, 5, 1, 3, 3, 4, 6, 15, 15, 3, 3, 3, 3, 2, 2]","[1, 1, 1, 1, 1, 1, 1, 2, 2, 2, 2, 2, 2, 2, 2, 2, 2, 1, 1, 5, 5, 5, 1, 3, 3, 4, 6, 15, 15, 3, 3, 3, 3, 2, 2]","13","13","13"
"529","95","108","35","True","True","95","108","35","True","True","95","108","35","True","True","0.0","0.0","13","13","13","47","47","47","[1, 1, 1, 2, 2, 2, 2, 2, 2, 2, 2, 2, 2, 4, 5, 5, 5, 5, 5, 5, 2, 6, 6, 1, 16, 23, 23, 16, 6, 8, 8, 8, 8, 8, 6]","[1, 1, 1, 2, 2, 2, 2, 2, 2, 2, 2, 2, 2, 4, 5, 5, 5, 5, 5, 5, 2, 6, 6, 1, 16, 23, 23, 16, 6, 8, 8, 8, 8, 8, 6]","[1, 1, 1, 2, 2, 2, 2, 2, 2, 2, 2, 2, 2, 4, 5, 5, 5, 5, 5, 5, 2, 6, 6, 1, 16, 23, 23, 16, 6, 8, 8, 8, 8, 8, 6]","13","13","13"
"530","108","126","35","True","False","85","92","35","True","True","104","119","35","True","False","0.018779566084542343","0.11967015255291091","19","8","16","53","41","49","[1, 1, 1, 2, 2, 6, 11, 11, 6, 6, 3, 5, 5, 7, 7, 7, 7, 3, 2, 5, 5, 2, 2, 11, 4, 4, 9, 1, 2, 2, 4, 4, 2, 2, 2]","[1, 1, 1, 1, 2, 2, 2, 2, 2, 2, 2, 2, 2, 2, 3, 3, 4, 4, 4, 4, 5, 5, 5, 5, 6, 6, 6, 7, 7, 7, 7, 9, 11, 11, 11]","[1, 1, 1, 2, 2, 6, 10, 10, 6, 6, 3, 5, 5, 6, 6, 6, 6, 3, 2, 5, 5, 2, 2, 10, 4, 4, 8, 1, 1, 1, 3, 3, 1, 1, 1]","19","8","16"
"531","95","107","35","True","True","95","107","35","True","True","95","107","35","True","True","0.0","0.0","13","13","13","46","46","46","[1, 1, 1, 1, 1, 2, 2, 2, 2, 4, 4, 5, 5, 6, 15, 15, 6, 5, 5, 1, 2, 2, 2, 2, 3, 3, 3, 3, 3, 3, 10, 10, 1, 1, 1]","[1, 1, 1, 1, 1, 2, 2, 2, 2, 4, 4, 5, 5, 6, 15, 15, 6, 5, 5, 1, 2, 2, 2, 2, 3, 3, 3, 3, 3, 3, 10, 10, 1, 1, 1]","[1, 1, 1, 1, 1, 2, 2, 2, 2, 4, 4, 5, 5, 6, 15, 15, 6, 5, 5, 1, 2, 2, 2, 2, 3, 3, 3, 3, 3, 3, 10, 10, 1, 1, 1]","13","13","13"
"532","95","107","35","True","True","95","107","35","True","True","95","107","35","True","True","0.0","0.0","13","13","13","46","46","46","[1, 1, 1, 1, 1, 1, 2, 2, 2, 3, 3, 4, 4, 2, 2, 3, 3, 1, 1, 1, 2, 2, 2, 2, 2, 2, 4, 4, 1, 3, 11, 11, 8, 6, 6]","[1, 1, 1, 1, 1, 1, 2, 2, 2, 3, 3, 4, 4, 2, 2, 3, 3, 1, 1, 1, 2, 2, 2, 2, 2, 2, 4, 4, 1, 3, 11, 11, 8, 6, 6]","[1, 1, 1, 1, 1, 1, 2, 2, 2, 3, 3, 4, 4, 2, 2, 3, 3, 1, 1, 1, 2, 2, 2, 2, 2, 2, 4, 4, 1, 3, 11, 11, 8, 6, 6]","13","13","13"
"533","95","108","35","True","True","95","108","35","True","True","95","108","35","True","True","0.0","0.0","13","13","13","47","47","47","[1, 1, 1, 1, 1, 1, 3, 4, 4, 4, 4, 8, 8, 8, 5, 5, 4, 4, 4, 3, 3, 1, 5, 14, 14, 15, 27, 27, 23, 15, 15, 15, 15, 1, 1]","[1, 1, 1, 1, 1, 1, 3, 4, 4, 4, 4, 8, 8, 8, 5, 5, 4, 4, 4, 3, 3, 1, 5, 14, 14, 15, 27, 27, 23, 15, 15, 15, 15, 1, 1]","[1, 1, 1, 1, 1, 1, 3, 4, 4, 4, 4, 8, 8, 8, 5, 5, 4, 4, 4, 3, 3, 1, 5, 14, 14, 15, 27, 27, 23, 15, 15, 15, 15, 1, 1]","13","13","13"
"534","95","108","35","True","True","95","108","35","True","True","95","108","35","True","True","0.0","0.0","13","13","13","47","47","47","[1, 1, 1, 1, 1, 1, 1, 1, 1, 1, 1, 2, 2, 2, 7, 10, 10, 10, 11, 11, 10, 10, 7, 7, 7, 7, 6, 3, 24, 24, 24, 24, 2, 2, 2]","[1, 1, 1, 1, 1, 1, 1, 1, 1, 1, 1, 2, 2, 2, 7, 10, 10, 10, 11, 11, 10, 10, 7, 7, 7, 7, 6, 3, 24, 24, 24, 24, 2, 2, 2]","[1, 1, 1, 1, 1, 1, 1, 1, 1, 1, 1, 2, 2, 2, 7, 10, 10, 10, 11, 11, 10, 10, 7, 7, 7, 7, 6, 3, 24, 24, 24, 24, 2, 2, 2]","13","13","13"
"535","108","126","35","True","False","99","113","35","True","True","98","108","35","True","True","0.050230100362526175","0.04458507712871973","19","15","10","53","48","45","[1, 1, 1, 2, 2, 2, 3, 5, 5, 5, 5, 5, 11, 11, 11, 10, 21, 21, 7, 6, 17, 5, 5, 27, 27, 27, 54, 54, 120, 108, 108, 108, 3, 3, 3]","[1, 1, 1, 2, 2, 2, 3, 3, 3, 3, 5, 5, 5, 5, 5, 5, 5, 6, 7, 10, 11, 11, 11, 17, 21, 21, 27, 27, 27, 54, 54, 108, 108, 108, 120]","[1, 1, 1, 2, 2, 2, 3, 5, 5, 5, 5, 5, 5, 5, 5, 5, 10, 10, 5, 5, 15, 5, 5, 10, 10, 10, 20, 20, 50, 40, 40, 40, 3, 3, 3]","19","15","10"
"536","95","108","35","True","True","95","108","35","True","True","95","108","35","True","True","0.0","0.0","13","13","13","47","47","47","[1, 1, 2, 2, 2, 1, 3, 3, 3, 3, 3, 6, 6, 3, 3, 3, 3, 5, 5, 5, 5, 5, 1, 1, 1, 5, 5, 5, 13, 13, 13, 13, 10, 10, 1]","[1, 1, 2, 2, 2, 1, 3, 3, 3, 3, 3, 6, 6, 3, 3, 3, 3, 5, 5, 5, 5, 5, 1, 1, 1, 5, 5, 5, 13, 13, 13, 13, 10, 10, 1]","[1, 1, 2, 2, 2, 1, 3, 3, 3, 3, 3, 6, 6, 3, 3, 3, 3, 5, 5, 5, 5, 5, 1, 1, 1, 5, 5, 5, 13, 13, 13, 13, 10, 10, 1]","13","13","13"
"537","95","107","35","True","True","95","107","35","True","True","95","107","35","True","True","0.0","0.0","13","13","13","46","46","46","[1, 1, 1, 1, 1, 3, 3, 3, 3, 3, 3, 6, 6, 6, 3, 9, 9, 10, 10, 6, 18, 18, 19, 19, 19, 19, 31, 31, 22, 3, 3, 3, 3, 2, 1]","[1, 1, 1, 1, 1, 3, 3, 3, 3, 3, 3, 6, 6, 6, 3, 9, 9, 10, 10, 6, 18, 18, 19, 19, 19, 19, 31, 31, 22, 3, 3, 3, 3, 2, 1]","[1, 1, 1, 1, 1, 3, 3, 3, 3, 3, 3, 6, 6, 6, 3, 9, 9, 10, 10, 6, 18, 18, 19, 19, 19, 19, 31, 31, 22, 3, 3, 3, 3, 2, 1]","13","13","13"
"538","108","126","35","True","False","83","89","35","True","True","100","112","35","True","True","0.034642489495883666","0.13092598970393565","19","7","12","53","40","46","[1, 1, 1, 1, 1, 1, 14, 14, 14, 1, 1, 3, 4, 4, 4, 4, 17, 2, 2, 3, 3, 3, 11, 16, 16, 11, 11, 3, 3, 1, 9, 9, 9, 5, 1]","[1, 1, 1, 1, 1, 1, 1, 1, 1, 1, 2, 2, 2, 3, 3, 3, 3, 3, 3, 3, 3, 3, 4, 7, 7, 7, 10, 10, 10, 13, 13, 13, 13, 13, 15]","[1, 1, 1, 1, 1, 1, 6, 6, 6, 1, 1, 2, 2, 2, 2, 2, 7, 2, 2, 1, 1, 1, 5, 7, 7, 4, 4, 1, 1, 1, 4, 4, 4, 2, 1]","19","7","12"
"539","95","107","35","True","True","95","107","35","True","True","95","107","35","True","True","0.0","0.0","13","13","13","46","46","46","[1, 1, 1, 1, 2, 2, 2, 2, 2, 2, 2, 1, 3, 7, 7, 6, 13, 13, 13, 13, 12, 27, 27, 14, 14, 14, 1, 1, 1, 17, 17, 17, 31, 31, 31]","[1, 1, 1, 1, 2, 2, 2, 2, 2, 2, 2, 1, 3, 7, 7, 6, 13, 13, 13, 13, 12, 27, 27, 14, 14, 14, 1, 1, 1, 17, 17, 17, 31, 31, 31]","[1, 1, 1, 1, 2, 2, 2, 2, 2, 2, 2, 1, 3, 7, 7, 6, 13, 13, 13, 13, 12, 27, 27, 14, 14, 14, 1, 1, 1, 17, 17, 17, 31, 31, 31]","13","13","13"
"540","95","107","35","True","True","95","107","35","True","True","95","107","35","True","True","0.0","0.0","13","13","13","46","46","46","[1, 1, 1, 1, 1, 1, 2, 2, 2, 3, 4, 4, 4, 3, 4, 4, 4, 7, 7, 9, 13, 14, 14, 4, 3, 12, 12, 12, 12, 12, 4, 4, 1, 1, 1]","[1, 1, 1, 1, 1, 1, 2, 2, 2, 3, 4, 4, 4, 3, 4, 4, 4, 7, 7, 9, 13, 14, 14, 4, 3, 12, 12, 12, 12, 12, 4, 4, 1, 1, 1]","[1, 1, 1, 1, 1, 1, 2, 2, 2, 3, 4, 4, 4, 3, 4, 4, 4, 7, 7, 9, 13, 14, 14, 4, 3, 12, 12, 12, 12, 12, 4, 4, 1, 1, 1]","13","13","13"
"541","95","107","35","True","True","95","107","35","True","True","95","107","35","True","True","0.0","0.0","13","13","13","46","46","46","[1, 1, 1, 1, 1, 3, 3, 3, 3, 3, 1, 1, 5, 8, 8, 8, 9, 9, 1, 2, 2, 1, 1, 2, 2, 5, 5, 5, 12, 12, 10, 13, 13, 13, 1]","[1, 1, 1, 1, 1, 3, 3, 3, 3, 3, 1, 1, 5, 8, 8, 8, 9, 9, 1, 2, 2, 1, 1, 2, 2, 5, 5, 5, 12, 12, 10, 13, 13, 13, 1]","[1, 1, 1, 1, 1, 3, 3, 3, 3, 3, 1, 1, 5, 8, 8, 8, 9, 9, 1, 2, 2, 1, 1, 2, 2, 5, 5, 5, 12, 12, 10, 13, 13, 13, 1]","13","13","13"
"542","108","126","35","True","False","89","98","35","True","True","103","117","35","True","True","0.024532614812770803","0.0975795601968682","19","10","15","53","43","48","[1, 1, 1, 1, 1, 1, 1, 1, 1, 2, 2, 2, 2, 2, 1, 1, 1, 3, 7, 7, 8, 8, 16, 16, 16, 8, 10, 10, 10, 37, 37, 37, 3, 5, 1]","[1, 1, 1, 1, 1, 1, 1, 1, 1, 1, 1, 1, 1, 2, 2, 2, 2, 2, 3, 3, 5, 7, 7, 8, 8, 8, 10, 10, 10, 16, 16, 16, 37, 37, 37]","[1, 1, 1, 1, 1, 1, 1, 1, 1, 2, 2, 2, 2, 2, 1, 1, 1, 3, 6, 6, 7, 7, 13, 13, 13, 7, 9, 9, 9, 32, 32, 32, 3, 4, 1]","19","10","15"
"543","95","108","35","True","True","95","108","35","True","True","95","108","35","True","True","0.0","0.0","13","13","13","47","47","47","[1, 1, 2, 2, 4, 8, 8, 8, 8, 8, 8, 8, 8, 8, 8, 24, 24, 8, 4, 2, 2, 11, 27, 27, 27, 29, 29, 2, 3, 3, 3, 3, 1, 1, 1]","[1, 1, 2, 2, 4, 8, 8, 8, 8, 8, 8, 8, 8, 8, 8, 24, 24, 8, 4, 2, 2, 11, 27, 27, 27, 29, 29, 2, 3, 3, 3, 3, 1, 1, 1]","[1, 1, 2, 2, 4, 8, 8, 8, 8, 8, 8, 8, 8, 8, 8, 24, 24, 8, 4, 2, 2, 11, 27, 27, 27, 29, 29, 2, 3, 3, 3, 3, 1, 1, 1]","13","13","13"
"544","108","126","35","True","False","93","104","35","True","True","97","105","35","True","True","0.05446015532366011","0.07601695900696281","19","12","9","53","45","42","[1, 1, 1, 1, 1, 1, 1, 1, 1, 1, 1, 1, 16, 16, 16, 8, 2, 4, 4, 6, 8, 9, 9, 8, 25, 6, 28, 28, 33, 33, 3, 3, 2, 2, 1]","[1, 1, 1, 1, 1, 1, 1, 1, 1, 1, 1, 1, 1, 2, 2, 2, 3, 3, 4, 4, 6, 6, 8, 8, 8, 9, 9, 16, 16, 16, 25, 28, 28, 33, 33]","[1, 1, 1, 1, 1, 1, 1, 1, 1, 1, 1, 1, 4, 4, 4, 2, 2, 1, 1, 1, 1, 1, 1, 1, 6, 1, 6, 6, 7, 7, 3, 3, 2, 2, 1]","19","12","9"
"545","100","117","35","True","True","100","117","35","True","True","100","117","35","True","True","0.0","0.0","13","13","13","50","50","50","[1, 1, 1, 1, 1, 1, 1, 1, 1, 1, 1, 1, 2, 4, 4, 1, 1, 1, 1, 1, 2, 3, 4, 7, 7, 7, 7, 8, 8, 2, 2, 7, 7, 7, 7]","[1, 1, 1, 1, 1, 1, 1, 1, 1, 1, 1, 1, 2, 4, 4, 1, 1, 1, 1, 1, 2, 3, 4, 7, 7, 7, 7, 8, 8, 2, 2, 7, 7, 7, 7]","[1, 1, 1, 1, 1, 1, 1, 1, 1, 1, 1, 1, 2, 4, 4, 1, 1, 1, 1, 1, 2, 3, 4, 7, 7, 7, 7, 8, 8, 2, 2, 7, 7, 7, 7]","13","13","13"
"546","100","118","35","True","True","100","118","35","True","True","100","118","35","True","True","0.0","0.0","13","13","13","51","51","51","[1, 1, 1, 1, 1, 1, 1, 1, 2, 2, 4, 4, 2, 1, 1, 3, 4, 5, 8, 8, 8, 4, 4, 4, 10, 10, 10, 10, 10, 9, 1, 1, 1, 1, 1]","[1, 1, 1, 1, 1, 1, 1, 1, 2, 2, 4, 4, 2, 1, 1, 3, 4, 5, 8, 8, 8, 4, 4, 4, 10, 10, 10, 10, 10, 9, 1, 1, 1, 1, 1]","[1, 1, 1, 1, 1, 1, 1, 1, 2, 2, 4, 4, 2, 1, 1, 3, 4, 5, 8, 8, 8, 4, 4, 4, 10, 10, 10, 10, 10, 9, 1, 1, 1, 1, 1]","13","13","13"
"547","95","108","35","True","True","95","108","35","True","True","95","108","35","True","True","0.0","0.0","13","13","13","47","47","47","[1, 1, 1, 1, 1, 2, 2, 2, 2, 2, 2, 2, 4, 4, 7, 7, 5, 5, 5, 5, 5, 2, 2, 13, 13, 8, 8, 8, 17, 17, 9, 9, 9, 9, 3]","[1, 1, 1, 1, 1, 2, 2, 2, 2, 2, 2, 2, 4, 4, 7, 7, 5, 5, 5, 5, 5, 2, 2, 13, 13, 8, 8, 8, 17, 17, 9, 9, 9, 9, 3]","[1, 1, 1, 1, 1, 2, 2, 2, 2, 2, 2, 2, 4, 4, 7, 7, 5, 5, 5, 5, 5, 2, 2, 13, 13, 8, 8, 8, 17, 17, 9, 9, 9, 9, 3]","13","13","13"
"548","102","120","35","True","False","85","92","35","True","True","101","120","35","True","False","0.0","0.10180616685054733","15","8","15","51","41","51","[1, 1, 1, 1, 1, 1, 2, 4, 5, 10, 10, 10, 10, 4, 1, 2, 3, 3, 2, 2, 2, 1, 1, 1, 6, 7, 8, 10, 11, 11, 8, 1, 1, 1, 1]","[1, 1, 1, 1, 1, 1, 1, 1, 1, 1, 1, 1, 1, 1, 1, 1, 1, 1, 2, 2, 2, 4, 4, 5, 6, 7, 8, 8, 9, 10, 10, 10, 10, 10, 10]","[1, 1, 1, 1, 1, 1, 2, 4, 5, 10, 10, 10, 10, 4, 1, 1, 2, 2, 1, 1, 1, 1, 1, 1, 6, 7, 8, 9, 10, 10, 8, 1, 1, 1, 1]","15","8","15"
"549","95","108","35","True","True","95","108","35","True","True","95","108","35","True","True","0.0","0.0","13","13","13","47","47","47","[1, 1, 1, 1, 1, 1, 1, 2, 2, 2, 4, 4, 3, 3, 2, 2, 2, 1, 1, 2, 2, 3, 3, 3, 7, 7, 4, 4, 4, 6, 6, 6, 2, 2, 2]","[1, 1, 1, 1, 1, 1, 1, 2, 2, 2, 4, 4, 3, 3, 2, 2, 2, 1, 1, 2, 2, 3, 3, 3, 7, 7, 4, 4, 4, 6, 6, 6, 2, 2, 2]","[1, 1, 1, 1, 1, 1, 1, 2, 2, 2, 4, 4, 3, 3, 2, 2, 2, 1, 1, 2, 2, 3, 3, 3, 7, 7, 4, 4, 4, 6, 6, 6, 2, 2, 2]","13","13","13"
"550","95","108","35","True","True","95","108","35","True","True","95","108","35","True","True","0.0","0.0","13","13","13","47","47","47","[1, 1, 1, 1, 2, 2, 5, 5, 5, 5, 5, 5, 5, 5, 5, 5, 7, 8, 10, 10, 10, 10, 20, 20, 19, 10, 7, 25, 25, 25, 5, 2, 2, 2, 1]","[1, 1, 1, 1, 2, 2, 5, 5, 5, 5, 5, 5, 5, 5, 5, 5, 7, 8, 10, 10, 10, 10, 20, 20, 19, 10, 7, 25, 25, 25, 5, 2, 2, 2, 1]","[1, 1, 1, 1, 2, 2, 5, 5, 5, 5, 5, 5, 5, 5, 5, 5, 7, 8, 10, 10, 10, 10, 20, 20, 19, 10, 7, 25, 25, 25, 5, 2, 2, 2, 1]","13","13","13"
"551","95","108","35","True","True","95","108","35","True","True","95","108","35","True","True","0.0","0.0","13","13","13","47","47","47","[1, 1, 1, 1, 1, 1, 1, 1, 1, 2, 2, 1, 1, 1, 1, 1, 1, 3, 8, 8, 8, 9, 19, 20, 20, 19, 18, 5, 3, 1, 1, 1, 1, 1, 1]","[1, 1, 1, 1, 1, 1, 1, 1, 1, 2, 2, 1, 1, 1, 1, 1, 1, 3, 8, 8, 8, 9, 19, 20, 20, 19, 18, 5, 3, 1, 1, 1, 1, 1, 1]","[1, 1, 1, 1, 1, 1, 1, 1, 1, 2, 2, 1, 1, 1, 1, 1, 1, 3, 8, 8, 8, 9, 19, 20, 20, 19, 18, 5, 3, 1, 1, 1, 1, 1, 1]","13","13","13"
"552","95","107","35","True","True","95","107","35","True","True","95","107","35","True","True","0.0","0.0","13","13","13","46","46","46","[1, 1, 1, 1, 2, 2, 1, 1, 1, 1, 2, 2, 2, 2, 4, 4, 4, 6, 6, 6, 5, 5, 8, 8, 8, 8, 3, 3, 3, 10, 14, 24, 24, 24, 3]","[1, 1, 1, 1, 2, 2, 1, 1, 1, 1, 2, 2, 2, 2, 4, 4, 4, 6, 6, 6, 5, 5, 8, 8, 8, 8, 3, 3, 3, 10, 14, 24, 24, 24, 3]","[1, 1, 1, 1, 2, 2, 1, 1, 1, 1, 2, 2, 2, 2, 4, 4, 4, 6, 6, 6, 5, 5, 8, 8, 8, 8, 3, 3, 3, 10, 14, 24, 24, 24, 3]","13","13","13"
"553","95","108","35","True","True","95","108","35","True","True","95","108","35","True","True","0.0","0.0","13","13","13","47","47","47","[1, 1, 1, 1, 1, 1, 1, 1, 1, 1, 2, 2, 1, 2, 2, 2, 1, 5, 5, 5, 3, 1, 1, 3, 8, 8, 4, 4, 3, 10, 10, 10, 1, 1, 1]","[1, 1, 1, 1, 1, 1, 1, 1, 1, 1, 2, 2, 1, 2, 2, 2, 1, 5, 5, 5, 3, 1, 1, 3, 8, 8, 4, 4, 3, 10, 10, 10, 1, 1, 1]","[1, 1, 1, 1, 1, 1, 1, 1, 1, 1, 2, 2, 1, 2, 2, 2, 1, 5, 5, 5, 3, 1, 1, 3, 8, 8, 4, 4, 3, 10, 10, 10, 1, 1, 1]","13","13","13"
"554","95","108","35","True","True","95","108","35","True","True","95","108","35","True","True","0.0","0.0","13","13","13","47","47","47","[1, 1, 1, 1, 1, 2, 2, 2, 2, 2, 3, 8, 8, 8, 8, 15, 15, 15, 15, 3, 3, 3, 5, 5, 5, 7, 23, 23, 8, 8, 5, 5, 2, 1, 1]","[1, 1, 1, 1, 1, 2, 2, 2, 2, 2, 3, 8, 8, 8, 8, 15, 15, 15, 15, 3, 3, 3, 5, 5, 5, 7, 23, 23, 8, 8, 5, 5, 2, 1, 1]","[1, 1, 1, 1, 1, 2, 2, 2, 2, 2, 3, 8, 8, 8, 8, 15, 15, 15, 15, 3, 3, 3, 5, 5, 5, 7, 23, 23, 8, 8, 5, 5, 2, 1, 1]","13","13","13"
"555","102","120","35","True","False","87","95","35","True","True","101","119","35","True","False","0.004391355390180762","0.09046691658219763","15","9","15","51","42","50","[1, 1, 1, 1, 2, 2, 2, 2, 3, 4, 4, 4, 18, 18, 4, 22, 22, 4, 4, 18, 18, 10, 13, 13, 4, 4, 4, 4, 6, 6, 4, 4, 4, 2, 2]","[1, 1, 1, 1, 2, 2, 2, 2, 2, 2, 3, 4, 4, 4, 4, 4, 4, 4, 4, 4, 4, 4, 4, 4, 6, 6, 10, 13, 13, 18, 18, 18, 18, 22, 22]","[1, 1, 1, 1, 2, 2, 2, 2, 3, 4, 4, 4, 18, 18, 4, 22, 22, 4, 4, 18, 18, 10, 13, 13, 4, 4, 4, 4, 6, 6, 4, 4, 4, 2, 2]","15","9","15"
"556","108","126","35","True","False","85","92","35","True","True","97","106","36","True","True","0.0526534331708014","0.11967015255291091","19","8","9","53","41","44","[1, 1, 2, 2, 2, 2, 2, 2, 2, 2, 4, 4, 4, 5, 5, 5, 8, 8, 18, 18, 18, 4, 6, 6, 7, 7, 10, 10, 8, 23, 23, 23, 8, 4, 35]","[1, 1, 1, 1, 1, 1, 1, 1, 1, 1, 2, 2, 2, 2, 2, 2, 2, 2, 3, 3, 4, 4, 4, 4, 4, 4, 5, 5, 10, 10, 10, 12, 12, 12, 18]","[1, 1, 1, 1, 1, 1, 1, 1, 1, 1, 2, 2, 2, 2, 2, 2, 4, 4, 4, 4, 4, 2, 2, 2, 2, 2, 2, 2, 2, 6, 6, 6, 2, 2, 8, 1]","19","8","9"
"557","108","126","35","True","False","79","83","35","True","True","93","98","35","True","True","0.07209515015326928","0.15388675373575367","19","5","5","53","38","39","[1, 1, 1, 1, 1, 2, 7, 2, 2, 1, 1, 1, 1, 1, 1, 1, 1, 1, 3, 6, 7, 7, 5, 6, 6, 5, 12, 5, 5, 5, 5, 4, 2, 1, 1]","[1, 1, 1, 1, 1, 1, 1, 1, 1, 1, 1, 1, 1, 1, 1, 1, 2, 2, 2, 2, 2, 4, 4, 4, 4, 5, 5, 5, 5, 5, 5, 6, 6, 6, 11]","[1, 1, 1, 1, 1, 2, 2, 2, 2, 1, 1, 1, 1, 1, 1, 1, 1, 1, 1, 1, 1, 1, 1, 2, 2, 1, 3, 1, 1, 1, 1, 1, 1, 1, 1]","19","5","5"
"558","108","126","35","True","False","89","98","35","True","True","101","115","35","True","True","0.029942129148474494","0.0975795601968682","19","10","14","53","43","48","[1, 1, 1, 1, 1, 3, 3, 1, 4, 4, 5, 5, 1, 1, 1, 1, 1, 2, 3, 19, 3, 2, 4, 4, 5, 6, 29, 10, 14, 14, 14, 14, 5, 5, 2]","[1, 1, 1, 1, 1, 1, 1, 1, 1, 1, 1, 2, 2, 2, 3, 3, 3, 3, 4, 4, 4, 4, 4, 4, 5, 5, 5, 6, 10, 14, 14, 14, 14, 18, 29]","[1, 1, 1, 1, 1, 1, 1, 1, 2, 2, 2, 2, 1, 1, 1, 1, 1, 2, 3, 15, 3, 2, 4, 4, 4, 5, 21, 7, 11, 11, 11, 11, 4, 4, 2]","19","10","14"
"559","102","120","35","True","False","83","89","35","True","True","101","119","35","True","False","0.003826957749403004","0.11329041169956988","15","7","15","51","40","50","[1, 2, 2, 1, 1, 1, 1, 2, 4, 4, 3, 4, 4, 4, 11, 11, 4, 3, 3, 3, 2, 2, 1, 3, 3, 7, 8, 8, 8, 3, 1, 1, 5, 5, 5]","[1, 1, 1, 1, 1, 1, 1, 1, 2, 2, 2, 2, 2, 3, 3, 3, 3, 3, 3, 3, 4, 4, 4, 4, 4, 4, 5, 5, 5, 7, 8, 8, 8, 11, 11]","[1, 2, 2, 1, 1, 1, 1, 2, 4, 4, 3, 4, 4, 4, 11, 11, 4, 3, 3, 3, 2, 2, 1, 3, 3, 7, 8, 8, 8, 3, 1, 1, 5, 5, 5]","15","7","15"
"560","95","107","35","True","True","95","107","35","True","True","95","107","35","True","True","0.0","0.0","13","13","13","46","46","46","[1, 1, 1, 1, 3, 3, 3, 3, 3, 3, 3, 3, 7, 7, 7, 11, 12, 23, 23, 23, 7, 7, 26, 26, 7, 7, 5, 5, 10, 16, 16, 3, 2, 2, 2]","[1, 1, 1, 1, 3, 3, 3, 3, 3, 3, 3, 3, 7, 7, 7, 11, 12, 23, 23, 23, 7, 7, 26, 26, 7, 7, 5, 5, 10, 16, 16, 3, 2, 2, 2]","[1, 1, 1, 1, 3, 3, 3, 3, 3, 3, 3, 3, 7, 7, 7, 11, 12, 23, 23, 23, 7, 7, 26, 26, 7, 7, 5, 5, 10, 16, 16, 3, 2, 2, 2]","13","13","13"
"561","95","108","35","True","True","95","108","35","True","True","95","108","35","True","True","0.0","0.0","13","13","13","47","47","47","[1, 1, 1, 2, 2, 1, 1, 1, 1, 2, 4, 4, 4, 4, 2, 2, 1, 1, 1, 1, 1, 2, 2, 1, 1, 6, 6, 6, 11, 11, 5, 1, 2, 2, 2]","[1, 1, 1, 2, 2, 1, 1, 1, 1, 2, 4, 4, 4, 4, 2, 2, 1, 1, 1, 1, 1, 2, 2, 1, 1, 6, 6, 6, 11, 11, 5, 1, 2, 2, 2]","[1, 1, 1, 2, 2, 1, 1, 1, 1, 2, 4, 4, 4, 4, 2, 2, 1, 1, 1, 1, 1, 2, 2, 1, 1, 6, 6, 6, 11, 11, 5, 1, 2, 2, 2]","13","13","13"
"562","95","108","35","True","True","95","108","35","True","True","95","108","35","True","True","0.0","0.0","13","13","13","47","47","47","[1, 1, 1, 1, 1, 2, 6, 6, 5, 5, 5, 5, 8, 8, 8, 8, 8, 8, 9, 9, 9, 3, 3, 3, 11, 19, 19, 1, 14, 15, 15, 1, 1, 1, 1]","[1, 1, 1, 1, 1, 2, 6, 6, 5, 5, 5, 5, 8, 8, 8, 8, 8, 8, 9, 9, 9, 3, 3, 3, 11, 19, 19, 1, 14, 15, 15, 1, 1, 1, 1]","[1, 1, 1, 1, 1, 2, 6, 6, 5, 5, 5, 5, 8, 8, 8, 8, 8, 8, 9, 9, 9, 3, 3, 3, 11, 19, 19, 1, 14, 15, 15, 1, 1, 1, 1]","13","13","13"
"563","95","108","35","True","True","95","108","35","True","True","95","108","35","True","True","0.0","0.0","13","13","13","47","47","47","[1, 1, 1, 2, 2, 2, 3, 4, 4, 4, 5, 5, 1, 1, 5, 5, 5, 8, 9, 9, 8, 1, 3, 3, 3, 3, 3, 1, 1, 7, 7, 1, 1, 1, 1]","[1, 1, 1, 2, 2, 2, 3, 4, 4, 4, 5, 5, 1, 1, 5, 5, 5, 8, 9, 9, 8, 1, 3, 3, 3, 3, 3, 1, 1, 7, 7, 1, 1, 1, 1]","[1, 1, 1, 2, 2, 2, 3, 4, 4, 4, 5, 5, 1, 1, 5, 5, 5, 8, 9, 9, 8, 1, 3, 3, 3, 3, 3, 1, 1, 7, 7, 1, 1, 1, 1]","13","13","13"
"564","100","118","35","True","True","100","118","35","True","True","100","118","35","True","True","0.0","0.0","13","13","13","51","51","51","[1, 1, 1, 2, 2, 1, 1, 1, 3, 3, 3, 2, 2, 2, 2, 2, 2, 2, 2, 2, 4, 4, 4, 4, 2, 6, 6, 6, 9, 9, 8, 8, 5, 5, 5]","[1, 1, 1, 2, 2, 1, 1, 1, 3, 3, 3, 2, 2, 2, 2, 2, 2, 2, 2, 2, 4, 4, 4, 4, 2, 6, 6, 6, 9, 9, 8, 8, 5, 5, 5]","[1, 1, 1, 2, 2, 1, 1, 1, 3, 3, 3, 2, 2, 2, 2, 2, 2, 2, 2, 2, 4, 4, 4, 4, 2, 6, 6, 6, 9, 9, 8, 8, 5, 5, 5]","13","13","13"
"565","95","108","35","True","True","95","108","35","True","True","95","108","35","True","True","0.0","0.0","13","13","13","47","47","47","[1, 1, 1, 1, 1, 2, 2, 2, 2, 2, 2, 2, 3, 3, 2, 2, 3, 7, 7, 4, 4, 3, 3, 8, 8, 12, 12, 12, 10, 1, 1, 3, 3, 3, 3]","[1, 1, 1, 1, 1, 2, 2, 2, 2, 2, 2, 2, 3, 3, 2, 2, 3, 7, 7, 4, 4, 3, 3, 8, 8, 12, 12, 12, 10, 1, 1, 3, 3, 3, 3]","[1, 1, 1, 1, 1, 2, 2, 2, 2, 2, 2, 2, 3, 3, 2, 2, 3, 7, 7, 4, 4, 3, 3, 8, 8, 12, 12, 12, 10, 1, 1, 3, 3, 3, 3]","13","13","13"
"566","95","108","35","True","True","95","108","35","True","True","95","108","35","True","True","0.0","0.0","13","13","13","47","47","47","[1, 1, 1, 1, 1, 1, 1, 1, 1, 1, 1, 2, 3, 3, 3, 1, 1, 2, 2, 3, 3, 3, 4, 4, 4, 5, 12, 18, 19, 19, 19, 3, 3, 1, 1]","[1, 1, 1, 1, 1, 1, 1, 1, 1, 1, 1, 2, 3, 3, 3, 1, 1, 2, 2, 3, 3, 3, 4, 4, 4, 5, 12, 18, 19, 19, 19, 3, 3, 1, 1]","[1, 1, 1, 1, 1, 1, 1, 1, 1, 1, 1, 2, 3, 3, 3, 1, 1, 2, 2, 3, 3, 3, 4, 4, 4, 5, 12, 18, 19, 19, 19, 3, 3, 1, 1]","13","13","13"
"567","108","126","35","True","False","93","104","35","True","True","100","111","35","True","True","0.039357635475627095","0.07601695900696281","19","12","11","53","45","46","[1, 1, 1, 1, 1, 33, 1, 1, 30, 2, 2, 2, 4, 7, 7, 7, 7, 7, 7, 7, 7, 7, 5, 5, 4, 14, 14, 22, 22, 14, 21, 30, 30, 30, 1]","[1, 1, 1, 1, 1, 1, 1, 1, 2, 2, 2, 4, 4, 5, 5, 7, 7, 7, 7, 7, 7, 7, 7, 7, 14, 14, 14, 21, 22, 22, 30, 30, 30, 30, 33]","[1, 1, 1, 1, 1, 14, 1, 1, 21, 2, 2, 2, 4, 7, 7, 7, 7, 7, 7, 7, 7, 7, 5, 5, 4, 7, 7, 14, 14, 7, 7, 14, 14, 14, 1]","19","12","11"
"568","95","108","35","True","True","95","108","35","True","True","95","108","35","True","True","0.0","0.0","13","13","13","47","47","47","[1, 1, 1, 1, 1, 1, 1, 1, 1, 5, 5, 4, 2, 2, 2, 1, 1, 1, 1, 1, 5, 10, 11, 11, 10, 11, 11, 12, 23, 23, 12, 10, 1, 1, 1]","[1, 1, 1, 1, 1, 1, 1, 1, 1, 5, 5, 4, 2, 2, 2, 1, 1, 1, 1, 1, 5, 10, 11, 11, 10, 11, 11, 12, 23, 23, 12, 10, 1, 1, 1]","[1, 1, 1, 1, 1, 1, 1, 1, 1, 5, 5, 4, 2, 2, 2, 1, 1, 1, 1, 1, 5, 10, 11, 11, 10, 11, 11, 12, 23, 23, 12, 10, 1, 1, 1]","13","13","13"
"569","95","107","35","True","True","95","107","35","True","True","95","107","35","True","True","0.0","0.0","13","13","13","46","46","46","[1, 1, 1, 1, 1, 2, 2, 2, 3, 5, 5, 3, 4, 4, 3, 5, 5, 1, 1, 2, 7, 11, 11, 11, 11, 8, 8, 8, 8, 5, 5, 1, 1, 1, 1]","[1, 1, 1, 1, 1, 2, 2, 2, 3, 5, 5, 3, 4, 4, 3, 5, 5, 1, 1, 2, 7, 11, 11, 11, 11, 8, 8, 8, 8, 5, 5, 1, 1, 1, 1]","[1, 1, 1, 1, 1, 2, 2, 2, 3, 5, 5, 3, 4, 4, 3, 5, 5, 1, 1, 2, 7, 11, 11, 11, 11, 8, 8, 8, 8, 5, 5, 1, 1, 1, 1]","13","13","13"
"570","102","120","35","True","False","89","98","35","True","True","101","119","35","True","False","0.003826957749403004","0.07926730385237035","15","10","15","51","43","50","[1, 1, 1, 1, 1, 1, 1, 1, 2, 2, 2, 3, 3, 3, 3, 7, 36, 36, 2, 6, 6, 7, 8, 8, 8, 8, 8, 8, 8, 8, 8, 8, 1, 1, 1]","[1, 1, 1, 1, 1, 1, 1, 1, 1, 1, 1, 2, 2, 2, 2, 3, 3, 3, 3, 6, 6, 7, 7, 8, 8, 8, 8, 8, 8, 8, 8, 8, 8, 36, 36]","[1, 1, 1, 1, 1, 1, 1, 1, 2, 2, 2, 3, 3, 3, 3, 7, 36, 36, 2, 6, 6, 7, 8, 8, 8, 8, 8, 8, 8, 8, 8, 8, 1, 1, 1]","15","10","15"
"571","95","108","35","True","True","95","108","35","True","True","95","108","35","True","True","0.0","0.0","13","13","13","47","47","47","[1, 2, 2, 2, 2, 2, 2, 1, 1, 1, 1, 1, 1, 1, 2, 3, 3, 3, 3, 12, 12, 12, 18, 18, 19, 19, 19, 22, 24, 24, 9, 9, 9, 3, 3]","[1, 2, 2, 2, 2, 2, 2, 1, 1, 1, 1, 1, 1, 1, 2, 3, 3, 3, 3, 12, 12, 12, 18, 18, 19, 19, 19, 22, 24, 24, 9, 9, 9, 3, 3]","[1, 2, 2, 2, 2, 2, 2, 1, 1, 1, 1, 1, 1, 1, 2, 3, 3, 3, 3, 12, 12, 12, 18, 18, 19, 19, 19, 22, 24, 24, 9, 9, 9, 3, 3]","13","13","13"
"572","95","108","35","True","True","95","108","35","True","True","95","108","35","True","True","0.0","0.0","13","13","13","47","47","47","[1, 1, 1, 1, 1, 1, 2, 2, 2, 3, 4, 4, 4, 6, 7, 15, 15, 15, 17, 17, 7, 6, 4, 4, 4, 4, 4, 2, 31, 31, 1, 3, 3, 3, 1]","[1, 1, 1, 1, 1, 1, 2, 2, 2, 3, 4, 4, 4, 6, 7, 15, 15, 15, 17, 17, 7, 6, 4, 4, 4, 4, 4, 2, 31, 31, 1, 3, 3, 3, 1]","[1, 1, 1, 1, 1, 1, 2, 2, 2, 3, 4, 4, 4, 6, 7, 15, 15, 15, 17, 17, 7, 6, 4, 4, 4, 4, 4, 2, 31, 31, 1, 3, 3, 3, 1]","13","13","13"
"573","95","108","35","True","True","95","108","35","True","True","95","108","35","True","True","0.0","0.0","13","13","13","47","47","47","[1, 1, 1, 1, 1, 1, 1, 1, 1, 1, 1, 1, 1, 1, 2, 2, 2, 2, 1, 1, 1, 5, 7, 7, 19, 19, 19, 20, 20, 20, 3, 1, 1, 1, 1]","[1, 1, 1, 1, 1, 1, 1, 1, 1, 1, 1, 1, 1, 1, 2, 2, 2, 2, 1, 1, 1, 5, 7, 7, 19, 19, 19, 20, 20, 20, 3, 1, 1, 1, 1]","[1, 1, 1, 1, 1, 1, 1, 1, 1, 1, 1, 1, 1, 1, 2, 2, 2, 2, 1, 1, 1, 5, 7, 7, 19, 19, 19, 20, 20, 20, 3, 1, 1, 1, 1]","13","13","13"
"574","100","118","35","True","True","100","118","35","True","True","100","118","35","True","True","0.0","0.0","13","13","13","51","51","51","[1, 1, 1, 1, 2, 2, 1, 1, 2, 2, 4, 4, 4, 6, 6, 6, 5, 5, 5, 5, 4, 2, 2, 3, 8, 10, 10, 10, 20, 20, 1, 1, 1, 1, 1]","[1, 1, 1, 1, 2, 2, 1, 1, 2, 2, 4, 4, 4, 6, 6, 6, 5, 5, 5, 5, 4, 2, 2, 3, 8, 10, 10, 10, 20, 20, 1, 1, 1, 1, 1]","[1, 1, 1, 1, 2, 2, 1, 1, 2, 2, 4, 4, 4, 6, 6, 6, 5, 5, 5, 5, 4, 2, 2, 3, 8, 10, 10, 10, 20, 20, 1, 1, 1, 1, 1]","13","13","13"
"575","108","126","35","True","False","79","83","35","True","True","97","106","35","True","True","0.05133114309614639","0.15388675373575367","19","5","9","53","38","43","[1, 1, 1, 2, 2, 4, 4, 2, 2, 1, 1, 1, 1, 1, 1, 3, 3, 12, 4, 6, 6, 6, 4, 4, 5, 5, 1, 5, 1, 1, 2, 8, 8, 8, 8]","[1, 1, 1, 1, 1, 1, 1, 1, 1, 1, 1, 1, 2, 2, 2, 2, 2, 2, 2, 2, 2, 3, 4, 4, 4, 4, 4, 4, 4, 4, 6, 6, 6, 6, 8]","[1, 1, 1, 2, 2, 4, 4, 2, 2, 1, 1, 1, 1, 1, 1, 2, 2, 2, 2, 4, 4, 4, 2, 2, 2, 2, 1, 2, 1, 1, 1, 1, 1, 1, 1]","19","5","9"
"576","108","126","35","True","False","93","104","35","True","True","101","114","35","True","True","0.030113027087021127","0.07601695900696281","19","12","13","53","45","47","[1, 1, 1, 1, 3, 3, 4, 4, 4, 7, 8, 16, 16, 5, 5, 4, 7, 13, 7, 7, 4, 4, 4, 2, 2, 2, 17, 21, 28, 25, 25, 25, 12, 2, 1]","[1, 1, 1, 1, 1, 2, 2, 2, 2, 2, 2, 3, 3, 3, 3, 3, 3, 3, 4, 4, 5, 5, 5, 5, 6, 9, 10, 12, 12, 14, 17, 20, 20, 20, 22]","[1, 1, 1, 1, 2, 2, 2, 2, 2, 4, 4, 8, 8, 2, 2, 2, 4, 8, 4, 4, 2, 2, 2, 2, 2, 2, 10, 12, 16, 14, 14, 14, 8, 2, 1]","19","12","13"
"577","108","126","35","True","False","83","89","35","True","True","99","109","35","True","True","0.04432234376511335","0.13092598970393565","19","7","11","53","40","44","[1, 1, 1, 1, 2, 7, 4, 2, 1, 1, 1, 1, 4, 7, 4, 5, 5, 1, 1, 7, 12, 13, 13, 14, 14, 14, 14, 14, 12, 12, 7, 7, 2, 1, 1]","[1, 1, 1, 1, 1, 1, 1, 1, 1, 1, 1, 1, 2, 2, 2, 4, 4, 4, 5, 5, 7, 7, 7, 7, 7, 12, 12, 12, 13, 13, 14, 14, 14, 14, 14]","[1, 1, 1, 1, 2, 2, 4, 2, 1, 1, 1, 1, 2, 4, 2, 2, 2, 1, 1, 4, 5, 6, 6, 7, 7, 7, 7, 7, 5, 5, 4, 4, 1, 1, 1]","19","7","11"
"578","108","126","35","True","False","89","98","35","True","True","95","101","36","True","True","0.06288136667387711","0.0975795601968682","19","10","5","53","43","42","[2, 2, 2, 3, 3, 2, 2, 6, 6, 6, 30, 34, 34, 34, 45, 36, 38, 38, 38, 30, 4, 2, 2, 9, 9, 15, 15, 5, 5, 43, 43, 5, 5, 5, 5]","[1, 1, 1, 1, 1, 1, 1, 2, 2, 2, 3, 3, 3, 3, 3, 3, 3, 3, 3, 5, 5, 8, 8, 16, 16, 18, 18, 18, 19, 20, 20, 20, 23, 23, 24]","[1, 1, 1, 2, 2, 1, 1, 1, 1, 1, 2, 2, 2, 2, 3, 2, 2, 2, 2, 2, 1, 1, 1, 1, 1, 1, 1, 1, 1, 3, 3, 1, 1, 1, 1, 1]","19","10","5"
"579","95","107","35","True","True","95","107","35","True","True","95","107","35","True","True","0.0","0.0","13","13","13","46","46","46","[1, 1, 1, 1, 1, 1, 2, 2, 6, 6, 6, 8, 8, 14, 14, 12, 12, 12, 12, 12, 4, 3, 3, 14, 16, 16, 18, 18, 20, 20, 1, 1, 1, 1, 1]","[1, 1, 1, 1, 1, 1, 2, 2, 6, 6, 6, 8, 8, 14, 14, 12, 12, 12, 12, 12, 4, 3, 3, 14, 16, 16, 18, 18, 20, 20, 1, 1, 1, 1, 1]","[1, 1, 1, 1, 1, 1, 2, 2, 6, 6, 6, 8, 8, 14, 14, 12, 12, 12, 12, 12, 4, 3, 3, 14, 16, 16, 18, 18, 20, 20, 1, 1, 1, 1, 1]","13","13","13"
"580","100","117","35","True","True","100","117","35","True","True","100","117","35","True","True","0.0","0.0","13","13","13","50","50","50","[1, 1, 2, 2, 2, 2, 5, 5, 2, 2, 2, 4, 4, 4, 4, 4, 2, 2, 2, 1, 1, 1, 1, 4, 4, 7, 11, 13, 13, 11, 11, 5, 5, 5, 1]","[1, 1, 2, 2, 2, 2, 5, 5, 2, 2, 2, 4, 4, 4, 4, 4, 2, 2, 2, 1, 1, 1, 1, 4, 4, 7, 11, 13, 13, 11, 11, 5, 5, 5, 1]","[1, 1, 2, 2, 2, 2, 5, 5, 2, 2, 2, 4, 4, 4, 4, 4, 2, 2, 2, 1, 1, 1, 1, 4, 4, 7, 11, 13, 13, 11, 11, 5, 5, 5, 1]","13","13","13"
"581","95","108","35","True","True","95","108","35","True","True","95","108","35","True","True","0.0","0.0","13","13","13","47","47","47","[1, 1, 2, 2, 2, 4, 5, 5, 5, 8, 8, 9, 14, 14, 14, 14, 14, 14, 14, 32, 32, 23, 23, 5, 6, 6, 6, 6, 1, 1, 1, 1, 1, 1, 1]","[1, 1, 2, 2, 2, 4, 5, 5, 5, 8, 8, 9, 14, 14, 14, 14, 14, 14, 14, 32, 32, 23, 23, 5, 6, 6, 6, 6, 1, 1, 1, 1, 1, 1, 1]","[1, 1, 2, 2, 2, 4, 5, 5, 5, 8, 8, 9, 14, 14, 14, 14, 14, 14, 14, 32, 32, 23, 23, 5, 6, 6, 6, 6, 1, 1, 1, 1, 1, 1, 1]","13","13","13"
"582","108","126","35","True","False","83","89","35","True","True","93","97","37","True","True","0.07805588248278439","0.13092598970393565","19","7","5","53","40","40","[1, 1, 9, 9, 1, 1, 2, 2, 2, 2, 4, 4, 4, 4, 6, 6, 6, 4, 4, 4, 4, 2, 2, 1, 3, 5, 5, 3, 2, 11, 11, 5, 1, 6, 1]","[1, 1, 1, 1, 1, 1, 1, 2, 2, 2, 2, 2, 2, 2, 3, 3, 4, 4, 4, 4, 4, 4, 4, 4, 5, 5, 5, 6, 6, 6, 6, 9, 9, 11, 11]","[1, 1, 2, 2, 1, 1, 1, 1, 1, 1, 1, 1, 1, 1, 1, 1, 1, 1, 1, 1, 1, 2, 2, 1, 1, 1, 1, 1, 1, 2, 2, 1, 1, 2, 1, 2, 1]","19","7","5"
"583","102","120","35","True","False","83","89","35","True","True","101","120","35","True","False","0.0","0.11329041169956988","15","7","15","51","40","51","[1, 1, 1, 1, 1, 1, 1, 1, 2, 2, 2, 1, 1, 4, 6, 6, 6, 6, 7, 7, 7, 7, 7, 10, 10, 10, 4, 4, 11, 11, 9, 2, 18, 1, 1]","[1, 1, 1, 1, 1, 1, 1, 1, 1, 1, 1, 1, 2, 2, 2, 2, 4, 4, 4, 6, 6, 6, 6, 7, 7, 7, 7, 7, 9, 10, 10, 10, 10, 10, 17]","[1, 1, 1, 1, 1, 1, 1, 1, 2, 2, 2, 1, 1, 4, 6, 6, 6, 6, 7, 7, 7, 7, 7, 10, 10, 10, 4, 4, 10, 10, 9, 2, 17, 1, 1]","15","7","15"
"584","108","126","35","True","False","83","89","35","True","True","99","110","35","True","True","0.040446202487392946","0.13092598970393565","19","7","10","53","40","46","[2, 2, 2, 1, 1, 1, 1, 1, 1, 1, 1, 3, 3, 1, 6, 6, 4, 4, 4, 11, 11, 11, 4, 4, 5, 10, 10, 21, 5, 5, 5, 4, 3, 1, 1]","[1, 1, 1, 1, 1, 1, 1, 1, 1, 1, 1, 2, 2, 2, 2, 2, 2, 3, 3, 3, 3, 3, 3, 4, 4, 4, 4, 6, 6, 8, 8, 8, 8, 8, 17]","[1, 1, 1, 1, 1, 1, 1, 1, 1, 1, 1, 1, 1, 1, 3, 3, 3, 3, 3, 8, 8, 8, 3, 3, 1, 1, 1, 3, 1, 4, 4, 3, 2, 1, 1]","19","7","10"
"585","95","108","35","True","True","95","108","35","True","True","95","108","35","True","True","0.0","0.0","13","13","13","47","47","47","[1, 1, 1, 1, 1, 2, 2, 1, 1, 1, 2, 2, 2, 2, 3, 4, 4, 5, 6, 6, 5, 3, 4, 8, 8, 6, 7, 7, 1, 1, 1, 1, 1, 1, 1]","[1, 1, 1, 1, 1, 2, 2, 1, 1, 1, 2, 2, 2, 2, 3, 4, 4, 5, 6, 6, 5, 3, 4, 8, 8, 6, 7, 7, 1, 1, 1, 1, 1, 1, 1]","[1, 1, 1, 1, 1, 2, 2, 1, 1, 1, 2, 2, 2, 2, 3, 4, 4, 5, 6, 6, 5, 3, 4, 8, 8, 6, 7, 7, 1, 1, 1, 1, 1, 1, 1]","13","13","13"
"586","95","108","35","True","True","95","108","35","True","True","95","108","35","True","True","0.0","0.0","13","13","13","47","47","47","[1, 1, 1, 1, 2, 2, 1, 1, 1, 2, 2, 2, 2, 2, 2, 2, 2, 2, 5, 5, 5, 7, 10, 10, 5, 5, 3, 7, 8, 8, 8, 8, 8, 6, 6]","[1, 1, 1, 1, 2, 2, 1, 1, 1, 2, 2, 2, 2, 2, 2, 2, 2, 2, 5, 5, 5, 7, 10, 10, 5, 5, 3, 7, 8, 8, 8, 8, 8, 6, 6]","[1, 1, 1, 1, 2, 2, 1, 1, 1, 2, 2, 2, 2, 2, 2, 2, 2, 2, 5, 5, 5, 7, 10, 10, 5, 5, 3, 7, 8, 8, 8, 8, 8, 6, 6]","13","13","13"
"587","102","120","35","True","False","85","92","35","True","True","101","120","35","True","False","0.0","0.10180616685054733","15","8","15","51","41","51","[8, 1, 1, 1, 1, 2, 2, 2, 3, 3, 2, 2, 3, 3, 3, 7, 7, 3, 2, 10, 10, 10, 10, 10, 10, 21, 21, 20, 8, 8, 8, 8, 8, 1, 1]","[1, 1, 1, 1, 1, 1, 2, 2, 2, 2, 2, 2, 2, 2, 3, 3, 3, 3, 7, 7, 7, 8, 8, 8, 8, 8, 10, 10, 10, 10, 10, 10, 20, 21, 21]","[7, 1, 1, 1, 1, 2, 2, 2, 2, 2, 2, 2, 3, 3, 3, 7, 7, 3, 2, 10, 10, 10, 10, 10, 10, 21, 21, 20, 8, 8, 8, 8, 8, 1, 1]","15","8","15"
