"NETWORK NUMBER","V(N)","A(N)","L(N)","isBinary","isTreeBased","V(PN)","A(PN)","L(PN)","isBinary","isTreeBased","V(FN)","A(FN)","L(FN)","isBinary","isTreeBased","Measure1 FOLD","Measure1 PP","RV Input","RV PN","RV FN","TV Input","TV PN","TV FN","PL Input","PL PN","PL FN","HN Input","HN PN","HN FN"
"0","32","40","10","True","False","27","30","10","True","True","31","40","10","True","False","0.0","0.11342553206512318","5","4","5","16","12","16","[1, 3, 3, 3, 4, 4, 3, 2, 2, 12]","[1, 1, 1, 2, 2, 2, 2, 3, 3, 7]","[1, 2, 2, 2, 3, 3, 2, 1, 1, 7]","5","4","5"
"1","38","46","10","True","False","31","36","10","True","True","33","36","11","True","True","0.07120432014261413","0.10012925464759448","9","6","4","18","14","13","[1, 1, 1, 1, 1, 16, 7, 7, 7, 3]","[1, 1, 1, 1, 1, 3, 7, 7, 7, 16]","[1, 1, 1, 1, 1, 5, 2, 2, 2, 1, 2]","9","6","4"
"2","32","40","10","True","False","27","30","10","True","True","31","39","10","True","False","0.013435656625464087","0.11342553206512318","5","4","5","16","12","15","[1, 2, 12, 2, 4, 4, 1, 2, 2, 2]","[1, 1, 2, 2, 2, 2, 2, 4, 4, 12]","[1, 2, 12, 2, 4, 4, 1, 2, 2, 2]","5","4","5"
"3","38","46","10","True","False","29","33","10","True","True","37","46","10","True","True","0.0","0.131515214219608","9","5","9","18","13","18","[1, 2, 18, 4, 12, 12, 10, 10, 10, 2]","[1, 1, 1, 2, 5, 5, 5, 6, 6, 9]","[1, 1, 9, 2, 6, 6, 5, 5, 5, 1]","9","5","9"
"4","38","46","10","True","False","33","39","10","True","True","33","38","11","True","True","0.07083075445902154","0.06980169127751379","9","7","6","18","15","15","[1, 1, 1, 1, 2, 8, 8, 7, 7, 23]","[1, 1, 1, 1, 2, 7, 7, 8, 8, 23]","[1, 1, 1, 1, 1, 1, 4, 4, 3, 3, 11]","9","7","6"
"5","25","28","10","True","True","25","28","10","True","True","25","28","10","True","True","0.0","0.0","3","3","3","12","12","12","[1, 1, 2, 2, 2, 2, 2, 2, 1, 1]","[1, 1, 2, 2, 2, 2, 2, 2, 1, 1]","[1, 1, 2, 2, 2, 2, 2, 2, 1, 1]","3","3","3"
"6","38","46","10","True","False","27","30","10","True","True","33","38","10","True","False","0.05601575518246538","0.1640787788774989","9","4","5","18","12","14","[1, 2, 2, 3, 4, 4, 4, 2, 8, 7]","[1, 2, 2, 2, 2, 3, 3, 3, 6, 7]","[1, 1, 1, 1, 2, 2, 2, 1, 4, 3]","9","4","5"
"7","25","28","10","True","True","25","28","10","True","True","25","28","10","True","True","0.0","0.0","3","3","3","12","12","12","[1, 1, 1, 1, 2, 2, 2, 2, 2, 2]","[1, 1, 1, 1, 2, 2, 2, 2, 2, 2]","[1, 1, 1, 1, 2, 2, 2, 2, 2, 2]","3","3","3"
"8","38","46","10","True","False","27","30","10","True","True","31","33","10","True","True","0.10393011994103907","0.1640787788774989","9","4","3","18","12","12","[4, 1, 1, 1, 7, 4, 4, 2, 1, 1]","[1, 1, 1, 1, 1, 2, 4, 4, 4, 7]","[2, 1, 1, 1, 3, 1, 1, 1, 1, 1]","9","4","3"
"9","30","38","10","True","True","30","38","10","True","True","30","38","10","True","True","0.0","0.0","3","3","3","16","16","16","[1, 2, 2, 4, 4, 4, 4, 1, 1, 1]","[1, 2, 2, 4, 4, 4, 4, 1, 1, 1]","[1, 2, 2, 4, 4, 4, 4, 1, 1, 1]","3","3","3"
"10","25","28","10","True","True","25","28","10","True","True","25","28","10","True","True","0.0","0.0","3","3","3","12","12","12","[1, 1, 1, 1, 1, 2, 2, 2, 2, 2]","[1, 1, 1, 1, 1, 2, 2, 2, 2, 2]","[1, 1, 1, 1, 1, 2, 2, 2, 2, 2]","3","3","3"
"11","30","38","10","True","True","30","38","10","True","True","30","38","10","True","True","0.0","0.0","3","3","3","16","16","16","[1, 2, 2, 2, 2, 2, 2, 2, 2, 1]","[1, 2, 2, 2, 2, 2, 2, 2, 2, 1]","[1, 2, 2, 2, 2, 2, 2, 2, 2, 1]","3","3","3"
"12","25","28","10","True","True","25","28","10","True","True","25","28","10","True","True","0.0","0.0","3","3","3","12","12","12","[1, 1, 1, 2, 2, 3, 3, 1, 1, 1]","[1, 1, 1, 2, 2, 3, 3, 1, 1, 1]","[1, 1, 1, 2, 2, 3, 3, 1, 1, 1]","3","3","3"
"13","38","46","10","True","False","31","36","10","True","True","33","36","11","True","True","0.07234053120778638","0.10012925464759448","9","6","4","18","14","13","[1, 1, 9, 4, 4, 2, 2, 4, 12, 4]","[1, 1, 2, 2, 4, 4, 4, 4, 9, 12]","[1, 1, 4, 2, 2, 2, 2, 2, 6, 2, 2]","9","6","4"
"14","25","28","10","True","True","25","28","10","True","True","25","28","10","True","True","0.0","0.0","3","3","3","12","12","12","[1, 1, 2, 2, 3, 3, 2, 1, 1, 1]","[1, 1, 2, 2, 3, 3, 2, 1, 1, 1]","[1, 1, 2, 2, 3, 3, 2, 1, 1, 1]","3","3","3"
"15","25","28","10","True","True","25","28","10","True","True","25","28","10","True","True","0.0","0.0","3","3","3","12","12","12","[1, 1, 1, 1, 3, 3, 2, 2, 2, 1]","[1, 1, 1, 1, 3, 3, 2, 2, 2, 1]","[1, 1, 1, 1, 3, 3, 2, 2, 2, 1]","3","3","3"
"16","38","46","10","True","False","27","30","10","True","True","32","37","10","True","True","0.07133374065127951","0.1640787788774989","9","4","5","18","12","14","[1, 1, 1, 11, 11, 2, 3, 3, 3, 1]","[1, 1, 1, 1, 1, 2, 2, 2, 7, 7]","[1, 1, 1, 5, 5, 1, 2, 2, 2, 1]","9","4","5"
"17","25","27","10","True","True","25","27","10","True","True","25","27","10","True","True","0.0","0.0","3","3","3","11","11","11","[1, 2, 2, 2, 3, 5, 5, 5, 5, 1]","[1, 2, 2, 2, 3, 5, 5, 5, 5, 1]","[1, 2, 2, 2, 3, 5, 5, 5, 5, 1]","3","3","3"
"18","25","27","10","True","True","25","27","10","True","True","25","27","10","True","True","0.0","0.0","3","3","3","11","11","11","[1, 1, 1, 1, 3, 3, 5, 5, 2, 2]","[1, 1, 1, 1, 3, 3, 5, 5, 2, 2]","[1, 1, 1, 1, 3, 3, 5, 5, 2, 2]","3","3","3"
"19","32","40","10","True","False","25","27","10","True","False","31","40","10","True","False","0.0","0.14936338640639057","5","3","5","16","11","16","[1, 3, 3, 1, 2, 2, 2, 2, 1, 5]","[1, 1, 1, 1, 1, 1, 1, 3, 3, 4]","[1, 3, 3, 1, 1, 1, 1, 1, 1, 4]","5","3","5"
"20","25","28","10","True","True","25","28","10","True","True","25","28","10","True","True","0.0","0.0","3","3","3","12","12","12","[1, 1, 1, 3, 3, 1, 1, 1, 1, 1]","[1, 1, 1, 3, 3, 1, 1, 1, 1, 1]","[1, 1, 1, 3, 3, 1, 1, 1, 1, 1]","3","3","3"
"21","32","40","10","True","False","27","30","10","True","True","31","40","10","True","False","0.0","0.11342553206512318","5","4","5","16","12","16","[1, 1, 1, 2, 2, 2, 2, 8, 8, 8]","[1, 1, 1, 2, 2, 2, 2, 7, 7, 7]","[1, 1, 1, 2, 2, 2, 2, 7, 7, 7]","5","4","5"
"22","30","38","10","True","True","30","38","10","True","True","30","38","10","True","True","0.0","0.0","3","3","3","16","16","16","[1, 1, 1, 1, 1, 2, 3, 3, 1, 1]","[1, 1, 1, 1, 1, 2, 3, 3, 1, 1]","[1, 1, 1, 1, 1, 2, 3, 3, 1, 1]","3","3","3"
"23","25","28","10","True","True","25","28","10","True","True","25","28","10","True","True","0.0","0.0","3","3","3","12","12","12","[1, 1, 1, 2, 3, 3, 3, 2, 2, 1]","[1, 1, 1, 2, 3, 3, 3, 2, 2, 1]","[1, 1, 1, 2, 3, 3, 3, 2, 2, 1]","3","3","3"
"24","25","27","10","True","True","25","27","10","True","True","25","27","10","True","True","0.0","0.0","3","3","3","11","11","11","[1, 1, 1, 3, 3, 3, 3, 1, 1, 1]","[1, 1, 1, 3, 3, 3, 3, 1, 1, 1]","[1, 1, 1, 3, 3, 3, 3, 1, 1, 1]","3","3","3"
"25","25","27","10","True","True","25","27","10","True","True","25","27","10","True","True","0.0","0.0","3","3","3","11","11","11","[1, 1, 3, 4, 4, 4, 4, 4, 1, 1]","[1, 1, 3, 4, 4, 4, 4, 4, 1, 1]","[1, 1, 3, 4, 4, 4, 4, 4, 1, 1]","3","3","3"
"26","25","28","10","True","True","25","28","10","True","True","25","28","10","True","True","0.0","0.0","3","3","3","12","12","12","[1, 2, 3, 3, 1, 1, 1, 1, 1, 1]","[1, 2, 3, 3, 1, 1, 1, 1, 1, 1]","[1, 2, 3, 3, 1, 1, 1, 1, 1, 1]","3","3","3"
"27","25","27","10","True","True","25","27","10","True","True","25","27","10","True","True","0.0","0.0","3","3","3","11","11","11","[1, 1, 1, 1, 1, 1, 4, 4, 4, 3]","[1, 1, 1, 1, 1, 1, 4, 4, 4, 3]","[1, 1, 1, 1, 1, 1, 4, 4, 4, 3]","3","3","3"
"28","25","27","10","True","True","25","27","10","True","True","25","27","10","True","True","0.0","0.0","3","3","3","11","11","11","[1, 1, 1, 1, 1, 1, 4, 4, 4, 1]","[1, 1, 1, 1, 1, 1, 4, 4, 4, 1]","[1, 1, 1, 1, 1, 1, 4, 4, 4, 1]","3","3","3"
"29","32","40","10","True","False","29","33","10","True","True","31","40","10","True","False","0.0","0.07888875481730406","5","5","5","16","13","16","[1, 2, 2, 2, 4, 12, 12, 4, 4, 1]","[1, 1, 2, 2, 2, 3, 3, 3, 10, 10]","[1, 2, 2, 2, 3, 10, 10, 3, 3, 1]","5","5","5"
"30","25","28","10","True","True","25","28","10","True","True","25","28","10","True","True","0.0","0.0","3","3","3","12","12","12","[1, 1, 1, 1, 1, 1, 2, 2, 2, 2]","[1, 1, 1, 1, 1, 1, 2, 2, 2, 2]","[1, 1, 1, 1, 1, 1, 2, 2, 2, 2]","3","3","3"
"31","38","46","10","True","False","29","33","10","True","True","33","37","10","True","True","0.06816702996807866","0.131515214219608","9","5","5","18","13","13","[1, 2, 3, 9, 3, 5, 5, 5, 9, 1]","[1, 1, 2, 3, 3, 5, 5, 5, 9, 9]","[1, 2, 2, 6, 2, 4, 4, 4, 6, 1]","9","5","5"
"32","25","28","10","True","True","25","28","10","True","True","25","28","10","True","True","0.0","0.0","3","3","3","12","12","12","[1, 1, 1, 2, 2, 4, 4, 4, 2, 1]","[1, 1, 1, 2, 2, 4, 4, 4, 2, 1]","[1, 1, 1, 2, 2, 4, 4, 4, 2, 1]","3","3","3"
"33","32","40","10","True","False","27","30","10","True","True","31","40","10","True","False","0.0","0.11342553206512318","5","4","5","16","12","16","[1, 1, 2, 2, 1, 7, 8, 8, 7, 7]","[1, 1, 1, 2, 2, 5, 5, 5, 6, 6]","[1, 1, 2, 2, 1, 5, 6, 6, 5, 5]","5","4","5"
"34","30","38","10","True","True","30","38","10","True","True","30","38","10","True","True","0.0","0.0","3","3","3","16","16","16","[1, 1, 1, 1, 2, 2, 4, 4, 4, 2]","[1, 1, 1, 1, 2, 2, 4, 4, 4, 2]","[1, 1, 1, 1, 2, 2, 4, 4, 4, 2]","3","3","3"
"35","38","46","10","True","False","25","27","10","True","True","30","32","10","True","True","0.10053971131263606","0.19796337196244385","9","3","2","18","11","11","[7, 1, 2, 2, 4, 4, 2, 1, 7, 1]","[1, 1, 1, 1, 1, 1, 2, 2, 4, 5]","[2, 1, 1, 1, 1, 1, 1, 1, 2, 1]","9","3","2"
"36","38","46","10","True","False","29","33","10","True","True","33","37","10","True","False","0.06753684077388","0.131515214219608","9","5","5","18","13","13","[1, 1, 12, 12, 2, 3, 8, 8, 1, 1]","[1, 1, 1, 1, 2, 3, 8, 8, 12, 12]","[1, 1, 6, 6, 1, 1, 3, 3, 1, 1]","9","5","5"
"37","38","46","10","True","False","27","30","10","True","True","32","35","10","True","True","0.0852434320923976","0.1640787788774989","9","4","4","18","12","13","[8, 1, 1, 2, 8, 3, 1, 3, 3, 3]","[1, 1, 1, 2, 3, 3, 3, 3, 8, 8]","[2, 1, 1, 1, 4, 2, 1, 1, 1, 1]","9","4","4"
"38","25","27","10","True","True","25","27","10","True","True","25","27","10","True","True","0.0","0.0","3","3","3","11","11","11","[1, 2, 2, 2, 2, 4, 4, 4, 2, 1]","[1, 2, 2, 2, 2, 4, 4, 4, 2, 1]","[1, 2, 2, 2, 2, 4, 4, 4, 2, 1]","3","3","3"
"39","25","27","10","True","True","25","27","10","True","True","25","27","10","True","True","0.0","0.0","3","3","3","11","11","11","[1, 1, 1, 1, 1, 1, 4, 4, 1, 1]","[1, 1, 1, 1, 1, 1, 4, 4, 1, 1]","[1, 1, 1, 1, 1, 1, 4, 4, 1, 1]","3","3","3"
"40","25","27","10","True","True","25","27","10","True","True","25","27","10","True","True","0.0","0.0","3","3","3","11","11","11","[1, 1, 1, 1, 1, 2, 4, 4, 4, 1]","[1, 1, 1, 1, 1, 2, 4, 4, 4, 1]","[1, 1, 1, 1, 1, 2, 4, 4, 4, 1]","3","3","3"
"41","32","40","10","True","False","27","30","10","True","False","31","40","10","True","False","0.0","0.11342553206512318","5","4","5","16","12","16","[1, 1, 1, 3, 3, 11, 1, 2, 2, 2]","[1, 1, 1, 1, 1, 1, 1, 3, 3, 9]","[1, 1, 1, 3, 3, 9, 1, 1, 1, 1]","5","4","5"
"42","32","40","10","True","False","29","33","10","True","True","31","39","10","True","False","0.01170194183985307","0.07888875481730406","5","5","5","16","13","15","[1, 1, 11, 2, 3, 5, 5, 5, 1, 1]","[1, 1, 1, 1, 2, 3, 5, 5, 5, 11]","[1, 1, 11, 2, 3, 5, 5, 5, 1, 1]","5","5","5"
"43","30","38","10","True","True","30","38","10","True","True","30","38","10","True","True","0.0","0.0","3","3","3","16","16","16","[1, 1, 1, 1, 1, 1, 1, 1, 1, 1]","[1, 1, 1, 1, 1, 1, 1, 1, 1, 1]","[1, 1, 1, 1, 1, 1, 1, 1, 1, 1]","3","3","3"
"44","25","28","10","True","True","25","28","10","True","True","25","28","10","True","True","0.0","0.0","3","3","3","12","12","12","[1, 2, 2, 2, 2, 2, 1, 1, 1, 1]","[1, 2, 2, 2, 2, 2, 1, 1, 1, 1]","[1, 2, 2, 2, 2, 2, 1, 1, 1, 1]","3","3","3"
"45","38","46","10","True","False","25","27","10","True","True","34","40","10","True","True","0.042405048647718435","0.19796337196244385","9","3","6","18","11","15","[1, 2, 2, 2, 2, 2, 6, 5, 5, 1]","[1, 1, 2, 2, 2, 2, 2, 5, 5, 5]","[1, 2, 2, 2, 2, 1, 4, 4, 4, 1]","9","3","6"
"46","25","27","10","True","True","25","27","10","True","True","25","27","10","True","True","0.0","0.0","3","3","3","11","11","11","[1, 1, 1, 1, 1, 3, 4, 4, 4, 4]","[1, 1, 1, 1, 1, 3, 4, 4, 4, 4]","[1, 1, 1, 1, 1, 3, 4, 4, 4, 4]","3","3","3"
"47","30","37","10","True","True","30","37","10","True","True","30","37","10","True","True","0.0","0.0","3","3","3","15","15","15","[1, 1, 3, 3, 3, 4, 4, 4, 1, 1]","[1, 1, 3, 3, 3, 4, 4, 4, 1, 1]","[1, 1, 3, 3, 3, 4, 4, 4, 1, 1]","3","3","3"
"48","32","40","10","True","False","27","30","10","True","True","31","40","10","True","False","0.0","0.11342553206512318","5","4","5","16","12","16","[1, 2, 13, 2, 2, 3, 4, 4, 4, 2]","[1, 1, 1, 1, 1, 2, 3, 3, 3, 8]","[1, 1, 8, 1, 1, 2, 3, 3, 3, 1]","5","4","5"
"49","25","28","10","True","True","25","28","10","True","True","25","28","10","True","True","0.0","0.0","3","3","3","12","12","12","[1, 1, 1, 1, 2, 2, 1, 1, 1, 1]","[1, 1, 1, 1, 2, 2, 1, 1, 1, 1]","[1, 1, 1, 1, 2, 2, 1, 1, 1, 1]","3","3","3"
"50","25","27","10","True","True","25","27","10","True","True","25","27","10","True","True","0.0","0.0","3","3","3","11","11","11","[1, 1, 1, 1, 1, 3, 3, 4, 4, 4]","[1, 1, 1, 1, 1, 3, 3, 4, 4, 4]","[1, 1, 1, 1, 1, 3, 3, 4, 4, 4]","3","3","3"
"51","25","28","10","True","True","25","28","10","True","True","25","28","10","True","True","0.0","0.0","3","3","3","12","12","12","[1, 1, 1, 1, 1, 1, 3, 3, 2, 2]","[1, 1, 1, 1, 1, 1, 3, 3, 2, 2]","[1, 1, 1, 1, 1, 1, 3, 3, 2, 2]","3","3","3"
"52","25","27","10","True","True","25","27","10","True","True","25","27","10","True","True","0.0","0.0","3","3","3","11","11","11","[1, 2, 2, 1, 1, 2, 3, 3, 3, 1]","[1, 2, 2, 1, 1, 2, 3, 3, 3, 1]","[1, 2, 2, 1, 1, 2, 3, 3, 3, 1]","3","3","3"
"53","25","27","10","True","True","25","27","10","True","True","25","27","10","True","True","0.0","0.0","3","3","3","11","11","11","[1, 1, 2, 2, 2, 4, 4, 3, 1, 1]","[1, 1, 2, 2, 2, 4, 4, 3, 1, 1]","[1, 1, 2, 2, 2, 4, 4, 3, 1, 1]","3","3","3"
"54","38","46","10","True","False","25","27","10","True","True","36","44","10","True","True","0.012903977681324341","0.19796337196244385","9","3","8","18","11","17","[1, 1, 1, 3, 8, 1, 7, 7, 1, 1]","[1, 1, 1, 1, 1, 1, 2, 6, 6, 6]","[1, 1, 1, 2, 6, 1, 6, 6, 1, 1]","9","3","8"
"55","25","28","10","True","True","25","28","10","True","True","25","28","10","True","True","0.0","0.0","3","3","3","12","12","12","[1, 1, 1, 1, 1, 2, 2, 2, 1, 1]","[1, 1, 1, 1, 1, 2, 2, 2, 1, 1]","[1, 1, 1, 1, 1, 2, 2, 2, 1, 1]","3","3","3"
"56","32","40","10","True","False","27","30","10","True","True","31","40","10","True","False","0.0","0.11342553206512318","5","4","5","16","12","16","[1, 9, 2, 4, 4, 3, 1, 1, 1, 1]","[1, 1, 1, 1, 1, 2, 3, 3, 3, 8]","[1, 8, 2, 3, 3, 3, 1, 1, 1, 1]","5","4","5"
"57","30","38","10","True","True","30","38","10","True","True","30","38","10","True","True","0.0","0.0","3","3","3","16","16","16","[1, 1, 1, 1, 2, 2, 2, 2, 2, 1]","[1, 1, 1, 1, 2, 2, 2, 2, 2, 1]","[1, 1, 1, 1, 2, 2, 2, 2, 2, 1]","3","3","3"
"58","25","27","10","True","True","25","27","10","True","True","25","27","10","True","True","0.0","0.0","3","3","3","11","11","11","[1, 1, 1, 2, 4, 4, 4, 4, 1, 1]","[1, 1, 1, 2, 4, 4, 4, 4, 1, 1]","[1, 1, 1, 2, 4, 4, 4, 4, 1, 1]","3","3","3"
"59","38","46","10","True","False","27","30","10","True","True","32","38","10","True","True","0.07247011025474037","0.1640787788774989","9","4","6","18","12","15","[1, 1, 11, 11, 2, 3, 3, 5, 5, 5]","[1, 1, 1, 2, 2, 3, 3, 3, 7, 7]","[1, 1, 4, 4, 1, 1, 1, 2, 2, 2]","9","4","6"
"60","25","27","10","True","True","25","27","10","True","True","25","27","10","True","True","0.0","0.0","3","3","3","11","11","11","[1, 1, 1, 1, 3, 4, 4, 4, 3, 1]","[1, 1, 1, 1, 3, 4, 4, 4, 3, 1]","[1, 1, 1, 1, 3, 4, 4, 4, 3, 1]","3","3","3"
"61","38","46","10","True","False","29","33","10","True","False","32","36","10","True","True","0.07019875987680235","0.131515214219608","9","5","4","18","13","13","[2, 2, 8, 16, 16, 2, 2, 2, 21, 1]","[1, 1, 1, 1, 1, 1, 4, 8, 8, 11]","[1, 1, 3, 6, 6, 1, 1, 1, 7, 1]","9","5","4"
"62","25","27","10","True","True","25","27","10","True","True","25","27","10","True","True","0.0","0.0","3","3","3","11","11","11","[1, 1, 2, 2, 2, 6, 6, 2, 2, 2]","[1, 1, 2, 2, 2, 6, 6, 2, 2, 2]","[1, 1, 2, 2, 2, 6, 6, 2, 2, 2]","3","3","3"
"63","30","38","10","True","True","30","38","10","True","True","30","38","10","True","True","0.0","0.0","3","3","3","16","16","16","[1, 1, 1, 1, 1, 1, 1, 3, 3, 3]","[1, 1, 1, 1, 1, 1, 1, 3, 3, 3]","[1, 1, 1, 1, 1, 1, 1, 3, 3, 3]","3","3","3"
"64","25","28","10","True","True","25","28","10","True","True","25","28","10","True","True","0.0","0.0","3","3","3","12","12","12","[1, 1, 1, 2, 2, 3, 3, 2, 1, 1]","[1, 1, 1, 2, 2, 3, 3, 2, 1, 1]","[1, 1, 1, 2, 2, 3, 3, 2, 1, 1]","3","3","3"
"65","38","46","10","True","False","25","27","10","True","True","36","43","10","True","False","0.02451807456409949","0.19796337196244385","9","3","8","18","11","16","[1, 1, 4, 8, 8, 2, 2, 2, 1, 1]","[1, 1, 1, 1, 2, 2, 2, 4, 8, 8]","[1, 1, 3, 8, 8, 2, 2, 2, 1, 1]","9","3","8"
"66","25","27","10","True","True","25","27","10","True","True","25","27","10","True","True","0.0","0.0","3","3","3","11","11","11","[1, 1, 1, 1, 3, 6, 6, 6, 3, 1]","[1, 1, 1, 1, 3, 6, 6, 6, 3, 1]","[1, 1, 1, 1, 3, 6, 6, 6, 3, 1]","3","3","3"
"67","25","27","10","True","True","25","27","10","True","True","25","27","10","True","True","0.0","0.0","3","3","3","11","11","11","[1, 1, 2, 2, 2, 2, 4, 4, 4, 1]","[1, 1, 2, 2, 2, 2, 4, 4, 4, 1]","[1, 1, 2, 2, 2, 2, 4, 4, 4, 1]","3","3","3"
"68","25","27","10","True","True","25","27","10","True","True","25","27","10","True","True","0.0","0.0","3","3","3","11","11","11","[1, 2, 2, 2, 4, 4, 3, 3, 3, 1]","[1, 2, 2, 2, 4, 4, 3, 3, 3, 1]","[1, 2, 2, 2, 4, 4, 3, 3, 3, 1]","3","3","3"
"69","25","28","10","True","True","25","28","10","True","True","25","28","10","True","True","0.0","0.0","3","3","3","12","12","12","[1, 1, 1, 3, 3, 3, 3, 2, 1, 1]","[1, 1, 1, 3, 3, 3, 3, 2, 1, 1]","[1, 1, 1, 3, 3, 3, 3, 2, 1, 1]","3","3","3"
"70","25","28","10","True","True","25","28","10","True","True","25","28","10","True","True","0.0","0.0","3","3","3","12","12","12","[1, 1, 2, 2, 1, 2, 2, 2, 2, 2]","[1, 1, 2, 2, 1, 2, 2, 2, 2, 2]","[1, 1, 2, 2, 1, 2, 2, 2, 2, 2]","3","3","3"
"71","38","46","10","True","False","29","33","10","True","False","34","39","10","True","True","0.05388743479615221","0.131515214219608","9","5","6","18","13","14","[1, 7, 1, 1, 1, 10, 10, 4, 1, 1]","[1, 1, 1, 1, 1, 1, 4, 7, 10, 10]","[1, 4, 1, 1, 1, 8, 8, 3, 1, 1]","9","5","6"
"72","25","27","10","True","True","25","27","10","True","True","25","27","10","True","True","0.0","0.0","3","3","3","11","11","11","[1, 1, 1, 1, 2, 4, 4, 1, 1, 1]","[1, 1, 1, 1, 2, 4, 4, 1, 1, 1]","[1, 1, 1, 1, 2, 4, 4, 1, 1, 1]","3","3","3"
"73","25","27","10","True","True","25","27","10","True","True","25","27","10","True","True","0.0","0.0","3","3","3","11","11","11","[1, 1, 1, 2, 2, 3, 5, 5, 2, 2]","[1, 1, 1, 2, 2, 3, 5, 5, 2, 2]","[1, 1, 1, 2, 2, 3, 5, 5, 2, 2]","3","3","3"
"74","25","28","10","True","True","25","28","10","True","True","25","28","10","True","True","0.0","0.0","3","3","3","12","12","12","[1, 1, 3, 3, 3, 3, 2, 1, 1, 1]","[1, 1, 3, 3, 3, 3, 2, 1, 1, 1]","[1, 1, 3, 3, 3, 3, 2, 1, 1, 1]","3","3","3"
"75","30","38","10","True","True","30","38","10","True","True","30","38","10","True","True","0.0","0.0","3","3","3","16","16","16","[1, 1, 1, 2, 3, 3, 3, 3, 3, 2]","[1, 1, 1, 2, 3, 3, 3, 3, 3, 2]","[1, 1, 1, 2, 3, 3, 3, 3, 3, 2]","3","3","3"
"76","25","28","10","True","True","25","28","10","True","True","25","28","10","True","True","0.0","0.0","3","3","3","12","12","12","[1, 1, 1, 3, 3, 3, 3, 3, 2, 1]","[1, 1, 1, 3, 3, 3, 3, 3, 2, 1]","[1, 1, 1, 3, 3, 3, 3, 3, 2, 1]","3","3","3"
"77","38","46","10","True","False","27","30","10","True","True","37","46","10","True","False","0.0","0.1640787788774989","9","4","9","18","12","18","[2, 2, 1, 2, 2, 7, 10, 1, 1, 1]","[1, 1, 1, 1, 1, 1, 2, 2, 6, 8]","[1, 1, 1, 2, 2, 6, 8, 1, 1, 1]","9","4","9"
"78","32","40","10","True","False","29","33","10","True","True","31","39","10","True","False","0.013435656625464087","0.07888875481730406","5","5","5","16","13","15","[1, 1, 5, 5, 5, 14, 5, 5, 2, 1]","[1, 1, 1, 2, 5, 5, 5, 5, 5, 14]","[1, 1, 5, 5, 5, 14, 5, 5, 2, 1]","5","5","5"
"79","38","46","10","True","False","31","36","10","True","True","34","40","10","True","False","0.041429698943123316","0.10012925464759448","9","6","6","18","14","15","[22, 1, 2, 2, 2, 2, 2, 10, 10, 10]","[1, 2, 2, 2, 2, 2, 9, 9, 9, 21]","[18, 1, 2, 2, 2, 2, 2, 8, 8, 8]","9","6","6"
"80","25","28","10","True","True","25","28","10","True","True","25","28","10","True","True","0.0","0.0","3","3","3","12","12","12","[1, 1, 1, 2, 2, 2, 2, 2, 1, 1]","[1, 1, 1, 2, 2, 2, 2, 2, 1, 1]","[1, 1, 1, 2, 2, 2, 2, 2, 1, 1]","3","3","3"
"81","38","46","10","True","False","27","30","10","True","True","32","36","11","True","True","0.07400657449773185","0.1640787788774989","9","4","4","18","12","14","[1, 2, 2, 11, 15, 7, 2, 2, 2, 1]","[1, 1, 1, 1, 1, 1, 1, 3, 5, 7]","[1, 1, 1, 4, 5, 2, 1, 1, 1, 1, 1]","9","4","4"
"82","30","37","10","True","True","30","37","10","True","True","30","37","10","True","True","0.0","0.0","3","3","3","15","15","15","[1, 1, 1, 5, 5, 5, 5, 2, 1, 1]","[1, 1, 1, 5, 5, 5, 5, 2, 1, 1]","[1, 1, 1, 5, 5, 5, 5, 2, 1, 1]","3","3","3"
"83","25","28","10","True","True","25","28","10","True","True","25","28","10","True","True","0.0","0.0","3","3","3","12","12","12","[1, 1, 1, 1, 1, 3, 3, 1, 1, 1]","[1, 1, 1, 1, 1, 3, 3, 1, 1, 1]","[1, 1, 1, 1, 1, 3, 3, 1, 1, 1]","3","3","3"
"84","25","27","10","True","True","25","27","10","True","True","25","27","10","True","True","0.0","0.0","3","3","3","11","11","11","[1, 1, 3, 3, 2, 2, 2, 2, 2, 2]","[1, 1, 3, 3, 2, 2, 2, 2, 2, 2]","[1, 1, 3, 3, 2, 2, 2, 2, 2, 2]","3","3","3"
"85","25","28","10","True","True","25","28","10","True","True","25","28","10","True","True","0.0","0.0","3","3","3","12","12","12","[1, 1, 1, 1, 1, 1, 3, 3, 1, 1]","[1, 1, 1, 1, 1, 1, 3, 3, 1, 1]","[1, 1, 1, 1, 1, 1, 3, 3, 1, 1]","3","3","3"
"86","32","40","10","True","False","29","33","10","True","True","31","39","10","True","False","0.01170194183985307","0.07888875481730406","5","5","5","16","13","15","[1, 11, 11, 2, 3, 3, 3, 3, 2, 1]","[1, 1, 2, 2, 3, 3, 3, 3, 11, 11]","[1, 11, 11, 2, 3, 3, 3, 3, 2, 1]","5","5","5"
"87","38","46","10","True","False","27","30","10","True","False","35","42","10","True","False","0.027542636376090224","0.1640787788774989","9","4","7","18","12","16","[1, 1, 1, 1, 3, 4, 9, 4, 1, 1]","[1, 1, 1, 1, 1, 1, 3, 3, 4, 8]","[1, 1, 1, 1, 2, 2, 6, 4, 1, 1]","9","4","7"
"88","25","27","10","True","True","25","27","10","True","True","25","27","10","True","True","0.0","0.0","3","3","3","11","11","11","[1, 1, 1, 2, 3, 4, 4, 1, 1, 1]","[1, 1, 1, 2, 3, 4, 4, 1, 1, 1]","[1, 1, 1, 2, 3, 4, 4, 1, 1, 1]","3","3","3"
"89","38","46","10","True","False","27","30","10","True","True","36","43","10","True","False","0.02451807456409949","0.1640787788774989","9","4","8","18","12","16","[1, 1, 1, 2, 2, 1, 7, 3, 6, 1]","[1, 1, 1, 1, 1, 2, 2, 3, 6, 7]","[1, 1, 1, 2, 2, 1, 6, 2, 5, 1]","9","4","8"
"90","25","28","10","True","True","25","28","10","True","True","25","28","10","True","True","0.0","0.0","3","3","3","12","12","12","[1, 1, 1, 1, 1, 2, 2, 2, 2, 2]","[1, 1, 1, 1, 1, 2, 2, 2, 2, 2]","[1, 1, 1, 1, 1, 2, 2, 2, 2, 2]","3","3","3"
"91","38","46","10","True","False","27","30","10","True","True","34","39","10","True","True","0.05166059040004678","0.1640787788774989","9","4","6","18","12","14","[3, 3, 1, 1, 1, 8, 5, 1, 1, 1]","[1, 1, 1, 1, 1, 1, 3, 3, 5, 8]","[3, 3, 1, 1, 1, 5, 3, 1, 1, 1]","9","4","6"
"92","30","38","10","True","True","30","38","10","True","True","30","38","10","True","True","0.0","0.0","3","3","3","16","16","16","[1, 1, 1, 2, 2, 1, 1, 1, 1, 1]","[1, 1, 1, 2, 2, 1, 1, 1, 1, 1]","[1, 1, 1, 2, 2, 1, 1, 1, 1, 1]","3","3","3"
"93","25","27","10","True","True","25","27","10","True","True","25","27","10","True","True","0.0","0.0","3","3","3","11","11","11","[1, 1, 1, 1, 1, 1, 3, 4, 4, 4]","[1, 1, 1, 1, 1, 1, 3, 4, 4, 4]","[1, 1, 1, 1, 1, 1, 3, 4, 4, 4]","3","3","3"
"94","38","46","10","True","False","33","39","10","True","True","32","36","10","True","True","0.08419817360900683","0.06980169127751379","9","7","5","18","15","13","[1, 1, 22, 4, 9, 9, 12, 12, 1, 1]","[1, 1, 1, 1, 4, 9, 9, 12, 12, 22]","[1, 1, 11, 2, 4, 4, 6, 6, 1, 1]","9","7","5"
"95","30","38","10","True","True","30","38","10","True","True","30","38","10","True","True","0.0","0.0","3","3","3","16","16","16","[1, 1, 1, 1, 1, 1, 2, 2, 2, 2]","[1, 1, 1, 1, 1, 1, 2, 2, 2, 2]","[1, 1, 1, 1, 1, 1, 2, 2, 2, 2]","3","3","3"
"96","25","27","10","True","True","25","27","10","True","True","25","27","10","True","True","0.0","0.0","3","3","3","11","11","11","[1, 1, 2, 2, 2, 3, 5, 5, 2, 2]","[1, 1, 2, 2, 2, 3, 5, 5, 2, 2]","[1, 1, 2, 2, 2, 3, 5, 5, 2, 2]","3","3","3"
"97","25","27","10","True","True","25","27","10","True","True","25","27","10","True","True","0.0","0.0","3","3","3","11","11","11","[1, 1, 1, 1, 1, 1, 1, 4, 4, 4]","[1, 1, 1, 1, 1, 1, 1, 4, 4, 4]","[1, 1, 1, 1, 1, 1, 1, 4, 4, 4]","3","3","3"
"98","52","62","15","True","False","39","43","15","True","True","50","60","15","True","True","0.009445865084508398","0.14069234684801557","11","5","10","25","18","24","[1, 2, 2, 2, 12, 9, 2, 2, 1, 1, 1, 1, 1, 5, 5]","[1, 1, 1, 1, 1, 1, 2, 2, 2, 2, 2, 5, 5, 8, 11]","[1, 2, 2, 2, 11, 8, 2, 2, 1, 1, 1, 1, 1, 5, 5]","11","5","10"
"99","39","44","15","True","True","39","44","15","True","True","39","44","15","True","True","0.0","0.0","5","5","5","19","19","19","[1, 1, 1, 1, 1, 1, 1, 1, 1, 3, 4, 7, 7, 3, 3]","[1, 1, 1, 1, 1, 1, 1, 1, 1, 3, 4, 7, 7, 3, 3]","[1, 1, 1, 1, 1, 1, 1, 1, 1, 3, 4, 7, 7, 3, 3]","5","5","5"
"100","39","44","15","True","True","39","44","15","True","True","39","44","15","True","True","0.0","0.0","5","5","5","19","19","19","[1, 1, 2, 2, 2, 4, 8, 8, 8, 8, 8, 8, 8, 8, 1]","[1, 1, 2, 2, 2, 4, 8, 8, 8, 8, 8, 8, 8, 8, 1]","[1, 1, 2, 2, 2, 4, 8, 8, 8, 8, 8, 8, 8, 8, 1]","5","5","5"
"101","39","44","15","True","True","39","44","15","True","True","39","44","15","True","True","0.0","0.0","5","5","5","19","19","19","[1, 1, 1, 1, 1, 1, 1, 1, 1, 2, 5, 5, 1, 1, 1]","[1, 1, 1, 1, 1, 1, 1, 1, 1, 2, 5, 5, 1, 1, 1]","[1, 1, 1, 1, 1, 1, 1, 1, 1, 2, 5, 5, 1, 1, 1]","5","5","5"
"102","52","62","15","True","False","45","52","15","True","True","47","53","15","True","True","0.05176590340379872","0.07236585581463739","11","8","6","25","21","21","[1, 8, 1, 1, 1, 1, 1, 3, 6, 6, 6, 6, 23, 6, 5]","[1, 1, 1, 1, 1, 1, 3, 5, 6, 6, 6, 6, 6, 8, 23]","[1, 2, 1, 1, 1, 1, 1, 3, 1, 1, 1, 1, 4, 1, 1]","11","8","6"
"103","52","62","15","True","False","39","43","15","True","True","49","57","15","True","False","0.02753879927978209","0.14069234684801557","11","5","9","25","18","22","[1, 1, 1, 2, 2, 2, 1, 1, 5, 2, 2, 8, 13, 13, 5]","[1, 1, 1, 1, 1, 2, 2, 2, 2, 2, 5, 5, 8, 13, 13]","[1, 1, 1, 2, 2, 2, 1, 1, 3, 1, 1, 5, 9, 9, 3]","11","5","9"
"104","46","56","15","True","False","41","46","15","True","True","45","55","15","True","False","0.009515869481628192","0.07905237418007949","7","6","7","23","19","22","[1, 1, 2, 2, 2, 4, 15, 6, 13, 13, 13, 4, 1, 1, 1]","[1, 1, 1, 1, 1, 2, 2, 2, 4, 4, 6, 13, 13, 13, 15]","[1, 1, 2, 2, 2, 4, 15, 6, 13, 13, 13, 4, 1, 1, 1]","7","6","7"
"105","39","43","15","True","True","39","43","15","True","True","39","43","15","True","True","0.0","0.0","5","5","5","18","18","18","[1, 1, 2, 2, 4, 4, 5, 5, 5, 5, 7, 7, 7, 1, 1]","[1, 1, 2, 2, 4, 4, 5, 5, 5, 5, 7, 7, 7, 1, 1]","[1, 1, 2, 2, 4, 4, 5, 5, 5, 5, 7, 7, 7, 1, 1]","5","5","5"
"106","39","43","15","True","True","39","43","15","True","True","39","43","15","True","True","0.0","0.0","5","5","5","18","18","18","[1, 1, 1, 1, 1, 1, 1, 5, 8, 8, 5, 5, 3, 2, 1]","[1, 1, 1, 1, 1, 1, 1, 5, 8, 8, 5, 5, 3, 2, 1]","[1, 1, 1, 1, 1, 1, 1, 5, 8, 8, 5, 5, 3, 2, 1]","5","5","5"
"107","52","62","15","True","False","43","49","15","True","True","44","47","15","True","True","0.08246042215051208","0.09456826988767564","11","7","4","25","20","17","[1, 1, 1, 1, 2, 2, 1, 3, 3, 3, 4, 4, 18, 18, 18]","[1, 1, 1, 1, 1, 2, 2, 3, 3, 3, 4, 4, 18, 18, 18]","[1, 1, 1, 1, 2, 2, 1, 2, 2, 2, 2, 2, 8, 8, 8]","11","7","4"
"108","39","43","15","True","True","39","43","15","True","True","39","43","15","True","True","0.0","0.0","5","5","5","18","18","18","[1, 1, 1, 1, 1, 1, 1, 3, 7, 7, 1, 1, 2, 2, 2]","[1, 1, 1, 1, 1, 1, 1, 3, 7, 7, 1, 1, 2, 2, 2]","[1, 1, 1, 1, 1, 1, 1, 3, 7, 7, 1, 1, 2, 2, 2]","5","5","5"
"109","46","56","15","True","False","35","37","15","True","True","45","56","15","True","False","0.0","0.15428713726350252","7","3","7","23","16","23","[1, 11, 11, 11, 11, 1, 2, 2, 2, 3, 3, 3, 4, 4, 4]","[1, 1, 2, 2, 2, 2, 2, 2, 4, 4, 4, 8, 8, 8, 8]","[1, 8, 8, 8, 8, 1, 2, 2, 2, 2, 2, 2, 4, 4, 4]","7","3","7"
"110","46","56","15","True","False","35","37","15","True","True","45","56","15","True","False","0.0","0.15428713726350252","7","3","7","23","16","23","[1, 8, 2, 2, 2, 2, 2, 2, 2, 2, 4, 6, 6, 6, 1]","[1, 1, 1, 1, 1, 1, 1, 2, 2, 2, 4, 5, 5, 5, 5]","[1, 5, 1, 1, 1, 1, 1, 2, 2, 2, 4, 5, 5, 5, 1]","7","3","7"
"111","46","56","15","True","False","41","46","15","True","True","45","55","15","True","False","0.009515869481628192","0.07905237418007949","7","6","7","23","19","22","[1, 1, 2, 2, 2, 3, 3, 3, 19, 19, 2, 6, 6, 6, 6]","[1, 1, 2, 2, 2, 2, 3, 3, 3, 6, 6, 6, 6, 19, 19]","[1, 1, 2, 2, 2, 3, 3, 3, 19, 19, 2, 6, 6, 6, 6]","7","6","7"
"112","52","62","15","True","False","43","49","15","True","True","47","53","15","True","False","0.05022892197922013","0.09456826988767564","11","7","7","25","20","20","[1, 1, 1, 1, 1, 1, 11, 11, 2, 3, 12, 6, 7, 7, 7]","[1, 1, 1, 1, 1, 1, 2, 3, 6, 7, 7, 7, 11, 11, 12]","[1, 1, 1, 1, 1, 1, 7, 7, 2, 2, 7, 4, 4, 4, 4]","11","7","7"
"113","39","44","15","True","True","39","44","15","True","True","39","44","15","True","True","0.0","0.0","5","5","5","19","19","19","[2, 2, 2, 2, 2, 4, 4, 4, 6, 6, 6, 1, 1, 1, 1]","[2, 2, 2, 2, 2, 4, 4, 4, 6, 6, 6, 1, 1, 1, 1]","[2, 2, 2, 2, 2, 4, 4, 4, 6, 6, 6, 1, 1, 1, 1]","5","5","5"
"114","39","44","15","True","True","39","44","15","True","True","39","44","15","True","True","0.0","0.0","5","5","5","19","19","19","[1, 1, 1, 1, 1, 2, 5, 5, 5, 5, 3, 3, 3, 3, 2]","[1, 1, 1, 1, 1, 2, 5, 5, 5, 5, 3, 3, 3, 3, 2]","[1, 1, 1, 1, 1, 2, 5, 5, 5, 5, 3, 3, 3, 3, 2]","5","5","5"
"115","52","62","15","True","False","41","46","15","True","True","46","53","15","True","True","0.050606900672915955","0.11732897955700161","11","6","7","25","19","21","[1, 1, 1, 1, 1, 1, 3, 14, 14, 1, 6, 4, 7, 7, 7]","[1, 1, 1, 1, 1, 1, 1, 3, 4, 5, 7, 7, 7, 14, 14]","[1, 1, 1, 1, 1, 1, 3, 12, 12, 1, 4, 2, 5, 5, 5]","11","6","7"
"116","46","56","15","True","False","35","37","15","True","True","45","55","15","True","False","0.008290085359866195","0.15428713726350252","7","3","7","23","16","22","[1, 1, 1, 1, 1, 2, 2, 2, 2, 4, 4, 2, 2, 5, 5]","[1, 1, 1, 1, 1, 2, 2, 2, 2, 2, 2, 4, 4, 5, 5]","[1, 1, 1, 1, 1, 2, 2, 2, 2, 4, 4, 2, 2, 5, 5]","7","3","7"
"117","39","44","15","True","True","39","44","15","True","True","39","44","15","True","True","0.0","0.0","5","5","5","19","19","19","[1, 1, 1, 1, 1, 3, 3, 2, 3, 3, 4, 4, 4, 1, 1]","[1, 1, 1, 1, 1, 3, 3, 2, 3, 3, 4, 4, 4, 1, 1]","[1, 1, 1, 1, 1, 3, 3, 2, 3, 3, 4, 4, 4, 1, 1]","5","5","5"
"118","39","44","15","True","True","39","44","15","True","True","39","44","15","True","True","0.0","0.0","5","5","5","19","19","19","[1, 1, 1, 1, 1, 3, 3, 2, 2, 1, 1, 1, 1, 1, 1]","[1, 1, 1, 1, 1, 3, 3, 2, 2, 1, 1, 1, 1, 1, 1]","[1, 1, 1, 1, 1, 3, 3, 2, 2, 1, 1, 1, 1, 1, 1]","5","5","5"
"119","39","43","15","True","True","39","43","15","True","True","39","43","15","True","True","0.0","0.0","5","5","5","18","18","18","[1, 1, 1, 1, 2, 2, 2, 8, 8, 7, 7, 7, 7, 7, 2]","[1, 1, 1, 1, 2, 2, 2, 8, 8, 7, 7, 7, 7, 7, 2]","[1, 1, 1, 1, 2, 2, 2, 8, 8, 7, 7, 7, 7, 7, 2]","5","5","5"
"120","52","62","15","True","False","35","37","15","True","True","45","50","15","True","True","0.06367187703573529","0.1894368206999869","11","3","4","25","16","20","[1, 1, 2, 2, 2, 2, 2, 2, 2, 2, 5, 8, 8, 2, 2]","[1, 1, 1, 1, 2, 2, 2, 2, 2, 2, 2, 2, 4, 8, 8]","[1, 1, 2, 2, 2, 2, 1, 1, 1, 1, 2, 2, 2, 1, 1]","11","3","4"
"121","39","43","15","True","True","39","43","15","True","True","39","43","15","True","True","0.0","0.0","5","5","5","18","18","18","[1, 1, 1, 2, 2, 2, 4, 4, 4, 6, 7, 7, 3, 1, 1]","[1, 1, 1, 2, 2, 2, 4, 4, 4, 6, 7, 7, 3, 1, 1]","[1, 1, 1, 2, 2, 2, 4, 4, 4, 6, 7, 7, 3, 1, 1]","5","5","5"
"122","39","43","15","True","True","39","43","15","True","True","39","43","15","True","True","0.0","0.0","5","5","5","18","18","18","[1, 1, 3, 3, 4, 4, 8, 9, 9, 8, 8, 1, 1, 1, 1]","[1, 1, 3, 3, 4, 4, 8, 9, 9, 8, 8, 1, 1, 1, 1]","[1, 1, 3, 3, 4, 4, 8, 9, 9, 8, 8, 1, 1, 1, 1]","5","5","5"
"123","52","62","15","True","False","43","49","15","True","False","48","55","15","True","False","0.03841468773402712","0.09456826988767564","11","7","8","25","20","21","[1, 1, 15, 1, 1, 1, 1, 1, 4, 4, 8, 9, 12, 9, 9]","[1, 1, 1, 1, 1, 1, 1, 4, 4, 8, 9, 9, 9, 12, 15]","[1, 1, 13, 1, 1, 1, 1, 1, 4, 4, 8, 8, 10, 8, 8]","11","7","8"
"124","39","43","15","True","True","39","43","15","True","True","39","43","15","True","True","0.0","0.0","5","5","5","18","18","18","[1, 1, 1, 2, 3, 4, 4, 4, 4, 4, 7, 7, 2, 2, 1]","[1, 1, 1, 2, 3, 4, 4, 4, 4, 4, 7, 7, 2, 2, 1]","[1, 1, 1, 2, 3, 4, 4, 4, 4, 4, 7, 7, 2, 2, 1]","5","5","5"
"125","39","44","15","True","True","39","44","15","True","True","39","44","15","True","True","0.0","0.0","5","5","5","19","19","19","[1, 1, 1, 2, 3, 3, 3, 3, 2, 2, 2, 2, 2, 2, 1]","[1, 1, 1, 2, 3, 3, 3, 3, 2, 2, 2, 2, 2, 2, 1]","[1, 1, 1, 2, 3, 3, 3, 3, 2, 2, 2, 2, 2, 2, 1]","5","5","5"
"126","39","44","15","True","True","39","44","15","True","True","39","44","15","True","True","0.0","0.0","5","5","5","19","19","19","[1, 1, 1, 1, 1, 1, 1, 2, 4, 4, 2, 2, 2, 1, 1]","[1, 1, 1, 1, 1, 1, 1, 2, 4, 4, 2, 2, 2, 1, 1]","[1, 1, 1, 1, 1, 1, 1, 2, 4, 4, 2, 2, 2, 1, 1]","5","5","5"
"127","39","44","15","True","True","39","44","15","True","True","39","44","15","True","True","0.0","0.0","5","5","5","19","19","19","[1, 1, 1, 1, 1, 1, 2, 5, 5, 4, 4, 2, 1, 1, 1]","[1, 1, 1, 1, 1, 1, 2, 5, 5, 4, 4, 2, 1, 1, 1]","[1, 1, 1, 1, 1, 1, 2, 5, 5, 4, 4, 2, 1, 1, 1]","5","5","5"
"128","39","43","15","True","True","39","43","15","True","True","39","43","15","True","True","0.0","0.0","5","5","5","18","18","18","[1, 1, 1, 1, 4, 5, 5, 1, 1, 6, 6, 6, 6, 6, 1]","[1, 1, 1, 1, 4, 5, 5, 1, 1, 6, 6, 6, 6, 6, 1]","[1, 1, 1, 1, 4, 5, 5, 1, 1, 6, 6, 6, 6, 6, 1]","5","5","5"
"129","39","44","15","True","True","39","44","15","True","True","39","44","15","True","True","0.0","0.0","5","5","5","19","19","19","[1, 1, 1, 1, 1, 2, 2, 1, 1, 2, 2, 2, 2, 1, 1]","[1, 1, 1, 1, 1, 2, 2, 1, 1, 2, 2, 2, 2, 1, 1]","[1, 1, 1, 1, 1, 2, 2, 1, 1, 2, 2, 2, 2, 1, 1]","5","5","5"
"130","52","62","15","True","False","41","46","15","True","True","47","53","15","True","True","0.04950772682700855","0.11732897955700161","11","6","7","25","19","20","[1, 1, 1, 9, 1, 3, 11, 11, 1, 1, 1, 5, 6, 6, 6]","[1, 1, 1, 1, 1, 1, 1, 3, 5, 6, 6, 6, 9, 11, 11]","[1, 1, 1, 6, 1, 2, 7, 7, 1, 1, 1, 3, 4, 4, 4]","11","6","7"
"131","39","43","15","True","True","39","43","15","True","True","39","43","15","True","True","0.0","0.0","5","5","5","18","18","18","[1, 1, 2, 2, 2, 4, 7, 7, 7, 7, 7, 2, 2, 1, 1]","[1, 1, 2, 2, 2, 4, 7, 7, 7, 7, 7, 2, 2, 1, 1]","[1, 1, 2, 2, 2, 4, 7, 7, 7, 7, 7, 2, 2, 1, 1]","5","5","5"
"132","39","44","15","True","True","39","44","15","True","True","39","44","15","True","True","0.0","0.0","5","5","5","19","19","19","[1, 1, 2, 2, 2, 2, 3, 3, 8, 8, 8, 8, 8, 1, 1]","[1, 1, 2, 2, 2, 2, 3, 3, 8, 8, 8, 8, 8, 1, 1]","[1, 1, 2, 2, 2, 2, 3, 3, 8, 8, 8, 8, 8, 1, 1]","5","5","5"
"133","52","62","15","True","False","41","46","15","True","True","45","49","15","True","True","0.07265780904394814","0.11732897955700161","11","6","5","25","19","19","[1, 2, 8, 4, 2, 1, 2, 2, 1, 3, 3, 6, 11, 3, 3]","[1, 1, 1, 2, 2, 2, 2, 3, 3, 3, 3, 4, 6, 8, 11]","[1, 1, 3, 2, 1, 1, 1, 1, 1, 1, 1, 2, 4, 1, 1]","11","6","5"
"134","39","43","15","True","True","39","43","15","True","True","39","43","15","True","True","0.0","0.0","5","5","5","18","18","18","[1, 1, 1, 1, 1, 1, 1, 1, 1, 1, 6, 6, 6, 3, 3]","[1, 1, 1, 1, 1, 1, 1, 1, 1, 1, 6, 6, 6, 3, 3]","[1, 1, 1, 1, 1, 1, 1, 1, 1, 1, 6, 6, 6, 3, 3]","5","5","5"
"135","46","56","15","True","False","37","40","15","True","True","45","55","15","True","False","0.009515869481628192","0.1284869437009235","7","4","7","23","17","22","[1, 2, 2, 2, 2, 3, 8, 1, 1, 1, 1, 2, 4, 4, 4]","[1, 1, 1, 1, 1, 2, 2, 2, 2, 2, 3, 4, 4, 4, 8]","[1, 2, 2, 2, 2, 3, 8, 1, 1, 1, 1, 2, 4, 4, 4]","7","4","7"
"136","44","54","15","True","True","44","54","15","True","True","44","54","15","True","True","0.0","0.0","5","5","5","23","23","23","[1, 1, 2, 2, 2, 2, 2, 4, 4, 4, 6, 6, 1, 1, 1]","[1, 1, 2, 2, 2, 2, 2, 4, 4, 4, 6, 6, 1, 1, 1]","[1, 1, 2, 2, 2, 2, 2, 4, 4, 4, 6, 6, 1, 1, 1]","5","5","5"
"137","46","56","15","True","False","35","37","15","True","True","45","56","15","True","False","0.0","0.15428713726350252","7","3","7","23","16","23","[1, 1, 2, 2, 4, 4, 2, 2, 7, 3, 1, 2, 2, 2, 1]","[1, 1, 1, 1, 1, 1, 1, 1, 2, 2, 2, 2, 3, 3, 6]","[1, 1, 1, 1, 3, 3, 1, 1, 6, 2, 1, 2, 2, 2, 1]","7","3","7"
"138","39","44","15","True","True","39","44","15","True","True","39","44","15","True","True","0.0","0.0","5","5","5","19","19","19","[1, 1, 1, 2, 2, 2, 2, 2, 2, 5, 5, 6, 6, 6, 2]","[1, 1, 1, 2, 2, 2, 2, 2, 2, 5, 5, 6, 6, 6, 2]","[1, 1, 1, 2, 2, 2, 2, 2, 2, 5, 5, 6, 6, 6, 2]","5","5","5"
"139","39","44","15","True","True","39","44","15","True","True","39","44","15","True","True","0.0","0.0","5","5","5","19","19","19","[1, 1, 1, 2, 2, 2, 2, 2, 2, 2, 8, 8, 8, 6, 2]","[1, 1, 1, 2, 2, 2, 2, 2, 2, 2, 8, 8, 8, 6, 2]","[1, 1, 1, 2, 2, 2, 2, 2, 2, 2, 8, 8, 8, 6, 2]","5","5","5"
"140","39","43","15","True","True","39","43","15","True","True","39","43","15","True","True","0.0","0.0","5","5","5","18","18","18","[1, 1, 1, 1, 1, 3, 3, 2, 3, 3, 3, 2, 3, 3, 3]","[1, 1, 1, 1, 1, 3, 3, 2, 3, 3, 3, 2, 3, 3, 3]","[1, 1, 1, 1, 1, 3, 3, 2, 3, 3, 3, 2, 3, 3, 3]","5","5","5"
"141","39","44","15","True","True","39","44","15","True","True","39","44","15","True","True","0.0","0.0","5","5","5","19","19","19","[1, 1, 1, 1, 1, 1, 3, 5, 5, 5, 5, 5, 2, 1, 1]","[1, 1, 1, 1, 1, 1, 3, 5, 5, 5, 5, 5, 2, 1, 1]","[1, 1, 1, 1, 1, 1, 3, 5, 5, 5, 5, 5, 2, 1, 1]","5","5","5"
"142","52","62","15","True","False","39","43","15","True","True","49","58","15","True","True","0.029483601072534116","0.14069234684801557","11","5","10","25","18","23","[1, 12, 1, 1, 1, 1, 2, 7, 7, 3, 3, 3, 2, 1, 1]","[1, 1, 1, 1, 1, 1, 1, 2, 2, 3, 3, 3, 7, 7, 12]","[1, 12, 1, 1, 1, 1, 2, 7, 7, 3, 3, 3, 2, 1, 1]","11","5","10"
"143","39","44","15","True","True","39","44","15","True","True","39","44","15","True","True","0.0","0.0","5","5","5","19","19","19","[1, 1, 1, 2, 2, 3, 3, 3, 1, 2, 2, 2, 1, 1, 1]","[1, 1, 1, 2, 2, 3, 3, 3, 1, 2, 2, 2, 1, 1, 1]","[1, 1, 1, 2, 2, 3, 3, 3, 1, 2, 2, 2, 1, 1, 1]","5","5","5"
"144","52","62","15","True","False","39","43","15","True","True","51","62","15","True","False","0.0","0.14069234684801557","11","5","11","25","18","25","[1, 1, 2, 3, 3, 9, 12, 12, 9, 9, 9, 9, 12, 1, 1]","[1, 1, 1, 1, 2, 3, 3, 8, 8, 8, 8, 8, 10, 10, 10]","[1, 1, 2, 3, 3, 8, 10, 10, 8, 8, 8, 8, 10, 1, 1]","11","5","11"
"145","39","44","15","True","True","39","44","15","True","True","39","44","15","True","True","0.0","0.0","5","5","5","19","19","19","[1, 1, 1, 1, 2, 2, 1, 1, 2, 4, 5, 5, 5, 1, 1]","[1, 1, 1, 1, 2, 2, 1, 1, 2, 4, 5, 5, 5, 1, 1]","[1, 1, 1, 1, 2, 2, 1, 1, 2, 4, 5, 5, 5, 1, 1]","5","5","5"
"146","52","62","15","True","False","43","49","15","True","True","46","51","15","True","True","0.06017948796436001","0.09456826988767564","11","7","6","25","20","19","[7, 3, 6, 15, 15, 3, 1, 1, 1, 4, 4, 4, 1, 1, 1]","[1, 1, 1, 1, 1, 1, 3, 3, 4, 4, 4, 6, 7, 15, 15]","[3, 3, 2, 4, 4, 3, 1, 1, 1, 1, 1, 1, 1, 1, 1]","11","7","6"
"147","39","43","15","True","True","39","43","15","True","True","39","43","15","True","True","0.0","0.0","5","5","5","18","18","18","[1, 1, 1, 1, 1, 2, 2, 1, 2, 2, 3, 5, 5, 5, 1]","[1, 1, 1, 1, 1, 2, 2, 1, 2, 2, 3, 5, 5, 5, 1]","[1, 1, 1, 1, 1, 2, 2, 1, 2, 2, 3, 5, 5, 5, 1]","5","5","5"
"148","39","43","15","True","True","39","43","15","True","True","39","43","15","True","True","0.0","0.0","5","5","5","18","18","18","[1, 2, 2, 2, 2, 2, 2, 7, 7, 5, 4, 4, 4, 1, 1]","[1, 2, 2, 2, 2, 2, 2, 7, 7, 5, 4, 4, 4, 1, 1]","[1, 2, 2, 2, 2, 2, 2, 7, 7, 5, 4, 4, 4, 1, 1]","5","5","5"
"149","52","62","15","True","False","39","43","15","True","True","45","51","15","True","True","0.06413203589830474","0.14069234684801557","11","5","6","25","18","20","[1, 2, 2, 6, 1, 1, 2, 2, 3, 3, 3, 3, 6, 6, 12]","[1, 1, 1, 1, 1, 2, 2, 2, 2, 2, 2, 4, 4, 5, 8]","[1, 1, 1, 2, 1, 1, 2, 2, 1, 1, 1, 1, 2, 2, 4]","11","5","6"
"150","44","54","15","True","True","44","54","15","True","True","44","54","15","True","True","0.0","0.0","5","5","5","23","23","23","[1, 1, 1, 1, 4, 4, 3, 6, 6, 6, 6, 6, 3, 1, 1]","[1, 1, 1, 1, 4, 4, 3, 6, 6, 6, 6, 6, 3, 1, 1]","[1, 1, 1, 1, 4, 4, 3, 6, 6, 6, 6, 6, 3, 1, 1]","5","5","5"
"151","39","43","15","True","True","39","43","15","True","True","39","43","15","True","True","0.0","0.0","5","5","5","18","18","18","[1, 1, 2, 2, 1, 1, 1, 1, 1, 4, 5, 5, 5, 3, 3]","[1, 1, 2, 2, 1, 1, 1, 1, 1, 4, 5, 5, 5, 3, 3]","[1, 1, 2, 2, 1, 1, 1, 1, 1, 4, 5, 5, 5, 3, 3]","5","5","5"
"152","39","44","15","True","True","39","44","15","True","True","39","44","15","True","True","0.0","0.0","5","5","5","19","19","19","[1, 1, 1, 1, 1, 1, 2, 2, 2, 2, 5, 7, 7, 7, 2]","[1, 1, 1, 1, 1, 1, 2, 2, 2, 2, 5, 7, 7, 7, 2]","[1, 1, 1, 1, 1, 1, 2, 2, 2, 2, 5, 7, 7, 7, 2]","5","5","5"
"153","46","56","15","True","False","39","43","15","True","True","45","56","15","True","False","0.0","0.10342888268606776","7","5","7","23","18","23","[1, 1, 3, 11, 3, 3, 3, 3, 6, 9, 9, 3, 3, 1, 1]","[1, 1, 1, 1, 2, 3, 3, 3, 3, 3, 3, 6, 9, 9, 10]","[1, 1, 2, 10, 3, 3, 3, 3, 6, 9, 9, 3, 3, 1, 1]","7","5","7"
"154","46","56","15","True","False","39","43","15","True","True","45","56","15","True","False","0.0","0.10342888268606776","7","5","7","23","18","23","[1, 1, 1, 1, 1, 2, 10, 10, 12, 12, 12, 4, 4, 4, 1]","[1, 1, 1, 1, 1, 1, 2, 3, 3, 3, 9, 9, 11, 11, 11]","[1, 1, 1, 1, 1, 2, 9, 9, 11, 11, 11, 3, 3, 3, 1]","7","5","7"
"155","39","44","15","True","True","39","44","15","True","True","39","44","15","True","True","0.0","0.0","5","5","5","19","19","19","[1, 1, 1, 2, 2, 3, 3, 3, 1, 1, 1, 2, 2, 1, 1]","[1, 1, 1, 2, 2, 3, 3, 3, 1, 1, 1, 2, 2, 1, 1]","[1, 1, 1, 2, 2, 3, 3, 3, 1, 1, 1, 2, 2, 1, 1]","5","5","5"
"156","52","62","15","True","False","35","37","15","True","True","44","48","16","True","False","0.08453970191783866","0.1894368206999869","11","3","5","25","16","19","[1, 1, 1, 8, 2, 4, 4, 4, 4, 2, 8, 2, 2, 2, 1]","[1, 1, 1, 1, 2, 2, 2, 2, 2, 4, 4, 4, 4, 8, 8]","[1, 1, 1, 5, 1, 3, 3, 3, 3, 1, 4, 1, 1, 1, 1, 1]","11","3","5"
"157","52","62","15","True","False","41","46","15","True","True","47","55","15","True","True","0.041919734827519206","0.11732897955700161","11","6","8","25","19","22","[2, 2, 1, 3, 6, 9, 18, 13, 9, 3, 3, 3, 5, 5, 5]","[1, 1, 1, 2, 2, 2, 2, 3, 3, 3, 4, 6, 6, 9, 12]","[1, 1, 1, 1, 2, 3, 6, 5, 3, 1, 1, 1, 1, 1, 1]","11","6","8"
"158","39","43","15","True","True","39","43","15","True","True","39","43","15","True","True","0.0","0.0","5","5","5","18","18","18","[1, 1, 1, 1, 1, 1, 2, 2, 2, 1, 2, 5, 5, 5, 2]","[1, 1, 1, 1, 1, 1, 2, 2, 2, 1, 2, 5, 5, 5, 2]","[1, 1, 1, 1, 1, 1, 2, 2, 2, 1, 2, 5, 5, 5, 2]","5","5","5"
"159","52","62","15","True","False","45","52","15","True","True","45","49","15","True","False","0.07143760538002997","0.07236585581463739","11","8","5","25","21","18","[1, 1, 1, 1, 4, 7, 17, 17, 6, 29, 6, 2, 2, 2, 2]","[1, 1, 1, 1, 2, 2, 2, 2, 4, 6, 6, 7, 17, 17, 29]","[1, 1, 1, 1, 1, 1, 3, 3, 1, 6, 1, 1, 1, 1, 1]","11","8","5"
"160","39","43","15","True","True","39","43","15","True","True","39","43","15","True","True","0.0","0.0","5","5","5","18","18","18","[1, 1, 1, 1, 1, 2, 2, 2, 3, 7, 7, 3, 4, 4, 4]","[1, 1, 1, 1, 1, 2, 2, 2, 3, 7, 7, 3, 4, 4, 4]","[1, 1, 1, 1, 1, 2, 2, 2, 3, 7, 7, 3, 4, 4, 4]","5","5","5"
"161","52","62","15","True","False","41","46","15","True","True","47","54","15","True","True","0.04299315392325331","0.11732897955700161","11","6","7","25","19","21","[1, 2, 2, 6, 6, 3, 3, 9, 9, 4, 4, 19, 4, 3, 12]","[1, 1, 1, 2, 2, 2, 3, 3, 3, 4, 4, 6, 6, 9, 13]","[1, 1, 1, 4, 4, 2, 2, 2, 2, 2, 2, 6, 2, 2, 6]","11","6","7"
"162","39","44","15","True","True","39","44","15","True","True","39","44","15","True","True","0.0","0.0","5","5","5","19","19","19","[1, 1, 1, 1, 1, 2, 2, 3, 3, 1, 1, 1, 3, 3, 3]","[1, 1, 1, 1, 1, 2, 2, 3, 3, 1, 1, 1, 3, 3, 3]","[1, 1, 1, 1, 1, 2, 2, 3, 3, 1, 1, 1, 3, 3, 3]","5","5","5"
"163","52","62","15","True","False","41","45","15","True","True","48","55","15","True","False","0.03241984971790657","0.11812412643467052","11","5","7","25","19","21","[17, 17, 17, 2, 2, 2, 2, 5, 5, 10, 32, 32, 32, 5, 5]","[1, 1, 1, 1, 2, 2, 2, 2, 4, 7, 7, 7, 13, 13, 13]","[12, 12, 12, 2, 2, 2, 2, 4, 4, 8, 16, 16, 16, 4, 4]","11","5","7"
"164","39","43","15","True","True","39","43","15","True","True","39","43","15","True","True","0.0","0.0","5","5","5","18","18","18","[1, 1, 1, 1, 1, 1, 4, 4, 4, 4, 1, 2, 3, 3, 3]","[1, 1, 1, 1, 1, 1, 4, 4, 4, 4, 1, 2, 3, 3, 3]","[1, 1, 1, 1, 1, 1, 4, 4, 4, 4, 1, 2, 3, 3, 3]","5","5","5"
"165","39","43","15","True","True","39","43","15","True","True","39","43","15","True","True","0.0","0.0","5","5","5","18","18","18","[1, 2, 2, 2, 2, 2, 1, 3, 3, 5, 5, 6, 6, 6, 1]","[1, 2, 2, 2, 2, 2, 1, 3, 3, 5, 5, 6, 6, 6, 1]","[1, 2, 2, 2, 2, 2, 1, 3, 3, 5, 5, 6, 6, 6, 1]","5","5","5"
"166","52","62","15","True","False","41","46","15","True","True","45","50","15","True","True","0.06367187703573529","0.11732897955700161","11","6","5","25","19","19","[1, 1, 2, 2, 1, 7, 2, 3, 14, 4, 6, 6, 6, 3, 2]","[1, 1, 1, 2, 2, 2, 2, 3, 3, 4, 6, 6, 6, 7, 13]","[1, 1, 2, 2, 1, 4, 2, 2, 6, 2, 2, 2, 2, 2, 2]","11","6","5"
"167","39","43","15","True","True","39","43","15","True","True","39","43","15","True","True","0.0","0.0","5","5","5","18","18","18","[1, 1, 1, 1, 1, 2, 3, 3, 3, 1, 2, 4, 4, 1, 1]","[1, 1, 1, 1, 1, 2, 3, 3, 3, 1, 2, 4, 4, 1, 1]","[1, 1, 1, 1, 1, 2, 3, 3, 3, 1, 2, 4, 4, 1, 1]","5","5","5"
"168","39","44","15","True","True","39","44","15","True","True","39","44","15","True","True","0.0","0.0","5","5","5","19","19","19","[1, 1, 1, 1, 3, 3, 3, 3, 4, 4, 4, 4, 4, 1, 1]","[1, 1, 1, 1, 3, 3, 3, 3, 4, 4, 4, 4, 4, 1, 1]","[1, 1, 1, 1, 3, 3, 3, 3, 4, 4, 4, 4, 4, 1, 1]","5","5","5"
"169","46","56","15","True","False","39","43","15","True","True","45","55","15","True","False","0.008290085359866195","0.10342888268606776","7","5","7","23","18","22","[1, 1, 2, 2, 1, 1, 11, 4, 5, 5, 1, 1, 1, 1, 1]","[1, 1, 1, 1, 1, 1, 1, 1, 1, 2, 2, 4, 5, 5, 11]","[1, 1, 2, 2, 1, 1, 11, 4, 5, 5, 1, 1, 1, 1, 1]","7","5","7"
"170","39","44","15","True","True","39","44","15","True","True","39","44","15","True","True","0.0","0.0","5","5","5","19","19","19","[1, 1, 1, 2, 2, 2, 3, 3, 5, 8, 8, 8, 3, 3, 2]","[1, 1, 1, 2, 2, 2, 3, 3, 5, 8, 8, 8, 3, 3, 2]","[1, 1, 1, 2, 2, 2, 3, 3, 5, 8, 8, 8, 3, 3, 2]","5","5","5"
"171","46","56","15","True","False","35","37","15","True","False","45","56","15","True","False","0.0","0.15428713726350252","7","3","7","23","16","23","[1, 1, 3, 5, 5, 5, 10, 10, 5, 5, 5, 4, 1, 1, 8]","[1, 1, 1, 1, 3, 3, 3, 3, 3, 3, 3, 3, 6, 6, 6]","[1, 1, 3, 3, 3, 3, 6, 6, 3, 3, 3, 3, 1, 1, 6]","7","3","7"
"172","46","56","15","True","False","37","40","15","True","True","45","56","15","True","False","0.0","0.1284869437009235","7","4","7","23","17","23","[1, 2, 2, 2, 2, 4, 15, 15, 9, 9, 9, 5, 2, 2, 1]","[1, 1, 1, 1, 1, 1, 1, 1, 2, 3, 5, 5, 5, 7, 7]","[1, 1, 1, 1, 1, 2, 7, 7, 5, 5, 5, 3, 1, 1, 1]","7","4","7"
"173","39","44","15","True","True","39","44","15","True","True","39","44","15","True","True","0.0","0.0","5","5","5","19","19","19","[1, 2, 2, 2, 1, 1, 1, 2, 2, 2, 1, 1, 3, 3, 3]","[1, 2, 2, 2, 1, 1, 1, 2, 2, 2, 1, 1, 3, 3, 3]","[1, 2, 2, 2, 1, 1, 1, 2, 2, 2, 1, 1, 3, 3, 3]","5","5","5"
"174","52","62","15","True","False","39","43","15","True","True","46","51","15","True","False","0.06063793603264922","0.14069234684801557","11","5","6","25","18","19","[1, 1, 3, 3, 4, 4, 3, 3, 2, 7, 4, 4, 4, 4, 8]","[1, 1, 2, 3, 3, 3, 3, 4, 4, 4, 4, 4, 4, 7, 8]","[1, 1, 1, 1, 1, 1, 1, 1, 1, 4, 2, 2, 2, 2, 3]","11","5","6"
"175","52","62","15","True","False","39","43","15","True","True","46","51","15","True","True","0.06054411253932235","0.14069234684801557","11","5","6","25","18","19","[1, 1, 1, 1, 2, 2, 2, 3, 7, 3, 9, 9, 1, 1, 1]","[1, 1, 1, 1, 1, 1, 1, 2, 2, 2, 3, 3, 7, 9, 9]","[1, 1, 1, 1, 1, 1, 1, 2, 4, 3, 2, 2, 1, 1, 1]","11","5","6"
"176","39","43","15","True","True","39","43","15","True","True","39","43","15","True","True","0.0","0.0","5","5","5","18","18","18","[1, 1, 1, 2, 2, 1, 1, 2, 3, 4, 6, 6, 6, 6, 6]","[1, 1, 1, 2, 2, 1, 1, 2, 3, 4, 6, 6, 6, 6, 6]","[1, 1, 1, 2, 2, 1, 1, 2, 3, 4, 6, 6, 6, 6, 6]","5","5","5"
"177","39","43","15","True","True","39","43","15","True","True","39","43","15","True","True","0.0","0.0","5","5","5","18","18","18","[1, 1, 1, 1, 1, 2, 2, 2, 4, 4, 6, 6, 4, 4, 2]","[1, 1, 1, 1, 1, 2, 2, 2, 4, 4, 6, 6, 4, 4, 2]","[1, 1, 1, 1, 1, 2, 2, 2, 4, 4, 6, 6, 4, 4, 2]","5","5","5"
"178","39","43","15","True","True","39","43","15","True","True","39","43","15","True","True","0.0","0.0","5","5","5","18","18","18","[1, 1, 1, 1, 1, 2, 2, 6, 6, 4, 3, 3, 3, 1, 1]","[1, 1, 1, 1, 1, 2, 2, 6, 6, 4, 3, 3, 3, 1, 1]","[1, 1, 1, 1, 1, 2, 2, 6, 6, 4, 3, 3, 3, 1, 1]","5","5","5"
"179","52","62","15","True","False","41","46","15","True","False","43","45","15","True","True","0.09733665473478847","0.11732897955700161","11","6","3","25","19","17","[9, 1, 1, 1, 13, 13, 3, 4, 5, 5, 4, 5, 5, 5, 1]","[1, 1, 1, 1, 3, 4, 4, 5, 5, 5, 5, 5, 9, 13, 13]","[4, 1, 1, 1, 4, 4, 2, 2, 2, 2, 2, 2, 2, 2, 1]","11","6","3"
"180","39","44","15","True","True","39","44","15","True","True","39","44","15","True","True","0.0","0.0","5","5","5","19","19","19","[1, 1, 1, 2, 2, 2, 2, 6, 6, 10, 10, 2, 2, 2, 2]","[1, 1, 1, 2, 2, 2, 2, 6, 6, 10, 10, 2, 2, 2, 2]","[1, 1, 1, 2, 2, 2, 2, 6, 6, 10, 10, 2, 2, 2, 2]","5","5","5"
"181","39","43","15","True","True","39","43","15","True","True","39","43","15","True","True","0.0","0.0","5","5","5","18","18","18","[1, 1, 2, 2, 6, 7, 7, 7, 7, 8, 8, 1, 1, 1, 1]","[1, 1, 2, 2, 6, 7, 7, 7, 7, 8, 8, 1, 1, 1, 1]","[1, 1, 2, 2, 6, 7, 7, 7, 7, 8, 8, 1, 1, 1, 1]","5","5","5"
"182","52","62","15","True","False","41","46","15","True","True","46","52","15","True","True","0.05332260510033904","0.11732897955700161","11","6","6","25","19","20","[22, 22, 1, 2, 3, 4, 4, 5, 5, 5, 4, 4, 4, 14, 14]","[1, 2, 3, 3, 3, 3, 3, 3, 3, 3, 3, 10, 10, 14, 14]","[9, 9, 1, 2, 3, 3, 3, 3, 3, 3, 3, 3, 3, 6, 6]","11","6","6"
"183","39","43","15","True","True","39","43","15","True","True","39","43","15","True","True","0.0","0.0","5","5","5","18","18","18","[1, 1, 2, 2, 2, 1, 1, 1, 5, 5, 3, 3, 3, 3, 1]","[1, 1, 2, 2, 2, 1, 1, 1, 5, 5, 3, 3, 3, 3, 1]","[1, 1, 2, 2, 2, 1, 1, 1, 5, 5, 3, 3, 3, 3, 1]","5","5","5"
"184","39","44","15","True","True","39","44","15","True","True","39","44","15","True","True","0.0","0.0","5","5","5","19","19","19","[1, 1, 2, 2, 3, 3, 3, 6, 6, 6, 4, 3, 3, 3, 2]","[1, 1, 2, 2, 3, 3, 3, 6, 6, 6, 4, 3, 3, 3, 2]","[1, 1, 2, 2, 3, 3, 3, 6, 6, 6, 4, 3, 3, 3, 2]","5","5","5"
"185","39","44","15","True","True","39","44","15","True","True","39","44","15","True","True","0.0","0.0","5","5","5","19","19","19","[1, 1, 1, 1, 3, 3, 3, 3, 3, 3, 7, 7, 7, 7, 2]","[1, 1, 1, 1, 3, 3, 3, 3, 3, 3, 7, 7, 7, 7, 2]","[1, 1, 1, 1, 3, 3, 3, 3, 3, 3, 7, 7, 7, 7, 2]","5","5","5"
"186","39","44","15","True","True","39","44","15","True","True","39","44","15","True","True","0.0","0.0","5","5","5","19","19","19","[1, 1, 1, 2, 2, 2, 4, 4, 4, 4, 4, 1, 3, 3, 3]","[1, 1, 1, 2, 2, 2, 4, 4, 4, 4, 4, 1, 3, 3, 3]","[1, 1, 1, 2, 2, 2, 4, 4, 4, 4, 4, 1, 3, 3, 3]","5","5","5"
"187","39","44","15","True","True","39","44","15","True","True","39","44","15","True","True","0.0","0.0","5","5","5","19","19","19","[1, 2, 2, 2, 2, 4, 4, 4, 4, 2, 3, 3, 7, 7, 7]","[1, 2, 2, 2, 2, 4, 4, 4, 4, 2, 3, 3, 7, 7, 7]","[1, 2, 2, 2, 2, 4, 4, 4, 4, 2, 3, 3, 7, 7, 7]","5","5","5"
"188","39","43","15","True","True","39","43","15","True","True","39","43","15","True","True","0.0","0.0","5","5","5","18","18","18","[1, 1, 2, 2, 2, 2, 2, 3, 3, 12, 12, 9, 3, 3, 3]","[1, 1, 2, 2, 2, 2, 2, 3, 3, 12, 12, 9, 3, 3, 3]","[1, 1, 2, 2, 2, 2, 2, 3, 3, 12, 12, 9, 3, 3, 3]","5","5","5"
"189","52","62","15","True","False","39","43","15","True","True","45","49","15","True","True","0.06977336274269064","0.14069234684801557","11","5","5","25","18","18","[1, 1, 1, 2, 2, 1, 9, 2, 7, 2, 2, 4, 4, 1, 1]","[1, 1, 1, 1, 1, 1, 2, 2, 2, 2, 2, 4, 4, 7, 9]","[1, 1, 1, 2, 2, 1, 4, 2, 4, 2, 2, 2, 2, 1, 1]","11","5","5"
"190","39","44","15","True","True","39","44","15","True","True","39","44","15","True","True","0.0","0.0","5","5","5","19","19","19","[1, 1, 1, 1, 1, 1, 1, 1, 1, 1, 1, 4, 6, 6, 6]","[1, 1, 1, 1, 1, 1, 1, 1, 1, 1, 1, 4, 6, 6, 6]","[1, 1, 1, 1, 1, 1, 1, 1, 1, 1, 1, 4, 6, 6, 6]","5","5","5"
"191","39","44","15","True","True","39","44","15","True","True","39","44","15","True","True","0.0","0.0","5","5","5","19","19","19","[1, 1, 2, 3, 3, 3, 2, 3, 3, 3, 2, 2, 1, 1, 1]","[1, 1, 2, 3, 3, 3, 2, 3, 3, 3, 2, 2, 1, 1, 1]","[1, 1, 2, 3, 3, 3, 2, 3, 3, 3, 2, 2, 1, 1, 1]","5","5","5"
"192","52","62","15","True","False","39","43","15","True","True","45","50","17","True","True","0.06646052020014959","0.14069234684801557","11","5","5","25","18","21","[1, 1, 1, 1, 3, 3, 3, 9, 9, 9, 9, 7, 7, 18, 7]","[1, 1, 1, 1, 3, 3, 3, 6, 6, 6, 8, 8, 8, 8, 16]","[1, 1, 1, 1, 2, 2, 2, 7, 7, 7, 7, 5, 4, 7, 4, 1, 4]","11","5","5"
"193","39","44","15","True","True","39","44","15","True","True","39","44","15","True","True","0.0","0.0","5","5","5","19","19","19","[1, 1, 1, 2, 2, 2, 2, 2, 2, 1, 1, 4, 4, 4, 2]","[1, 1, 1, 2, 2, 2, 2, 2, 2, 1, 1, 4, 4, 4, 2]","[1, 1, 1, 2, 2, 2, 2, 2, 2, 1, 1, 4, 4, 4, 2]","5","5","5"
"194","52","62","15","True","False","39","43","15","True","True","45","50","15","True","True","0.061291157743116664","0.14069234684801557","11","5","5","25","18","19","[1, 1, 11, 1, 2, 2, 1, 1, 2, 2, 5, 5, 4, 11, 1]","[1, 1, 1, 1, 1, 1, 1, 1, 2, 2, 4, 5, 5, 11, 11]","[1, 1, 4, 1, 1, 1, 1, 1, 2, 2, 2, 2, 2, 6, 1]","11","5","5"
"195","44","53","15","True","True","44","53","15","True","True","44","53","15","True","True","0.0","0.0","5","5","5","22","22","22","[1, 1, 2, 3, 3, 3, 3, 2, 6, 9, 9, 9, 1, 1, 1]","[1, 1, 2, 3, 3, 3, 3, 2, 6, 9, 9, 9, 1, 1, 1]","[1, 1, 2, 3, 3, 3, 3, 2, 6, 9, 9, 9, 1, 1, 1]","5","5","5"
"196","53","60","20","True","True","53","60","20","True","True","53","60","20","True","True","0.0","0.0","7","7","7","26","26","26","[1, 1, 1, 1, 1, 1, 4, 4, 5, 5, 9, 10, 10, 10, 10, 1, 1, 1, 1, 1]","[1, 1, 1, 1, 1, 1, 4, 4, 5, 5, 9, 10, 10, 10, 10, 1, 1, 1, 1, 1]","[1, 1, 1, 1, 1, 1, 4, 4, 5, 5, 9, 10, 10, 10, 10, 1, 1, 1, 1, 1]","7","7","7"
"197","66","78","20","True","False","51","56","20","True","True","59","65","20","True","True","0.05688028631744413","0.12744062232607511","13","6","6","32","24","26","[1, 1, 2, 2, 2, 9, 2, 3, 3, 3, 3, 3, 11, 11, 1, 1, 5, 5, 5, 5]","[1, 1, 1, 1, 2, 2, 2, 2, 3, 3, 3, 3, 3, 5, 5, 5, 5, 9, 11, 11]","[1, 1, 1, 1, 1, 2, 2, 1, 1, 1, 1, 1, 5, 5, 1, 1, 1, 1, 1, 1]","13","6","6"
"198","66","78","20","True","False","51","56","20","True","True","64","76","20","True","False","0.007449510849664276","0.12744062232607511","13","6","12","32","24","31","[1, 2, 3, 3, 2, 2, 2, 1, 1, 1, 1, 1, 2, 2, 7, 18, 12, 12, 12, 12]","[1, 1, 1, 1, 1, 1, 1, 1, 2, 2, 2, 2, 3, 3, 6, 11, 11, 11, 11, 16]","[1, 2, 3, 3, 2, 2, 2, 1, 1, 1, 1, 1, 1, 1, 6, 16, 11, 11, 11, 11]","13","6","12"
"199","53","59","20","True","True","53","59","20","True","True","53","59","20","True","True","0.0","0.0","7","7","7","25","25","25","[1, 1, 2, 2, 3, 3, 1, 3, 4, 4, 4, 8, 8, 7, 7, 7, 7, 4, 1, 1]","[1, 1, 2, 2, 3, 3, 1, 3, 4, 4, 4, 8, 8, 7, 7, 7, 7, 4, 1, 1]","[1, 1, 2, 2, 3, 3, 1, 3, 4, 4, 4, 8, 8, 7, 7, 7, 7, 4, 1, 1]","7","7","7"
"200","53","59","20","True","True","53","59","20","True","True","53","59","20","True","True","0.0","0.0","7","7","7","25","25","25","[1, 1, 1, 1, 1, 2, 3, 3, 3, 7, 7, 5, 5, 2, 7, 7, 7, 1, 1, 1]","[1, 1, 1, 1, 1, 2, 3, 3, 3, 7, 7, 5, 5, 2, 7, 7, 7, 1, 1, 1]","[1, 1, 1, 1, 1, 2, 3, 3, 3, 7, 7, 5, 5, 2, 7, 7, 7, 1, 1, 1]","7","7","7"
"201","53","60","20","True","True","53","60","20","True","True","53","60","20","True","True","0.0","0.0","7","7","7","26","26","26","[1, 1, 3, 3, 3, 3, 3, 3, 3, 3, 3, 3, 3, 3, 4, 4, 4, 3, 1, 1]","[1, 1, 3, 3, 3, 3, 3, 3, 3, 3, 3, 3, 3, 3, 4, 4, 4, 3, 1, 1]","[1, 1, 3, 3, 3, 3, 3, 3, 3, 3, 3, 3, 3, 3, 4, 4, 4, 3, 1, 1]","7","7","7"
"202","60","72","20","True","False","51","56","20","True","True","59","71","20","True","False","0.006418660462958692","0.09797824476140304","9","6","9","30","24","29","[1, 1, 1, 1, 1, 1, 1, 1, 2, 3, 18, 6, 3, 5, 6, 6, 12, 12, 12, 1]","[1, 1, 1, 1, 1, 1, 1, 1, 1, 2, 3, 3, 5, 6, 6, 6, 12, 12, 12, 18]","[1, 1, 1, 1, 1, 1, 1, 1, 2, 3, 18, 6, 3, 5, 6, 6, 12, 12, 12, 1]","9","6","9"
"203","53","59","20","True","True","53","59","20","True","True","53","59","20","True","True","0.0","0.0","7","7","7","25","25","25","[1, 1, 2, 2, 2, 2, 6, 6, 6, 6, 6, 4, 2, 3, 6, 6, 6, 4, 4, 1]","[1, 1, 2, 2, 2, 2, 6, 6, 6, 6, 6, 4, 2, 3, 6, 6, 6, 4, 4, 1]","[1, 1, 2, 2, 2, 2, 6, 6, 6, 6, 6, 4, 2, 3, 6, 6, 6, 4, 4, 1]","7","7","7"
"204","53","59","20","True","True","53","59","20","True","True","53","59","20","True","True","0.0","0.0","7","7","7","25","25","25","[1, 1, 2, 2, 2, 2, 2, 2, 2, 2, 2, 2, 2, 3, 5, 7, 14, 14, 5, 5]","[1, 1, 2, 2, 2, 2, 2, 2, 2, 2, 2, 2, 2, 3, 5, 7, 14, 14, 5, 5]","[1, 1, 2, 2, 2, 2, 2, 2, 2, 2, 2, 2, 2, 3, 5, 7, 14, 14, 5, 5]","7","7","7"
"205","66","78","20","True","False","49","53","20","True","True","55","59","20","True","True","0.08368541094323412","0.14604994971893415","13","5","4","32","23","23","[8, 1, 1, 8, 8, 8, 1, 1, 1, 2, 2, 3, 3, 3, 3, 8, 8, 2, 2, 1]","[1, 1, 1, 1, 1, 1, 2, 2, 2, 2, 3, 3, 3, 3, 7, 7, 7, 8, 8, 8]","[4, 1, 1, 4, 4, 4, 1, 1, 1, 2, 2, 2, 2, 2, 2, 4, 4, 2, 2, 1]","13","5","4"
"206","60","72","20","True","False","53","59","20","True","True","59","72","20","True","False","0.0","0.0791423722994592","9","7","9","30","25","30","[1, 1, 1, 1, 1, 1, 3, 12, 48, 48, 48, 48, 48, 12, 3, 3, 3, 3, 3, 1]","[1, 1, 1, 1, 1, 1, 1, 2, 2, 2, 2, 2, 2, 8, 8, 32, 32, 32, 32, 32]","[1, 1, 1, 1, 1, 1, 2, 8, 32, 32, 32, 32, 32, 8, 2, 2, 2, 2, 2, 1]","9","7","9"
"207","60","72","20","True","False","57","65","20","True","True","59","71","20","True","False","0.006418660462958692","0.04258169140371859","9","9","9","30","27","29","[1, 1, 1, 1, 1, 2, 3, 6, 6, 6, 6, 12, 18, 18, 6, 6, 4, 41, 1, 1]","[1, 1, 1, 1, 1, 1, 1, 2, 3, 4, 6, 6, 6, 6, 6, 6, 12, 18, 18, 41]","[1, 1, 1, 1, 1, 2, 3, 6, 6, 6, 6, 12, 18, 18, 6, 6, 4, 41, 1, 1]","9","9","9"
"208","53","59","20","True","True","53","59","20","True","True","53","59","20","True","True","0.0","0.0","7","7","7","25","25","25","[1, 1, 2, 6, 6, 2, 2, 2, 2, 2, 2, 2, 4, 6, 10, 12, 12, 12, 4, 1]","[1, 1, 2, 6, 6, 2, 2, 2, 2, 2, 2, 2, 4, 6, 10, 12, 12, 12, 4, 1]","[1, 1, 2, 6, 6, 2, 2, 2, 2, 2, 2, 2, 4, 6, 10, 12, 12, 12, 4, 1]","7","7","7"
"209","53","59","20","True","True","53","59","20","True","True","53","59","20","True","True","0.0","0.0","7","7","7","25","25","25","[1, 1, 1, 1, 1, 1, 2, 2, 2, 2, 2, 4, 4, 4, 13, 13, 11, 11, 1, 1]","[1, 1, 1, 1, 1, 1, 2, 2, 2, 2, 2, 4, 4, 4, 13, 13, 11, 11, 1, 1]","[1, 1, 1, 1, 1, 1, 2, 2, 2, 2, 2, 4, 4, 4, 13, 13, 11, 11, 1, 1]","7","7","7"
"210","53","60","20","True","True","53","60","20","True","True","53","60","20","True","True","0.0","0.0","7","7","7","26","26","26","[1, 1, 2, 2, 1, 2, 2, 3, 3, 2, 2, 3, 3, 2, 1, 2, 4, 4, 4, 2]","[1, 1, 2, 2, 1, 2, 2, 3, 3, 2, 2, 3, 3, 2, 1, 2, 4, 4, 4, 2]","[1, 1, 2, 2, 1, 2, 2, 3, 3, 2, 2, 3, 3, 2, 1, 2, 4, 4, 4, 2]","7","7","7"
"211","53","59","20","True","True","53","59","20","True","True","53","59","20","True","True","0.0","0.0","7","7","7","25","25","25","[1, 1, 1, 1, 1, 1, 1, 1, 2, 2, 3, 5, 6, 6, 6, 15, 15, 15, 5, 1]","[1, 1, 1, 1, 1, 1, 1, 1, 2, 2, 3, 5, 6, 6, 6, 15, 15, 15, 5, 1]","[1, 1, 1, 1, 1, 1, 1, 1, 2, 2, 3, 5, 6, 6, 6, 15, 15, 15, 5, 1]","7","7","7"
"212","53","59","20","True","True","53","59","20","True","True","53","59","20","True","True","0.0","0.0","7","7","7","25","25","25","[1, 1, 1, 2, 2, 1, 2, 2, 3, 3, 3, 3, 6, 6, 4, 4, 1, 1, 1, 1]","[1, 1, 1, 2, 2, 1, 2, 2, 3, 3, 3, 3, 6, 6, 4, 4, 1, 1, 1, 1]","[1, 1, 1, 2, 2, 1, 2, 2, 3, 3, 3, 3, 6, 6, 4, 4, 1, 1, 1, 1]","7","7","7"
"213","60","72","20","True","False","55","62","20","True","False","59","71","20","True","False","0.006418660462958692","0.06068413509362247","9","8","9","30","26","29","[1, 1, 1, 1, 1, 1, 27, 1, 1, 1, 1, 1, 3, 3, 5, 8, 12, 12, 12, 1]","[1, 1, 1, 1, 1, 1, 1, 1, 1, 1, 1, 1, 3, 3, 5, 8, 12, 12, 12, 27]","[1, 1, 1, 1, 1, 1, 27, 1, 1, 1, 1, 1, 3, 3, 5, 8, 12, 12, 12, 1]","9","8","9"
"214","66","78","20","True","False","53","59","20","True","True","58","64","20","True","True","0.058041803543951054","0.1092199784692186","13","7","6","32","25","25","[2, 2, 23, 2, 2, 6, 6, 6, 6, 6, 10, 13, 31, 2, 2, 2, 2, 2, 2, 1]","[1, 1, 1, 1, 1, 1, 1, 1, 1, 1, 1, 3, 3, 3, 3, 3, 5, 7, 12, 16]","[1, 1, 6, 1, 1, 3, 3, 3, 3, 3, 3, 3, 9, 1, 1, 1, 1, 1, 1, 1]","13","7","6"
"215","53","60","20","True","True","53","60","20","True","True","53","60","20","True","True","0.0","0.0","7","7","7","26","26","26","[1, 1, 1, 1, 1, 1, 1, 1, 1, 2, 3, 3, 4, 4, 5, 6, 6, 6, 3, 1]","[1, 1, 1, 1, 1, 1, 1, 1, 1, 2, 3, 3, 4, 4, 5, 6, 6, 6, 3, 1]","[1, 1, 1, 1, 1, 1, 1, 1, 1, 2, 3, 3, 4, 4, 5, 6, 6, 6, 3, 1]","7","7","7"
"216","66","78","20","True","False","51","56","20","True","True","59","66","20","True","True","0.049910677150191485","0.12744062232607511","13","6","6","32","24","27","[1, 1, 1, 1, 2, 3, 5, 5, 5, 5, 2, 2, 2, 1, 1, 9, 17, 17, 17, 17]","[1, 1, 1, 1, 1, 1, 1, 1, 2, 2, 2, 4, 4, 4, 4, 8, 15, 15, 15, 15]","[1, 1, 1, 1, 1, 1, 2, 2, 2, 2, 1, 1, 1, 1, 1, 3, 8, 8, 8, 8]","13","6","6"
"217","53","59","20","True","True","53","59","20","True","True","53","59","20","True","True","0.0","0.0","7","7","7","25","25","25","[1, 1, 1, 1, 1, 1, 1, 1, 1, 6, 6, 6, 6, 9, 9, 4, 1, 1, 1, 1]","[1, 1, 1, 1, 1, 1, 1, 1, 1, 6, 6, 6, 6, 9, 9, 4, 1, 1, 1, 1]","[1, 1, 1, 1, 1, 1, 1, 1, 1, 6, 6, 6, 6, 9, 9, 4, 1, 1, 1, 1]","7","7","7"
"218","53","59","20","True","True","53","59","20","True","True","53","59","20","True","True","0.0","0.0","7","7","7","25","25","25","[1, 1, 2, 2, 1, 1, 2, 2, 2, 2, 2, 1, 1, 2, 2, 8, 8, 8, 8, 6]","[1, 1, 2, 2, 1, 1, 2, 2, 2, 2, 2, 1, 1, 2, 2, 8, 8, 8, 8, 6]","[1, 1, 2, 2, 1, 1, 2, 2, 2, 2, 2, 1, 1, 2, 2, 8, 8, 8, 8, 6]","7","7","7"
"219","66","78","20","True","False","49","53","20","True","True","60","67","20","True","True","0.04776029958790906","0.14604994971893415","13","5","8","32","23","26","[1, 1, 1, 1, 2, 2, 2, 7, 3, 11, 11, 2, 2, 7, 7, 1, 1, 3, 3, 3]","[1, 1, 1, 1, 1, 1, 2, 2, 2, 2, 2, 3, 3, 3, 3, 7, 7, 7, 11, 11]","[1, 1, 1, 1, 2, 2, 2, 6, 2, 8, 8, 2, 2, 4, 4, 1, 1, 3, 3, 3]","13","5","8"
"220","53","59","20","True","True","53","59","20","True","True","53","59","20","True","True","0.0","0.0","7","7","7","25","25","25","[1, 1, 1, 1, 1, 1, 1, 2, 2, 2, 9, 11, 11, 11, 8, 8, 2, 2, 2, 1]","[1, 1, 1, 1, 1, 1, 1, 2, 2, 2, 9, 11, 11, 11, 8, 8, 2, 2, 2, 1]","[1, 1, 1, 1, 1, 1, 1, 2, 2, 2, 9, 11, 11, 11, 8, 8, 2, 2, 2, 1]","7","7","7"
"221","53","59","20","True","True","53","59","20","True","True","53","59","20","True","True","0.0","0.0","7","7","7","25","25","25","[1, 1, 1, 1, 1, 1, 1, 1, 3, 5, 5, 5, 5, 4, 1, 5, 5, 4, 2, 2]","[1, 1, 1, 1, 1, 1, 1, 1, 3, 5, 5, 5, 5, 4, 1, 5, 5, 4, 2, 2]","[1, 1, 1, 1, 1, 1, 1, 1, 3, 5, 5, 5, 5, 4, 1, 5, 5, 4, 2, 2]","7","7","7"
"222","53","60","20","True","True","53","60","20","True","True","53","60","20","True","True","0.0","0.0","7","7","7","26","26","26","[1, 1, 1, 1, 3, 3, 3, 3, 3, 9, 9, 13, 13, 9, 9, 3, 2, 2, 2, 2]","[1, 1, 1, 1, 3, 3, 3, 3, 3, 9, 9, 13, 13, 9, 9, 3, 2, 2, 2, 2]","[1, 1, 1, 1, 3, 3, 3, 3, 3, 9, 9, 13, 13, 9, 9, 3, 2, 2, 2, 2]","7","7","7"
"223","58","70","20","True","True","58","70","20","True","True","58","70","20","True","True","0.0","0.0","7","7","7","30","30","30","[1, 1, 1, 1, 1, 1, 1, 3, 5, 5, 5, 6, 6, 4, 1, 1, 1, 1, 1, 1]","[1, 1, 1, 1, 1, 1, 1, 3, 5, 5, 5, 6, 6, 4, 1, 1, 1, 1, 1, 1]","[1, 1, 1, 1, 1, 1, 1, 3, 5, 5, 5, 6, 6, 4, 1, 1, 1, 1, 1, 1]","7","7","7"
"224","53","60","20","True","True","53","60","20","True","True","53","60","20","True","True","0.0","0.0","7","7","7","26","26","26","[1, 1, 1, 1, 1, 1, 1, 2, 5, 5, 5, 3, 4, 6, 6, 3, 3, 3, 3, 3]","[1, 1, 1, 1, 1, 1, 1, 2, 5, 5, 5, 3, 4, 6, 6, 3, 3, 3, 3, 3]","[1, 1, 1, 1, 1, 1, 1, 2, 5, 5, 5, 3, 4, 6, 6, 3, 3, 3, 3, 3]","7","7","7"
"225","66","78","20","True","False","51","56","20","True","True","59","65","20","True","True","0.05688028631744413","0.12744062232607511","13","6","6","32","24","26","[1, 1, 3, 4, 4, 5, 5, 4, 1, 9, 9, 1, 1, 2, 10, 1, 1, 4, 4, 4]","[1, 1, 1, 1, 1, 1, 1, 2, 3, 4, 4, 4, 4, 4, 4, 5, 5, 9, 9, 10]","[1, 1, 3, 3, 3, 3, 3, 3, 1, 6, 6, 1, 1, 2, 6, 1, 1, 4, 4, 4]","13","6","6"
"226","66","78","20","True","False","51","56","20","True","True","65","77","20","True","True","0.006004961756918559","0.12744062232607511","13","6","13","32","24","31","[1, 1, 5, 1, 1, 1, 1, 1, 1, 1, 2, 2, 2, 13, 5, 5, 8, 14, 14, 14]","[1, 1, 1, 1, 1, 1, 1, 1, 1, 2, 2, 2, 5, 5, 5, 8, 13, 14, 14, 14]","[1, 1, 5, 1, 1, 1, 1, 1, 1, 1, 2, 2, 2, 13, 5, 5, 8, 14, 14, 14]","13","6","13"
"227","53","60","20","True","True","53","60","20","True","True","53","60","20","True","True","0.0","0.0","7","7","7","26","26","26","[1, 1, 1, 1, 1, 1, 2, 3, 3, 3, 6, 6, 6, 6, 6, 17, 17, 6, 6, 6]","[1, 1, 1, 1, 1, 1, 2, 3, 3, 3, 6, 6, 6, 6, 6, 17, 17, 6, 6, 6]","[1, 1, 1, 1, 1, 1, 2, 3, 3, 3, 6, 6, 6, 6, 6, 17, 17, 6, 6, 6]","7","7","7"
"228","53","60","20","True","True","53","60","20","True","True","53","60","20","True","True","0.0","0.0","7","7","7","26","26","26","[1, 1, 1, 2, 2, 2, 6, 6, 6, 7, 7, 4, 4, 4, 4, 3, 3, 3, 2, 1]","[1, 1, 1, 2, 2, 2, 6, 6, 6, 7, 7, 4, 4, 4, 4, 3, 3, 3, 2, 1]","[1, 1, 1, 2, 2, 2, 6, 6, 6, 7, 7, 4, 4, 4, 4, 3, 3, 3, 2, 1]","7","7","7"
"229","58","69","20","True","True","58","69","20","True","True","58","69","20","True","True","0.0","0.0","7","7","7","29","29","29","[1, 1, 1, 1, 2, 2, 3, 3, 3, 4, 4, 4, 3, 4, 7, 7, 7, 7, 6, 1]","[1, 1, 1, 1, 2, 2, 3, 3, 3, 4, 4, 4, 3, 4, 7, 7, 7, 7, 6, 1]","[1, 1, 1, 1, 2, 2, 3, 3, 3, 4, 4, 4, 3, 4, 7, 7, 7, 7, 6, 1]","7","7","7"
"230","53","60","20","True","True","53","60","20","True","True","53","60","20","True","True","0.0","0.0","7","7","7","26","26","26","[1, 2, 2, 2, 2, 3, 3, 3, 5, 5, 5, 5, 8, 8, 13, 13, 8, 8, 8, 1]","[1, 2, 2, 2, 2, 3, 3, 3, 5, 5, 5, 5, 8, 8, 13, 13, 8, 8, 8, 1]","[1, 2, 2, 2, 2, 3, 3, 3, 5, 5, 5, 5, 8, 8, 13, 13, 8, 8, 8, 1]","7","7","7"
"231","58","70","20","True","True","58","70","20","True","True","58","70","20","True","True","0.0","0.0","7","7","7","30","30","30","[1, 1, 1, 1, 1, 1, 1, 2, 3, 5, 5, 2, 2, 1, 2, 7, 7, 2, 2, 1]","[1, 1, 1, 1, 1, 1, 1, 2, 3, 5, 5, 2, 2, 1, 2, 7, 7, 2, 2, 1]","[1, 1, 1, 1, 1, 1, 1, 2, 3, 5, 5, 2, 2, 1, 2, 7, 7, 2, 2, 1]","7","7","7"
"232","66","78","20","True","False","55","62","20","True","True","64","75","20","True","True","0.01439328562505049","0.09136463531840688","13","8","12","32","26","30","[1, 1, 1, 1, 2, 2, 24, 2, 2, 1, 5, 9, 9, 9, 15, 8, 9, 9, 9, 4]","[1, 1, 1, 1, 1, 2, 2, 2, 2, 4, 5, 8, 9, 9, 9, 9, 9, 9, 15, 24]","[1, 1, 1, 1, 2, 2, 24, 2, 2, 1, 5, 9, 9, 9, 14, 8, 9, 9, 9, 4]","13","8","12"
"233","53","59","20","True","True","53","59","20","True","True","53","59","20","True","True","0.0","0.0","7","7","7","25","25","25","[1, 1, 1, 1, 2, 2, 2, 2, 4, 4, 4, 9, 9, 4, 7, 7, 7, 1, 1, 1]","[1, 1, 1, 1, 2, 2, 2, 2, 4, 4, 4, 9, 9, 4, 7, 7, 7, 1, 1, 1]","[1, 1, 1, 1, 2, 2, 2, 2, 4, 4, 4, 9, 9, 4, 7, 7, 7, 1, 1, 1]","7","7","7"
"234","66","78","20","True","False","53","59","20","True","True","59","65","20","True","False","0.05651979013334518","0.1092199784692186","13","7","7","32","25","25","[1, 1, 1, 1, 1, 1, 14, 2, 4, 4, 4, 33, 33, 4, 4, 4, 4, 4, 4, 1]","[1, 1, 1, 1, 1, 1, 1, 2, 4, 4, 4, 4, 4, 4, 4, 4, 4, 14, 33, 33]","[1, 1, 1, 1, 1, 1, 4, 2, 4, 4, 4, 20, 20, 4, 4, 4, 4, 4, 4, 1]","13","7","7"
"235","53","59","20","True","True","53","59","20","True","True","53","59","20","True","True","0.0","0.0","7","7","7","25","25","25","[1, 2, 5, 5, 2, 2, 2, 2, 2, 2, 1, 1, 1, 5, 8, 8, 8, 7, 5, 1]","[1, 2, 5, 5, 2, 2, 2, 2, 2, 2, 1, 1, 1, 5, 8, 8, 8, 7, 5, 1]","[1, 2, 5, 5, 2, 2, 2, 2, 2, 2, 1, 1, 1, 5, 8, 8, 8, 7, 5, 1]","7","7","7"
"236","53","60","20","True","True","53","60","20","True","True","53","60","20","True","True","0.0","0.0","7","7","7","26","26","26","[1, 1, 1, 3, 3, 1, 3, 3, 3, 3, 3, 3, 3, 3, 9, 9, 9, 1, 1, 1]","[1, 1, 1, 3, 3, 1, 3, 3, 3, 3, 3, 3, 3, 3, 9, 9, 9, 1, 1, 1]","[1, 1, 1, 3, 3, 1, 3, 3, 3, 3, 3, 3, 3, 3, 9, 9, 9, 1, 1, 1]","7","7","7"
"237","66","78","20","True","False","49","53","20","True","False","59","67","20","True","True","0.04905700775580446","0.14604994971893415","13","5","8","32","23","27","[1, 1, 1, 3, 3, 3, 6, 7, 14, 14, 6, 6, 7, 7, 7, 13, 13, 1, 1, 1]","[1, 1, 1, 1, 1, 1, 1, 1, 1, 3, 3, 3, 4, 4, 4, 4, 7, 7, 8, 8]","[1, 1, 1, 1, 1, 1, 3, 3, 7, 7, 3, 3, 4, 4, 4, 7, 7, 1, 1, 1]","13","5","8"
"238","66","78","20","True","False","53","59","20","True","True","62","72","20","True","True","0.0326626019755798","0.1092199784692186","13","7","11","32","25","30","[19, 1, 1, 1, 1, 1, 1, 1, 1, 6, 8, 16, 25, 25, 25, 8, 3, 3, 1, 1]","[1, 1, 1, 1, 1, 1, 1, 1, 1, 1, 3, 3, 6, 8, 8, 16, 19, 25, 25, 25]","[18, 1, 1, 1, 1, 1, 1, 1, 1, 6, 8, 16, 25, 25, 25, 8, 3, 3, 1, 1]","13","7","11"
"239","66","78","20","True","False","51","56","20","True","True","58","64","20","True","True","0.05710697424671507","0.12744062232607511","13","6","5","32","24","26","[1, 1, 2, 20, 14, 15, 15, 4, 4, 4, 4, 6, 10, 25, 25, 25, 25, 25, 4, 2]","[1, 1, 1, 1, 2, 2, 2, 2, 2, 3, 5, 7, 7, 7, 9, 12, 12, 12, 12, 12]","[1, 1, 1, 3, 2, 2, 2, 1, 1, 1, 1, 1, 2, 2, 2, 2, 2, 2, 1, 1]","13","6","5"
"240","58","70","20","True","True","58","70","20","True","True","58","70","20","True","True","0.0","0.0","7","7","7","30","30","30","[1, 1, 1, 1, 1, 1, 1, 3, 4, 4, 5, 5, 1, 1, 1, 1, 5, 5, 4, 4]","[1, 1, 1, 1, 1, 1, 1, 3, 4, 4, 5, 5, 1, 1, 1, 1, 5, 5, 4, 4]","[1, 1, 1, 1, 1, 1, 1, 3, 4, 4, 5, 5, 1, 1, 1, 1, 5, 5, 4, 4]","7","7","7"
"241","66","78","20","True","False","55","62","20","True","True","58","65","21","True","True","0.059352684940754186","0.09136463531840688","13","8","7","32","26","27","[1, 1, 1, 2, 3, 4, 5, 5, 5, 7, 7, 7, 27, 21, 21, 8, 8, 8, 3, 1]","[1, 1, 1, 1, 1, 2, 2, 3, 4, 4, 4, 5, 5, 5, 6, 6, 6, 15, 15, 19]","[1, 1, 1, 0, 0, 0, 0, 0, 0, 0, 0, 0, 0, 0, 0, 0, 0, 0, 0, 1, 1]","13","8","7"
"242","66","78","20","True","False","51","56","20","True","True","57","61","20","True","True","0.07370321860736506","0.12744062232607511","13","6","5","32","24","23","[1, 1, 1, 1, 1, 1, 1, 2, 8, 17, 17, 2, 1, 6, 2, 3, 3, 3, 3, 2]","[1, 1, 1, 1, 1, 1, 1, 1, 2, 2, 2, 2, 3, 3, 3, 3, 6, 8, 17, 17]","[1, 1, 1, 1, 1, 1, 1, 1, 3, 6, 6, 1, 1, 3, 1, 1, 1, 1, 1, 1]","13","6","5"
"243","66","78","20","True","False","51","56","20","True","True","56","60","20","True","True","0.07459353374451339","0.12744062232607511","13","6","4","32","24","23","[1, 1, 1, 1, 16, 1, 1, 1, 1, 2, 3, 3, 3, 4, 4, 3, 12, 12, 1, 1]","[1, 1, 1, 1, 1, 1, 1, 1, 1, 1, 1, 2, 2, 2, 2, 3, 3, 10, 10, 13]","[1, 1, 1, 1, 7, 1, 1, 1, 1, 1, 2, 2, 2, 2, 2, 2, 5, 5, 1, 1]","13","6","4"
"244","66","78","20","True","False","47","50","20","True","True","62","72","20","True","False","0.023768831515353583","0.1650739498713898","13","4","10","32","22","29","[1, 1, 1, 1, 2, 2, 2, 1, 7, 3, 6, 11, 11, 11, 12, 12, 5, 5, 2, 2]","[1, 1, 1, 1, 1, 1, 1, 1, 1, 1, 2, 4, 4, 5, 5, 9, 9, 9, 9, 9]","[1, 1, 1, 1, 1, 1, 1, 1, 5, 2, 5, 9, 9, 9, 9, 9, 4, 4, 1, 1]","13","4","10"
"245","53","59","20","True","True","53","59","20","True","True","53","59","20","True","True","0.0","0.0","7","7","7","25","25","25","[1, 1, 1, 1, 1, 2, 2, 2, 3, 3, 2, 1, 1, 1, 5, 7, 12, 12, 1, 1]","[1, 1, 1, 1, 1, 2, 2, 2, 3, 3, 2, 1, 1, 1, 5, 7, 12, 12, 1, 1]","[1, 1, 1, 1, 1, 2, 2, 2, 3, 3, 2, 1, 1, 1, 5, 7, 12, 12, 1, 1]","7","7","7"
"246","60","72","20","True","False","53","59","20","True","True","59","71","20","True","False","0.006418660462958692","0.0791423722994592","9","7","9","30","25","29","[1, 1, 1, 16, 2, 2, 3, 3, 2, 4, 9, 9, 10, 10, 2, 2, 2, 2, 1, 1]","[1, 1, 1, 1, 1, 2, 2, 2, 2, 2, 2, 2, 3, 3, 4, 9, 9, 10, 10, 16]","[1, 1, 1, 16, 2, 2, 3, 3, 2, 4, 9, 9, 10, 10, 2, 2, 2, 2, 1, 1]","9","7","9"
"247","53","60","20","True","True","53","60","20","True","True","53","60","20","True","True","0.0","0.0","7","7","7","26","26","26","[1, 2, 2, 2, 4, 6, 7, 8, 8, 8, 8, 8, 2, 2, 2, 2, 2, 9, 9, 9]","[1, 2, 2, 2, 4, 6, 7, 8, 8, 8, 8, 8, 2, 2, 2, 2, 2, 9, 9, 9]","[1, 2, 2, 2, 4, 6, 7, 8, 8, 8, 8, 8, 2, 2, 2, 2, 2, 9, 9, 9]","7","7","7"
"248","66","78","20","True","False","51","56","20","True","True","60","69","20","True","True","0.04092950568838016","0.12744062232607511","13","6","9","32","24","28","[1, 1, 1, 2, 2, 1, 1, 9, 9, 9, 1, 4, 4, 11, 14, 5, 1, 1, 1, 1]","[1, 1, 1, 1, 1, 1, 1, 1, 1, 1, 2, 2, 3, 3, 4, 8, 8, 8, 9, 12]","[1, 1, 1, 2, 2, 1, 1, 6, 6, 6, 1, 3, 3, 7, 9, 3, 1, 1, 1, 1]","13","6","9"
"249","53","59","20","True","True","53","59","20","True","True","53","59","20","True","True","0.0","0.0","7","7","7","25","25","25","[1, 1, 1, 1, 2, 2, 2, 4, 4, 2, 2, 4, 8, 9, 9, 2, 14, 14, 14, 14]","[1, 1, 1, 1, 2, 2, 2, 4, 4, 2, 2, 4, 8, 9, 9, 2, 14, 14, 14, 14]","[1, 1, 1, 1, 2, 2, 2, 4, 4, 2, 2, 4, 8, 9, 9, 2, 14, 14, 14, 14]","7","7","7"
"250","53","59","20","True","True","53","59","20","True","True","53","59","20","True","True","0.0","0.0","7","7","7","25","25","25","[1, 1, 1, 1, 1, 1, 1, 1, 1, 1, 1, 2, 2, 6, 7, 7, 7, 7, 7, 1]","[1, 1, 1, 1, 1, 1, 1, 1, 1, 1, 1, 2, 2, 6, 7, 7, 7, 7, 7, 1]","[1, 1, 1, 1, 1, 1, 1, 1, 1, 1, 1, 2, 2, 6, 7, 7, 7, 7, 7, 1]","7","7","7"
"251","53","60","20","True","True","53","60","20","True","True","53","60","20","True","True","0.0","0.0","7","7","7","26","26","26","[1, 1, 1, 1, 1, 1, 2, 2, 4, 4, 4, 7, 7, 7, 4, 4, 4, 2, 2, 2]","[1, 1, 1, 1, 1, 1, 2, 2, 4, 4, 4, 7, 7, 7, 4, 4, 4, 2, 2, 2]","[1, 1, 1, 1, 1, 1, 2, 2, 4, 4, 4, 7, 7, 7, 4, 4, 4, 2, 2, 2]","7","7","7"
"252","53","60","20","True","True","53","60","20","True","True","53","60","20","True","True","0.0","0.0","7","7","7","26","26","26","[1, 1, 1, 1, 2, 2, 2, 2, 1, 1, 5, 5, 3, 3, 3, 3, 1, 6, 6, 6]","[1, 1, 1, 1, 2, 2, 2, 2, 1, 1, 5, 5, 3, 3, 3, 3, 1, 6, 6, 6]","[1, 1, 1, 1, 2, 2, 2, 2, 1, 1, 5, 5, 3, 3, 3, 3, 1, 6, 6, 6]","7","7","7"
"253","53","60","20","True","True","53","60","20","True","True","53","60","20","True","True","0.0","0.0","7","7","7","26","26","26","[1, 1, 1, 1, 1, 1, 2, 2, 3, 3, 6, 6, 1, 1, 2, 2, 2, 1, 1, 1]","[1, 1, 1, 1, 1, 1, 2, 2, 3, 3, 6, 6, 1, 1, 2, 2, 2, 1, 1, 1]","[1, 1, 1, 1, 1, 1, 2, 2, 3, 3, 6, 6, 1, 1, 2, 2, 2, 1, 1, 1]","7","7","7"
"254","53","59","20","True","True","53","59","20","True","True","53","59","20","True","True","0.0","0.0","7","7","7","25","25","25","[1, 1, 1, 1, 2, 2, 3, 5, 5, 6, 6, 6, 3, 7, 7, 6, 6, 12, 12, 12]","[1, 1, 1, 1, 2, 2, 3, 5, 5, 6, 6, 6, 3, 7, 7, 6, 6, 12, 12, 12]","[1, 1, 1, 1, 2, 2, 3, 5, 5, 6, 6, 6, 3, 7, 7, 6, 6, 12, 12, 12]","7","7","7"
"255","53","60","20","True","True","53","60","20","True","True","53","60","20","True","True","0.0","0.0","7","7","7","26","26","26","[1, 1, 1, 2, 3, 3, 3, 3, 3, 4, 4, 4, 8, 8, 4, 8, 8, 4, 1, 1]","[1, 1, 1, 2, 3, 3, 3, 3, 3, 4, 4, 4, 8, 8, 4, 8, 8, 4, 1, 1]","[1, 1, 1, 2, 3, 3, 3, 3, 3, 4, 4, 4, 8, 8, 4, 8, 8, 4, 1, 1]","7","7","7"
"256","60","72","20","True","False","45","47","20","True","True","59","72","20","True","False","0.0","0.15700730951444508","9","3","9","30","21","30","[2, 2, 2, 2, 3, 3, 3, 13, 3, 2, 2, 8, 16, 16, 8, 5, 1, 1, 1, 1]","[1, 1, 1, 1, 1, 1, 1, 1, 1, 1, 2, 2, 2, 2, 2, 4, 4, 8, 8, 8]","[1, 1, 1, 1, 2, 2, 2, 8, 2, 1, 1, 4, 8, 8, 4, 2, 1, 1, 1, 1]","9","3","9"
"257","53","60","20","True","True","53","60","20","True","True","53","60","20","True","True","0.0","0.0","7","7","7","26","26","26","[1, 1, 1, 1, 1, 2, 2, 1, 1, 1, 2, 3, 3, 1, 1, 1, 2, 2, 2, 2]","[1, 1, 1, 1, 1, 2, 2, 1, 1, 1, 2, 3, 3, 1, 1, 1, 2, 2, 2, 2]","[1, 1, 1, 1, 1, 2, 2, 1, 1, 1, 2, 3, 3, 1, 1, 1, 2, 2, 2, 2]","7","7","7"
"258","53","60","20","True","True","53","60","20","True","True","53","60","20","True","True","0.0","0.0","7","7","7","26","26","26","[1, 1, 2, 2, 3, 3, 3, 2, 1, 4, 4, 2, 2, 2, 4, 5, 5, 4, 2, 2]","[1, 1, 2, 2, 3, 3, 3, 2, 1, 4, 4, 2, 2, 2, 4, 5, 5, 4, 2, 2]","[1, 1, 2, 2, 3, 3, 3, 2, 1, 4, 4, 2, 2, 2, 4, 5, 5, 4, 2, 2]","7","7","7"
"259","66","78","20","True","False","53","58","20","True","True","58","64","20","True","False","0.05682016081277985","0.10952366919533807","13","6","6","32","24","25","[1, 2, 2, 9, 9, 9, 9, 9, 9, 9, 2, 11, 11, 33, 33, 15, 13, 11, 11, 2]","[1, 1, 1, 1, 1, 2, 2, 2, 2, 2, 2, 2, 3, 3, 3, 3, 4, 5, 11, 11]","[1, 1, 1, 3, 3, 3, 3, 3, 3, 3, 1, 3, 3, 8, 8, 3, 3, 3, 3, 1]","13","6","6"
"260","58","69","20","True","True","58","69","20","True","True","58","69","20","True","True","0.0","0.0","7","7","7","29","29","29","[1, 1, 2, 4, 5, 9, 9, 9, 9, 9, 9, 9, 5, 4, 13, 13, 8, 8, 8, 8]","[1, 1, 2, 4, 5, 9, 9, 9, 9, 9, 9, 9, 5, 4, 13, 13, 8, 8, 8, 8]","[1, 1, 2, 4, 5, 9, 9, 9, 9, 9, 9, 9, 5, 4, 13, 13, 8, 8, 8, 8]","7","7","7"
"261","53","60","20","True","True","53","60","20","True","True","53","60","20","True","True","0.0","0.0","7","7","7","26","26","26","[1, 1, 1, 1, 1, 1, 1, 1, 1, 3, 4, 4, 3, 2, 2, 1, 4, 4, 1, 1]","[1, 1, 1, 1, 1, 1, 1, 1, 1, 3, 4, 4, 3, 2, 2, 1, 4, 4, 1, 1]","[1, 1, 1, 1, 1, 1, 1, 1, 1, 3, 4, 4, 3, 2, 2, 1, 4, 4, 1, 1]","7","7","7"
"262","60","72","20","True","False","57","65","20","True","True","59","71","20","True","False","0.007366701759173866","0.04258169140371859","9","9","9","30","27","29","[1, 1, 1, 2, 2, 2, 2, 3, 3, 6, 44, 9, 9, 15, 15, 15, 6, 6, 3, 2]","[1, 1, 1, 2, 2, 2, 2, 2, 3, 3, 3, 6, 6, 6, 9, 9, 15, 15, 15, 44]","[1, 1, 1, 2, 2, 2, 2, 3, 3, 6, 44, 9, 9, 15, 15, 15, 6, 6, 3, 2]","9","9","9"
"263","53","60","20","True","True","53","60","20","True","True","53","60","20","True","True","0.0","0.0","7","7","7","26","26","26","[1, 1, 1, 1, 3, 5, 5, 5, 3, 2, 4, 4, 4, 4, 7, 7, 1, 1, 1, 1]","[1, 1, 1, 1, 3, 5, 5, 5, 3, 2, 4, 4, 4, 4, 7, 7, 1, 1, 1, 1]","[1, 1, 1, 1, 3, 5, 5, 5, 3, 2, 4, 4, 4, 4, 7, 7, 1, 1, 1, 1]","7","7","7"
"264","53","60","20","True","True","53","60","20","True","True","53","60","20","True","True","0.0","0.0","7","7","7","26","26","26","[1, 1, 1, 1, 3, 3, 1, 1, 1, 1, 3, 4, 5, 5, 5, 2, 2, 2, 1, 1]","[1, 1, 1, 1, 3, 3, 1, 1, 1, 1, 3, 4, 5, 5, 5, 2, 2, 2, 1, 1]","[1, 1, 1, 1, 3, 3, 1, 1, 1, 1, 3, 4, 5, 5, 5, 2, 2, 2, 1, 1]","7","7","7"
"265","66","78","20","True","False","49","53","20","True","True","56","60","20","True","True","0.07466872594235119","0.14604994971893415","13","5","4","32","23","23","[1, 1, 6, 1, 1, 5, 1, 2, 2, 1, 1, 2, 2, 3, 5, 6, 6, 4, 4, 1]","[1, 1, 1, 1, 1, 1, 1, 1, 2, 2, 2, 2, 3, 4, 4, 5, 5, 5, 5, 6]","[1, 1, 3, 1, 1, 2, 1, 2, 2, 1, 1, 1, 1, 1, 1, 1, 1, 1, 1, 1]","13","5","4"
"266","66","78","20","True","False","51","56","20","True","True","56","61","21","True","True","0.07497498985792017","0.12744062232607511","13","6","5","32","24","25","[1, 1, 1, 1, 1, 1, 4, 6, 6, 8, 8, 6, 6, 9, 9, 24, 24, 24, 24, 2]","[1, 1, 1, 1, 1, 1, 1, 2, 3, 3, 3, 3, 4, 4, 5, 5, 11, 11, 11, 11]","[1, 1, 1, 1, 1, 1, 0, 0, 0, 0, 0, 0, 0, 0, 0, 0, 0, 0, 0, 0, 1]","13","6","5"
"267","60","72","20","True","False","53","59","20","True","True","59","72","20","True","False","0.0","0.0791423722994592","9","7","9","30","25","30","[1, 1, 2, 2, 1, 3, 3, 4, 4, 4, 4, 4, 4, 2, 3, 3, 4, 4, 4, 18]","[1, 1, 1, 2, 2, 2, 2, 2, 3, 3, 4, 4, 4, 4, 4, 4, 4, 4, 4, 18]","[1, 1, 2, 2, 1, 2, 2, 4, 4, 4, 4, 4, 4, 2, 3, 3, 4, 4, 4, 18]","9","7","9"
"268","66","78","20","True","False","51","56","20","True","True","60","69","20","True","True","0.04064752874963595","0.12744062232607511","13","6","9","32","24","28","[1, 1, 1, 2, 2, 3, 3, 12, 2, 2, 4, 4, 4, 16, 16, 8, 8, 8, 8, 1]","[1, 1, 1, 1, 2, 2, 2, 2, 3, 3, 3, 3, 3, 6, 6, 6, 6, 10, 14, 14]","[1, 1, 1, 2, 2, 2, 2, 6, 2, 2, 2, 2, 2, 12, 12, 4, 4, 4, 4, 1]","13","6","9"
"269","53","60","20","True","True","53","60","20","True","True","53","60","20","True","True","0.0","0.0","7","7","7","26","26","26","[1, 1, 1, 1, 2, 2, 2, 7, 7, 4, 4, 2, 2, 2, 2, 2, 2, 1, 1, 1]","[1, 1, 1, 1, 2, 2, 2, 7, 7, 4, 4, 2, 2, 2, 2, 2, 2, 1, 1, 1]","[1, 1, 1, 1, 2, 2, 2, 7, 7, 4, 4, 2, 2, 2, 2, 2, 2, 1, 1, 1]","7","7","7"
"270","66","78","20","True","False","57","65","20","True","True","58","63","20","True","True","0.06666874071295992","0.07385346454153174","13","9","5","32","27","25","[1, 1, 1, 2, 13, 4, 4, 19, 2, 2, 2, 2, 2, 5, 9, 9, 7, 8, 8, 8]","[1, 1, 1, 2, 2, 2, 2, 2, 2, 4, 4, 5, 7, 8, 8, 8, 9, 9, 13, 19]","[1, 1, 1, 2, 6, 4, 4, 4, 2, 2, 2, 2, 2, 2, 2, 2, 2, 2, 2, 2]","13","9","5"
"271","66","78","20","True","False","49","53","20","True","True","59","66","20","True","True","0.05019540411821444","0.14604994971893415","13","5","7","32","23","26","[1, 1, 3, 4, 8, 8, 3, 3, 9, 9, 2, 2, 1, 6, 6, 3, 18, 18, 3, 1]","[1, 1, 1, 1, 2, 2, 2, 2, 2, 2, 3, 3, 5, 5, 5, 5, 7, 7, 14, 14]","[1, 1, 2, 2, 4, 4, 2, 2, 4, 4, 2, 2, 1, 2, 2, 3, 8, 8, 3, 1]","13","5","7"
"272","58","70","20","True","True","58","70","20","True","True","58","70","20","True","True","0.0","0.0","7","7","7","30","30","30","[1, 1, 1, 1, 2, 2, 2, 2, 3, 3, 2, 4, 4, 4, 8, 8, 4, 1, 1, 1]","[1, 1, 1, 1, 2, 2, 2, 2, 3, 3, 2, 4, 4, 4, 8, 8, 4, 1, 1, 1]","[1, 1, 1, 1, 2, 2, 2, 2, 3, 3, 2, 4, 4, 4, 8, 8, 4, 1, 1, 1]","7","7","7"
"273","53","59","20","True","True","53","59","20","True","True","53","59","20","True","True","0.0","0.0","7","7","7","25","25","25","[1, 1, 1, 1, 1, 2, 2, 4, 6, 24, 24, 24, 24, 17, 17, 17, 6, 6, 4, 2]","[1, 1, 1, 1, 1, 2, 2, 4, 6, 24, 24, 24, 24, 17, 17, 17, 6, 6, 4, 2]","[1, 1, 1, 1, 1, 2, 2, 4, 6, 24, 24, 24, 24, 17, 17, 17, 6, 6, 4, 2]","7","7","7"
"274","66","78","20","True","False","55","62","20","True","True","60","68","20","True","True","0.040293130082137196","0.09136463531840688","13","8","8","32","26","27","[1, 1, 1, 1, 12, 2, 2, 3, 6, 7, 7, 15, 15, 33, 14, 6, 6, 3, 2, 2]","[1, 1, 1, 1, 2, 2, 2, 2, 2, 2, 4, 4, 4, 5, 5, 9, 10, 10, 10, 23]","[1, 1, 1, 1, 6, 2, 2, 2, 4, 4, 4, 8, 8, 18, 8, 4, 4, 2, 2, 2]","13","8","8"
"275","53","60","20","True","True","53","60","20","True","True","53","60","20","True","True","0.0","0.0","7","7","7","26","26","26","[1, 1, 1, 1, 1, 1, 2, 3, 3, 3, 3, 3, 2, 5, 5, 5, 1, 1, 1, 1]","[1, 1, 1, 1, 1, 1, 2, 3, 3, 3, 3, 3, 2, 5, 5, 5, 1, 1, 1, 1]","[1, 1, 1, 1, 1, 1, 2, 3, 3, 3, 3, 3, 2, 5, 5, 5, 1, 1, 1, 1]","7","7","7"
"276","58","70","20","True","True","58","70","20","True","True","58","70","20","True","True","0.0","0.0","7","7","7","30","30","30","[1, 1, 1, 2, 2, 4, 5, 5, 5, 5, 8, 8, 6, 6, 6, 6, 2, 1, 1, 1]","[1, 1, 1, 2, 2, 4, 5, 5, 5, 5, 8, 8, 6, 6, 6, 6, 2, 1, 1, 1]","[1, 1, 1, 2, 2, 4, 5, 5, 5, 5, 8, 8, 6, 6, 6, 6, 2, 1, 1, 1]","7","7","7"
"277","66","78","20","True","False","51","56","20","True","True","64","75","20","True","False","0.0134998177575254","0.12744062232607511","13","6","12","32","24","30","[1, 1, 1, 13, 13, 1, 1, 1, 2, 7, 7, 4, 3, 3, 3, 2, 10, 10, 10, 10]","[1, 1, 1, 1, 1, 1, 2, 2, 3, 3, 3, 4, 7, 7, 10, 10, 10, 10, 13, 13]","[1, 1, 1, 10, 10, 1, 1, 1, 1, 5, 5, 3, 2, 2, 2, 1, 7, 7, 7, 7]","13","6","12"
"278","58","70","20","True","True","58","70","20","True","True","58","70","20","True","True","0.0","0.0","7","7","7","30","30","30","[1, 2, 2, 4, 6, 6, 6, 6, 7, 7, 6, 2, 7, 7, 6, 1, 1, 1, 1, 1]","[1, 2, 2, 4, 6, 6, 6, 6, 7, 7, 6, 2, 7, 7, 6, 1, 1, 1, 1, 1]","[1, 2, 2, 4, 6, 6, 6, 6, 7, 7, 6, 2, 7, 7, 6, 1, 1, 1, 1, 1]","7","7","7"
"279","58","70","20","True","True","58","70","20","True","True","58","70","20","True","True","0.0","0.0","7","7","7","30","30","30","[1, 1, 1, 1, 1, 3, 4, 4, 4, 3, 3, 2, 2, 1, 1, 4, 4, 4, 4, 1]","[1, 1, 1, 1, 1, 3, 4, 4, 4, 3, 3, 2, 2, 1, 1, 4, 4, 4, 4, 1]","[1, 1, 1, 1, 1, 3, 4, 4, 4, 3, 3, 2, 2, 1, 1, 4, 4, 4, 4, 1]","7","7","7"
"280","58","70","20","True","True","58","70","20","True","True","58","70","20","True","True","0.0","0.0","7","7","7","30","30","30","[1, 1, 1, 1, 2, 2, 2, 2, 2, 2, 2, 2, 6, 6, 4, 4, 1, 1, 1, 1]","[1, 1, 1, 1, 2, 2, 2, 2, 2, 2, 2, 2, 6, 6, 4, 4, 1, 1, 1, 1]","[1, 1, 1, 1, 2, 2, 2, 2, 2, 2, 2, 2, 6, 6, 4, 4, 1, 1, 1, 1]","7","7","7"
"281","53","60","20","True","True","53","60","20","True","True","53","60","20","True","True","0.0","0.0","7","7","7","26","26","26","[1, 1, 1, 1, 2, 2, 2, 2, 2, 2, 2, 2, 4, 4, 1, 1, 2, 4, 4, 4]","[1, 1, 1, 1, 2, 2, 2, 2, 2, 2, 2, 2, 4, 4, 1, 1, 2, 4, 4, 4]","[1, 1, 1, 1, 2, 2, 2, 2, 2, 2, 2, 2, 4, 4, 1, 1, 2, 4, 4, 4]","7","7","7"
"282","58","70","20","True","True","58","70","20","True","True","58","70","20","True","True","0.0","0.0","7","7","7","30","30","30","[1, 1, 1, 1, 1, 1, 1, 1, 1, 1, 1, 1, 1, 2, 2, 4, 4, 4, 4, 4]","[1, 1, 1, 1, 1, 1, 1, 1, 1, 1, 1, 1, 1, 2, 2, 4, 4, 4, 4, 4]","[1, 1, 1, 1, 1, 1, 1, 1, 1, 1, 1, 1, 1, 2, 2, 4, 4, 4, 4, 4]","7","7","7"
"283","58","70","20","True","True","58","70","20","True","True","58","70","20","True","True","0.0","0.0","7","7","7","30","30","30","[1, 2, 4, 4, 4, 4, 6, 6, 4, 6, 6, 2, 2, 2, 1, 5, 5, 5, 1, 1]","[1, 2, 4, 4, 4, 4, 6, 6, 4, 6, 6, 2, 2, 2, 1, 5, 5, 5, 1, 1]","[1, 2, 4, 4, 4, 4, 6, 6, 4, 6, 6, 2, 2, 2, 1, 5, 5, 5, 1, 1]","7","7","7"
"284","58","70","20","True","True","58","70","20","True","True","58","70","20","True","True","0.0","0.0","7","7","7","30","30","30","[1, 1, 1, 1, 2, 2, 2, 2, 2, 3, 3, 5, 5, 7, 7, 15, 15, 15, 5, 5]","[1, 1, 1, 1, 2, 2, 2, 2, 2, 3, 3, 5, 5, 7, 7, 15, 15, 15, 5, 5]","[1, 1, 1, 1, 2, 2, 2, 2, 2, 3, 3, 5, 5, 7, 7, 15, 15, 15, 5, 5]","7","7","7"
"285","53","59","20","True","True","53","59","20","True","True","53","59","20","True","True","0.0","0.0","7","7","7","25","25","25","[1, 1, 1, 1, 1, 1, 1, 2, 2, 2, 5, 5, 2, 5, 6, 6, 3, 3, 2, 2]","[1, 1, 1, 1, 1, 1, 1, 2, 2, 2, 5, 5, 2, 5, 6, 6, 3, 3, 2, 2]","[1, 1, 1, 1, 1, 1, 1, 2, 2, 2, 5, 5, 2, 5, 6, 6, 3, 3, 2, 2]","7","7","7"
"286","66","78","20","True","False","51","56","20","True","True","57","64","20","True","True","0.06668253352003484","0.12744062232607511","13","6","7","32","24","26","[1, 1, 1, 1, 1, 2, 2, 1, 1, 2, 2, 3, 15, 9, 8, 1, 2, 3, 3, 3]","[1, 1, 1, 1, 1, 1, 1, 1, 1, 1, 2, 2, 2, 3, 3, 3, 3, 7, 8, 14]","[1, 1, 1, 1, 1, 1, 1, 1, 1, 1, 1, 2, 8, 5, 5, 1, 1, 1, 1, 1]","13","6","7"
"287","53","59","20","True","True","53","59","20","True","True","53","59","20","True","True","0.0","0.0","7","7","7","25","25","25","[1, 1, 1, 1, 2, 2, 3, 3, 3, 6, 6, 5, 11, 11, 7, 7, 5, 2, 2, 1]","[1, 1, 1, 1, 2, 2, 3, 3, 3, 6, 6, 5, 11, 11, 7, 7, 5, 2, 2, 1]","[1, 1, 1, 1, 2, 2, 3, 3, 3, 6, 6, 5, 11, 11, 7, 7, 5, 2, 2, 1]","7","7","7"
"288","66","78","20","True","False","53","59","20","True","True","59","65","20","True","True","0.05472767222423347","0.1092199784692186","13","7","7","32","25","25","[1, 1, 1, 2, 2, 21, 21, 5, 5, 4, 3, 2, 2, 2, 8, 8, 2, 1, 4, 1]","[1, 1, 1, 1, 1, 2, 2, 2, 2, 2, 2, 3, 4, 4, 5, 5, 8, 8, 21, 21]","[1, 1, 1, 2, 2, 8, 8, 2, 2, 2, 1, 2, 2, 2, 3, 3, 2, 1, 2, 1]","13","7","7"
"289","60","72","20","True","False","51","56","20","True","True","59","71","20","True","False","0.007366701759173866","0.09797824476140304","9","6","9","30","24","29","[1, 1, 1, 3, 11, 11, 3, 2, 15, 15, 1, 3, 3, 1, 1, 1, 1, 1, 1, 1]","[1, 1, 1, 1, 1, 1, 1, 1, 1, 1, 1, 2, 3, 3, 3, 3, 11, 11, 15, 15]","[1, 1, 1, 3, 11, 11, 3, 2, 15, 15, 1, 3, 3, 1, 1, 1, 1, 1, 1, 1]","9","6","9"
"290","66","78","20","True","False","53","59","20","True","False","56","59","21","True","True","0.08398063607627593","0.1092199784692186","13","7","4","32","25","23","[1, 1, 1, 1, 1, 1, 1, 1, 1, 1, 13, 13, 13, 13, 23, 3, 1, 1, 1, 1]","[1, 1, 1, 1, 1, 1, 1, 1, 1, 1, 1, 1, 1, 1, 3, 13, 13, 13, 13, 23]","[1, 1, 1, 1, 1, 1, 1, 1, 1, 1, 6, 6, 6, 6, 9, 3, 1, 1, 1, 1, 1]","13","7","4"
"291","53","59","20","True","True","53","59","20","True","True","53","59","20","True","True","0.0","0.0","7","7","7","25","25","25","[1, 1, 1, 1, 1, 1, 1, 4, 4, 3, 2, 2, 6, 6, 2, 3, 3, 3, 1, 1]","[1, 1, 1, 1, 1, 1, 1, 4, 4, 3, 2, 2, 6, 6, 2, 3, 3, 3, 1, 1]","[1, 1, 1, 1, 1, 1, 1, 4, 4, 3, 2, 2, 6, 6, 2, 3, 3, 3, 1, 1]","7","7","7"
"292","66","78","20","True","False","57","65","20","True","True","60","69","20","True","True","0.04064752874963595","0.07385346454153174","13","9","9","32","27","28","[1, 2, 2, 2, 2, 2, 2, 2, 2, 2, 22, 36, 4, 15, 15, 9, 9, 9, 8, 1]","[1, 1, 1, 1, 1, 1, 1, 1, 1, 1, 1, 3, 6, 7, 7, 7, 11, 11, 16, 26]","[1, 1, 1, 1, 1, 1, 1, 1, 1, 1, 6, 10, 1, 4, 4, 2, 2, 2, 2, 1]","13","9","9"
"293","66","78","20","True","False","51","56","20","True","True","59","66","20","True","True","0.05688028631744413","0.12744062232607511","13","6","8","32","24","26","[1, 1, 1, 1, 1, 2, 2, 3, 3, 1, 2, 3, 15, 17, 6, 6, 6, 2, 1, 1]","[1, 1, 1, 1, 1, 1, 1, 1, 2, 2, 2, 2, 3, 3, 3, 6, 6, 6, 15, 17]","[1, 1, 1, 1, 1, 2, 2, 3, 3, 1, 2, 3, 9, 9, 3, 3, 3, 2, 1, 1]","13","6","8"
"294","74","88","25","True","False","59","63","25","True","True","73","88","25","True","False","0.0","0.1260503780828729","11","5","11","37","28","37","[1, 3, 13, 3, 3, 2, 2, 3, 3, 2, 2, 2, 2, 5, 5, 5, 5, 2, 7, 10, 10, 3, 3, 1, 1]","[1, 1, 1, 1, 1, 1, 1, 1, 2, 2, 2, 2, 2, 2, 2, 3, 3, 3, 3, 3, 3, 4, 6, 6, 10]","[1, 2, 10, 2, 2, 2, 2, 2, 2, 1, 1, 1, 1, 3, 3, 3, 3, 1, 4, 6, 6, 3, 3, 1, 1]","11","5","11"
"295","67","76","25","True","True","67","76","25","True","True","67","76","25","True","True","0.0","0.0","9","9","9","33","33","33","[1, 1, 1, 1, 1, 1, 1, 2, 2, 4, 4, 4, 4, 4, 4, 4, 2, 4, 10, 10, 4, 4, 4, 2, 1]","[1, 1, 1, 1, 1, 1, 1, 2, 2, 4, 4, 4, 4, 4, 4, 4, 2, 4, 10, 10, 4, 4, 4, 2, 1]","[1, 1, 1, 1, 1, 1, 1, 2, 2, 4, 4, 4, 4, 4, 4, 4, 2, 4, 10, 10, 4, 4, 4, 2, 1]","9","9","9"
"296","67","76","25","True","True","67","76","25","True","True","67","76","25","True","True","0.0","0.0","9","9","9","33","33","33","[1, 1, 1, 1, 1, 1, 2, 2, 1, 1, 1, 1, 2, 2, 3, 3, 4, 4, 1, 1, 1, 3, 9, 9, 9]","[1, 1, 1, 1, 1, 1, 2, 2, 1, 1, 1, 1, 2, 2, 3, 3, 4, 4, 1, 1, 1, 3, 9, 9, 9]","[1, 1, 1, 1, 1, 1, 2, 2, 1, 1, 1, 1, 2, 2, 3, 3, 4, 4, 1, 1, 1, 3, 9, 9, 9]","9","9","9"
"297","67","76","25","True","True","67","76","25","True","True","67","76","25","True","True","0.0","0.0","9","9","9","33","33","33","[1, 1, 1, 1, 1, 1, 1, 1, 1, 1, 1, 1, 2, 2, 6, 6, 6, 6, 4, 3, 5, 5, 2, 1, 1]","[1, 1, 1, 1, 1, 1, 1, 1, 1, 1, 1, 1, 2, 2, 6, 6, 6, 6, 4, 3, 5, 5, 2, 1, 1]","[1, 1, 1, 1, 1, 1, 1, 1, 1, 1, 1, 1, 2, 2, 6, 6, 6, 6, 4, 3, 5, 5, 2, 1, 1]","9","9","9"
"298","74","88","25","True","False","71","81","25","True","True","73","88","25","True","False","0.0","0.03461931338202351","11","11","11","37","34","37","[1, 1, 1, 2, 2, 4, 4, 12, 12, 12, 12, 24, 25, 25, 12, 12, 12, 17, 17, 16, 12, 49, 20, 20, 1]","[1, 1, 1, 1, 2, 2, 4, 4, 12, 12, 12, 12, 12, 12, 12, 12, 16, 17, 17, 20, 20, 24, 24, 24, 49]","[1, 1, 1, 2, 2, 4, 4, 12, 12, 12, 12, 24, 24, 24, 12, 12, 12, 17, 17, 16, 12, 49, 20, 20, 1]","11","11","11"
"299","80","94","25","True","False","67","75","25","True","False","73","81","25","True","False","0.047272271802437316","0.08928150884424924","15","9","9","39","32","32","[1, 1, 1, 1, 5, 5, 4, 9, 9, 23, 27, 27, 27, 27, 9, 10, 10, 9, 23, 9, 4, 1, 1, 1, 1]","[1, 1, 1, 1, 1, 1, 1, 1, 4, 4, 5, 5, 9, 9, 9, 9, 9, 10, 10, 23, 23, 27, 27, 27, 27]","[1, 1, 1, 1, 5, 5, 4, 4, 4, 12, 12, 12, 12, 12, 4, 4, 4, 4, 12, 4, 4, 1, 1, 1, 1]","15","9","9"
"300","80","94","25","True","False","69","78","25","True","True","72","80","25","True","True","0.048456754738024355","0.07482487255724435","15","10","8","39","33","32","[1, 1, 1, 1, 1, 8, 20, 3, 3, 6, 6, 6, 7, 7, 9, 15, 15, 15, 15, 21, 21, 21, 1, 1, 1]","[1, 1, 1, 1, 1, 1, 1, 1, 3, 3, 6, 6, 6, 7, 7, 8, 9, 15, 15, 15, 15, 19, 21, 21, 21]","[1, 1, 1, 1, 1, 6, 12, 3, 3, 3, 3, 3, 3, 3, 6, 9, 9, 9, 9, 12, 12, 12, 1, 1, 1]","15","10","8"
"301","67","75","25","True","True","67","75","25","True","True","67","75","25","True","True","0.0","0.0","9","9","9","32","32","32","[1, 1, 1, 1, 1, 1, 1, 4, 4, 4, 4, 5, 5, 10, 10, 6, 6, 6, 10, 10, 2, 2, 1, 1, 1]","[1, 1, 1, 1, 1, 1, 1, 4, 4, 4, 4, 5, 5, 10, 10, 6, 6, 6, 10, 10, 2, 2, 1, 1, 1]","[1, 1, 1, 1, 1, 1, 1, 4, 4, 4, 4, 5, 5, 10, 10, 6, 6, 6, 10, 10, 2, 2, 1, 1, 1]","9","9","9"
"302","67","75","25","True","True","67","75","25","True","True","67","75","25","True","True","0.0","0.0","9","9","9","32","32","32","[1, 2, 2, 2, 2, 5, 5, 4, 4, 2, 6, 10, 10, 10, 12, 12, 12, 12, 12, 12, 14, 14, 12, 1, 1]","[1, 2, 2, 2, 2, 5, 5, 4, 4, 2, 6, 10, 10, 10, 12, 12, 12, 12, 12, 12, 14, 14, 12, 1, 1]","[1, 2, 2, 2, 2, 5, 5, 4, 4, 2, 6, 10, 10, 10, 12, 12, 12, 12, 12, 12, 14, 14, 12, 1, 1]","9","9","9"
"303","80","94","25","True","False","69","78","25","True","True","78","91","25","True","False","0.011648662623813255","0.07482487255724435","15","10","14","39","33","37","[1, 9, 9, 1, 1, 1, 3, 3, 3, 3, 13, 15, 27, 27, 10, 3, 3, 3, 2, 4, 4, 4, 4, 1, 1]","[1, 1, 1, 1, 1, 1, 2, 3, 3, 3, 3, 3, 3, 3, 4, 4, 4, 4, 9, 9, 10, 13, 15, 27, 27]","[1, 8, 8, 1, 1, 1, 2, 2, 2, 2, 10, 12, 22, 22, 8, 2, 2, 2, 2, 4, 4, 4, 4, 1, 1]","15","10","14"
"304","80","94","25","True","False","65","72","25","True","True","77","89","25","True","False","0.019354528892484235","0.10397135992910611","15","8","13","39","31","36","[1, 12, 12, 2, 2, 3, 3, 3, 4, 4, 5, 5, 3, 3, 7, 3, 7, 7, 13, 14, 14, 1, 1, 1, 1]","[1, 1, 1, 1, 1, 2, 2, 3, 3, 3, 3, 3, 3, 4, 4, 5, 5, 7, 7, 7, 12, 12, 13, 14, 14]","[1, 9, 9, 2, 2, 2, 2, 2, 3, 3, 3, 3, 2, 2, 6, 2, 5, 5, 9, 10, 10, 1, 1, 1, 1]","15","8","13"
"305","80","94","25","True","False","67","75","25","True","True","71","78","25","True","True","0.05545559953444401","0.08928150884424924","15","9","7","39","32","31","[1, 36, 2, 2, 2, 2, 2, 58, 58, 10, 10, 10, 20, 23, 23, 23, 23, 23, 23, 23, 27, 27, 27, 2, 1]","[1, 1, 1, 1, 1, 1, 1, 1, 5, 5, 5, 10, 12, 12, 12, 12, 12, 12, 12, 14, 14, 14, 19, 30, 30]","[1, 10, 1, 1, 1, 1, 1, 10, 10, 5, 5, 5, 5, 5, 5, 5, 5, 5, 5, 5, 5, 5, 5, 1, 1]","15","9","7"
"306","80","94","25","True","False","59","63","25","True","True","72","80","25","True","True","0.04775258856883946","0.14956200407662834","15","5","8","39","28","32","[1, 2, 2, 2, 2, 2, 4, 4, 15, 15, 15, 4, 8, 8, 8, 8, 8, 4, 4, 3, 6, 32, 33, 33, 33]","[1, 1, 1, 1, 1, 1, 1, 2, 2, 2, 2, 2, 2, 4, 4, 4, 4, 4, 7, 7, 7, 13, 13, 13, 13]","[1, 1, 1, 1, 1, 1, 2, 2, 6, 6, 6, 2, 4, 4, 4, 4, 4, 2, 2, 1, 2, 6, 6, 6, 6]","15","5","8"
"307","67","75","25","True","True","67","75","25","True","True","67","75","25","True","True","0.0","0.0","9","9","9","32","32","32","[1, 1, 1, 1, 2, 2, 2, 2, 3, 3, 3, 3, 5, 5, 12, 12, 6, 4, 4, 1, 1, 4, 4, 1, 1]","[1, 1, 1, 1, 2, 2, 2, 2, 3, 3, 3, 3, 5, 5, 12, 12, 6, 4, 4, 1, 1, 4, 4, 1, 1]","[1, 1, 1, 1, 2, 2, 2, 2, 3, 3, 3, 3, 5, 5, 12, 12, 6, 4, 4, 1, 1, 4, 4, 1, 1]","9","9","9"
"308","67","75","25","True","True","67","75","25","True","True","67","75","25","True","True","0.0","0.0","9","9","9","32","32","32","[1, 1, 1, 1, 1, 2, 4, 5, 5, 7, 7, 5, 11, 11, 9, 9, 6, 6, 2, 1, 1, 1, 1, 1, 1]","[1, 1, 1, 1, 1, 2, 4, 5, 5, 7, 7, 5, 11, 11, 9, 9, 6, 6, 2, 1, 1, 1, 1, 1, 1]","[1, 1, 1, 1, 1, 2, 4, 5, 5, 7, 7, 5, 11, 11, 9, 9, 6, 6, 2, 1, 1, 1, 1, 1, 1]","9","9","9"
"309","72","86","25","True","True","72","86","25","True","True","72","86","25","True","True","0.0","0.0","9","9","9","37","37","37","[1, 1, 1, 1, 1, 1, 1, 1, 1, 1, 2, 2, 3, 3, 3, 3, 3, 3, 8, 8, 2, 5, 13, 13, 13]","[1, 1, 1, 1, 1, 1, 1, 1, 1, 1, 2, 2, 3, 3, 3, 3, 3, 3, 8, 8, 2, 5, 13, 13, 13]","[1, 1, 1, 1, 1, 1, 1, 1, 1, 1, 2, 2, 3, 3, 3, 3, 3, 3, 8, 8, 2, 5, 13, 13, 13]","9","9","9"
"310","67","76","25","True","True","67","76","25","True","True","67","76","25","True","True","0.0","0.0","9","9","9","33","33","33","[1, 1, 1, 1, 1, 1, 1, 1, 1, 1, 1, 2, 4, 4, 1, 1, 1, 6, 6, 1, 3, 3, 4, 4, 4]","[1, 1, 1, 1, 1, 1, 1, 1, 1, 1, 1, 2, 4, 4, 1, 1, 1, 6, 6, 1, 3, 3, 4, 4, 4]","[1, 1, 1, 1, 1, 1, 1, 1, 1, 1, 1, 2, 4, 4, 1, 1, 1, 6, 6, 1, 3, 3, 4, 4, 4]","9","9","9"
"311","67","76","25","True","True","67","76","25","True","True","67","76","25","True","True","0.0","0.0","9","9","9","33","33","33","[1, 1, 1, 1, 1, 1, 1, 1, 1, 2, 3, 3, 5, 6, 7, 7, 7, 3, 1, 1, 1, 1, 1, 1, 1]","[1, 1, 1, 1, 1, 1, 1, 1, 1, 2, 3, 3, 5, 6, 7, 7, 7, 3, 1, 1, 1, 1, 1, 1, 1]","[1, 1, 1, 1, 1, 1, 1, 1, 1, 2, 3, 3, 5, 6, 7, 7, 7, 3, 1, 1, 1, 1, 1, 1, 1]","9","9","9"
"312","67","75","25","True","True","67","75","25","True","True","67","75","25","True","True","0.0","0.0","9","9","9","32","32","32","[1, 1, 1, 1, 2, 2, 2, 2, 2, 2, 1, 3, 3, 4, 4, 4, 4, 4, 1, 2, 8, 10, 10, 10, 3]","[1, 1, 1, 1, 2, 2, 2, 2, 2, 2, 1, 3, 3, 4, 4, 4, 4, 4, 1, 2, 8, 10, 10, 10, 3]","[1, 1, 1, 1, 2, 2, 2, 2, 2, 2, 1, 3, 3, 4, 4, 4, 4, 4, 1, 2, 8, 10, 10, 10, 3]","9","9","9"
"313","74","88","25","True","False","63","69","25","True","True","73","88","25","True","False","0.0","0.09454693598670849","11","7","11","37","30","37","[1, 1, 1, 1, 1, 1, 1, 1, 1, 3, 3, 2, 3, 3, 3, 9, 9, 5, 5, 2, 7, 28, 28, 1, 1]","[1, 1, 1, 1, 1, 1, 1, 1, 1, 1, 1, 1, 1, 2, 2, 2, 2, 2, 3, 3, 4, 5, 5, 16, 16]","[1, 1, 1, 1, 1, 1, 1, 1, 1, 2, 2, 1, 2, 2, 2, 5, 5, 3, 3, 1, 4, 16, 16, 1, 1]","11","7","11"
"314","80","94","25","True","False","61","66","25","True","True","78","92","25","True","False","0.006149781673246868","0.13409837093589427","15","6","14","39","29","38","[1, 1, 2, 3, 6, 6, 24, 3, 3, 11, 11, 11, 17, 17, 17, 17, 11, 11, 12, 12, 6, 6, 24, 24, 24]","[1, 1, 1, 2, 2, 2, 4, 4, 4, 4, 6, 6, 6, 6, 6, 6, 6, 10, 10, 10, 10, 14, 15, 15, 15]","[1, 1, 1, 2, 4, 4, 14, 2, 2, 6, 6, 6, 10, 10, 10, 10, 6, 6, 6, 6, 4, 4, 15, 15, 15]","15","6","14"
"315","67","75","25","True","True","67","75","25","True","True","67","75","25","True","True","0.0","0.0","9","9","9","32","32","32","[1, 1, 1, 3, 3, 3, 3, 3, 3, 3, 3, 3, 6, 6, 3, 3, 1, 7, 7, 12, 12, 4, 4, 4, 4]","[1, 1, 1, 3, 3, 3, 3, 3, 3, 3, 3, 3, 6, 6, 3, 3, 1, 7, 7, 12, 12, 4, 4, 4, 4]","[1, 1, 1, 3, 3, 3, 3, 3, 3, 3, 3, 3, 6, 6, 3, 3, 1, 7, 7, 12, 12, 4, 4, 4, 4]","9","9","9"
"316","74","88","25","True","False","63","69","25","True","True","73","88","25","True","False","0.0","0.09454693598670849","11","7","11","37","30","37","[1, 1, 1, 2, 11, 2, 2, 2, 3, 3, 3, 1, 1, 3, 3, 3, 3, 7, 7, 6, 5, 8, 9, 9, 9]","[1, 1, 1, 1, 1, 2, 2, 2, 2, 2, 2, 2, 3, 3, 3, 3, 5, 6, 7, 7, 8, 8, 8, 8, 11]","[1, 1, 1, 2, 11, 2, 2, 2, 2, 2, 2, 1, 1, 3, 3, 3, 3, 7, 7, 6, 5, 8, 8, 8, 8]","11","7","11"
"317","74","88","25","True","False","59","63","25","True","True","73","88","25","True","False","0.0","0.1260503780828729","11","5","11","37","28","37","[1, 1, 1, 1, 1, 2, 3, 3, 12, 12, 5, 5, 1, 1, 1, 2, 2, 2, 3, 6, 7, 7, 7, 3, 1]","[1, 1, 1, 1, 1, 1, 1, 1, 1, 1, 2, 2, 2, 2, 2, 3, 3, 3, 3, 5, 6, 6, 6, 9, 9]","[1, 1, 1, 1, 1, 1, 2, 2, 9, 9, 3, 3, 1, 1, 1, 2, 2, 2, 3, 5, 6, 6, 6, 3, 1]","11","5","11"
"318","80","94","25","True","False","69","78","25","True","True","74","84","25","True","True","0.03293310375144287","0.07482487255724435","15","10","10","39","33","34","[1, 1, 1, 1, 4, 7, 7, 7, 14, 14, 14, 14, 7, 7, 7, 6, 2, 30, 37, 37, 44, 44, 44, 44, 41]","[1, 1, 1, 1, 2, 4, 6, 6, 6, 6, 6, 6, 6, 12, 12, 12, 12, 27, 33, 33, 37, 39, 39, 39, 39]","[1, 1, 1, 1, 4, 4, 4, 4, 8, 8, 8, 8, 4, 4, 4, 4, 2, 16, 20, 20, 24, 24, 24, 24, 24]","15","10","10"
"319","74","88","25","True","False","59","63","25","True","True","73","88","25","True","False","0.0","0.1260503780828729","11","5","11","37","28","37","[1, 1, 1, 2, 2, 2, 2, 2, 4, 4, 8, 8, 3, 3, 3, 2, 2, 2, 9, 9, 1, 17, 9, 9, 1]","[1, 1, 1, 1, 1, 1, 1, 1, 1, 1, 1, 1, 1, 2, 2, 2, 2, 2, 5, 5, 6, 6, 6, 6, 11]","[1, 1, 1, 1, 1, 1, 1, 1, 2, 2, 5, 5, 2, 2, 2, 1, 1, 1, 6, 6, 1, 11, 6, 6, 1]","11","5","11"
"320","80","94","25","True","False","57","60","25","True","True","77","90","25","True","False","0.012848626949605757","0.16531207112810786","15","4","13","39","27","37","[1, 1, 1, 2, 2, 15, 15, 3, 6, 1, 4, 9, 9, 9, 2, 1, 1, 1, 1, 2, 3, 3, 3, 3, 2]","[1, 1, 1, 1, 1, 1, 1, 1, 2, 2, 2, 2, 2, 2, 3, 3, 3, 3, 3, 6, 6, 6, 6, 12, 12]","[1, 1, 1, 2, 2, 12, 12, 3, 6, 1, 2, 6, 6, 6, 2, 1, 1, 1, 1, 2, 3, 3, 3, 3, 2]","15","4","13"
"321","80","94","25","True","False","59","63","25","True","True","71","79","25","True","True","0.05575304793304703","0.14956200407662834","15","5","7","39","28","33","[1, 1, 1, 1, 1, 15, 15, 1, 3, 3, 2, 2, 1, 6, 6, 3, 5, 5, 5, 5, 7, 7, 7, 5, 13]","[1, 1, 1, 1, 1, 1, 1, 2, 2, 3, 3, 3, 4, 4, 4, 4, 4, 6, 6, 6, 6, 6, 12, 12, 12]","[1, 1, 1, 1, 1, 9, 9, 1, 3, 3, 2, 2, 1, 3, 3, 3, 3, 3, 3, 3, 3, 3, 3, 3, 6]","15","5","7"
"322","67","75","25","True","True","67","75","25","True","True","67","75","25","True","True","0.0","0.0","9","9","9","32","32","32","[1, 2, 2, 2, 2, 2, 2, 2, 2, 4, 5, 5, 11, 11, 5, 6, 6, 6, 10, 10, 10, 6, 1, 1, 1]","[1, 2, 2, 2, 2, 2, 2, 2, 2, 4, 5, 5, 11, 11, 5, 6, 6, 6, 10, 10, 10, 6, 1, 1, 1]","[1, 2, 2, 2, 2, 2, 2, 2, 2, 4, 5, 5, 11, 11, 5, 6, 6, 6, 10, 10, 10, 6, 1, 1, 1]","9","9","9"
"323","74","88","25","True","False","67","74","25","True","True","73","87","25","True","False","0.005236553454152637","0.06435549000013341","11","8","11","37","31","36","[1, 1, 1, 1, 1, 1, 1, 1, 1, 1, 1, 1, 4, 4, 4, 4, 4, 4, 5, 11, 16, 44, 44, 4, 1]","[1, 1, 1, 1, 1, 1, 1, 1, 1, 1, 1, 1, 1, 2, 2, 2, 2, 2, 2, 2, 3, 7, 10, 28, 28]","[1, 1, 1, 1, 1, 1, 1, 1, 1, 1, 1, 1, 4, 4, 4, 4, 4, 4, 5, 11, 16, 44, 44, 4, 1]","11","8","11"
"324","80","94","25","True","False","65","72","25","True","True","72","80","25","True","True","0.048456754738024355","0.10397135992910611","15","8","7","39","31","33","[1, 2, 2, 2, 2, 2, 2, 4, 4, 4, 6, 6, 4, 4, 2, 2, 58, 58, 26, 26, 26, 26, 26, 26, 2]","[1, 1, 1, 1, 1, 1, 1, 2, 2, 2, 2, 2, 2, 2, 2, 3, 3, 15, 15, 15, 15, 15, 15, 32, 32]","[1, 1, 1, 1, 1, 1, 1, 2, 2, 2, 2, 2, 2, 2, 2, 2, 12, 12, 4, 4, 4, 4, 4, 4, 2]","15","8","7"
"325","67","75","25","True","True","67","75","25","True","True","67","75","25","True","True","0.0","0.0","9","9","9","32","32","32","[1, 1, 1, 1, 1, 1, 1, 1, 1, 1, 2, 4, 4, 4, 1, 1, 2, 2, 8, 8, 2, 2, 2, 2, 2]","[1, 1, 1, 1, 1, 1, 1, 1, 1, 1, 2, 4, 4, 4, 1, 1, 2, 2, 8, 8, 2, 2, 2, 2, 2]","[1, 1, 1, 1, 1, 1, 1, 1, 1, 1, 2, 4, 4, 4, 1, 1, 2, 2, 8, 8, 2, 2, 2, 2, 2]","9","9","9"
"326","80","94","25","True","False","61","66","25","True","True","75","86","25","True","False","0.026614092278051005","0.13409837093589427","15","6","11","39","29","35","[1, 1, 1, 7, 1, 1, 1, 1, 1, 1, 1, 1, 6, 6, 6, 8, 8, 8, 9, 9, 9, 2, 3, 3, 3]","[1, 1, 1, 1, 1, 1, 1, 1, 1, 1, 1, 2, 3, 3, 3, 5, 5, 5, 7, 8, 8, 8, 8, 8, 9]","[1, 1, 1, 5, 1, 1, 1, 1, 1, 1, 1, 1, 3, 3, 3, 5, 5, 5, 5, 5, 6, 1, 1, 1, 1]","15","6","11"
"327","67","76","25","True","True","67","76","25","True","True","67","76","25","True","True","0.0","0.0","9","9","9","33","33","33","[1, 1, 1, 3, 3, 3, 1, 1, 1, 1, 3, 3, 3, 3, 3, 6, 6, 6, 8, 8, 1, 10, 10, 1, 1]","[1, 1, 1, 3, 3, 3, 1, 1, 1, 1, 3, 3, 3, 3, 3, 6, 6, 6, 8, 8, 1, 10, 10, 1, 1]","[1, 1, 1, 3, 3, 3, 1, 1, 1, 1, 3, 3, 3, 3, 3, 6, 6, 6, 8, 8, 1, 10, 10, 1, 1]","9","9","9"
"328","80","94","25","True","False","73","84","25","True","True","72","80","25","True","False","0.04798725275369253","0.0465689804447611","15","12","8","39","35","32","[1, 1, 1, 2, 2, 2, 2, 8, 8, 24, 35, 37, 39, 84, 37, 35, 35, 26, 26, 24, 24, 2, 2, 2, 2]","[1, 1, 1, 2, 2, 2, 2, 2, 2, 2, 2, 8, 8, 24, 24, 24, 26, 26, 34, 34, 34, 36, 36, 38, 82]","[1, 1, 1, 2, 2, 2, 2, 6, 6, 18, 24, 24, 24, 54, 24, 24, 24, 18, 18, 18, 18, 2, 2, 2, 2]","15","12","8"
"329","72","86","25","True","True","72","86","25","True","True","72","86","25","True","True","0.0","0.0","9","9","9","37","37","37","[1, 1, 1, 1, 1, 1, 1, 2, 2, 2, 2, 2, 4, 4, 4, 5, 8, 8, 6, 6, 6, 4, 4, 1, 1]","[1, 1, 1, 1, 1, 1, 1, 2, 2, 2, 2, 2, 4, 4, 4, 5, 8, 8, 6, 6, 6, 4, 4, 1, 1]","[1, 1, 1, 1, 1, 1, 1, 2, 2, 2, 2, 2, 4, 4, 4, 5, 8, 8, 6, 6, 6, 4, 4, 1, 1]","9","9","9"
"330","67","75","25","True","True","67","75","25","True","True","67","75","25","True","True","0.0","0.0","9","9","9","32","32","32","[1, 1, 1, 2, 2, 2, 1, 1, 1, 1, 2, 2, 2, 2, 2, 2, 2, 4, 9, 13, 13, 13, 13, 2, 2]","[1, 1, 1, 2, 2, 2, 1, 1, 1, 1, 2, 2, 2, 2, 2, 2, 2, 4, 9, 13, 13, 13, 13, 2, 2]","[1, 1, 1, 2, 2, 2, 1, 1, 1, 1, 2, 2, 2, 2, 2, 2, 2, 4, 9, 13, 13, 13, 13, 2, 2]","9","9","9"
"331","67","76","25","True","True","67","76","25","True","True","67","76","25","True","True","0.0","0.0","9","9","9","33","33","33","[1, 1, 1, 1, 1, 1, 1, 1, 1, 1, 1, 3, 3, 3, 2, 2, 3, 4, 4, 4, 4, 4, 3, 3, 3]","[1, 1, 1, 1, 1, 1, 1, 1, 1, 1, 1, 3, 3, 3, 2, 2, 3, 4, 4, 4, 4, 4, 3, 3, 3]","[1, 1, 1, 1, 1, 1, 1, 1, 1, 1, 1, 3, 3, 3, 2, 2, 3, 4, 4, 4, 4, 4, 3, 3, 3]","9","9","9"
"332","67","76","25","True","True","67","76","25","True","True","67","76","25","True","True","0.0","0.0","9","9","9","33","33","33","[1, 1, 2, 2, 2, 2, 2, 2, 2, 2, 2, 8, 8, 8, 9, 9, 9, 9, 9, 9, 6, 2, 2, 2, 1]","[1, 1, 2, 2, 2, 2, 2, 2, 2, 2, 2, 8, 8, 8, 9, 9, 9, 9, 9, 9, 6, 2, 2, 2, 1]","[1, 1, 2, 2, 2, 2, 2, 2, 2, 2, 2, 8, 8, 8, 9, 9, 9, 9, 9, 9, 6, 2, 2, 2, 1]","9","9","9"
"333","67","75","25","True","True","67","75","25","True","True","67","75","25","True","True","0.0","0.0","9","9","9","32","32","32","[1, 1, 1, 1, 3, 3, 1, 1, 1, 2, 3, 4, 4, 4, 4, 4, 4, 5, 5, 5, 2, 3, 7, 7, 7]","[1, 1, 1, 1, 3, 3, 1, 1, 1, 2, 3, 4, 4, 4, 4, 4, 4, 5, 5, 5, 2, 3, 7, 7, 7]","[1, 1, 1, 1, 3, 3, 1, 1, 1, 2, 3, 4, 4, 4, 4, 4, 4, 5, 5, 5, 2, 3, 7, 7, 7]","9","9","9"
"334","67","75","25","True","True","67","75","25","True","True","67","75","25","True","True","0.0","0.0","9","9","9","32","32","32","[1, 1, 1, 1, 1, 2, 2, 1, 1, 1, 1, 1, 1, 3, 4, 4, 5, 10, 13, 13, 9, 9, 3, 1, 1]","[1, 1, 1, 1, 1, 2, 2, 1, 1, 1, 1, 1, 1, 3, 4, 4, 5, 10, 13, 13, 9, 9, 3, 1, 1]","[1, 1, 1, 1, 1, 2, 2, 1, 1, 1, 1, 1, 1, 3, 4, 4, 5, 10, 13, 13, 9, 9, 3, 1, 1]","9","9","9"
"335","72","85","25","True","True","72","85","25","True","True","72","85","25","True","True","0.0","0.0","9","9","9","36","36","36","[1, 2, 2, 3, 3, 4, 4, 4, 4, 4, 14, 14, 18, 22, 22, 22, 18, 18, 8, 4, 4, 1, 5, 5, 5]","[1, 2, 2, 3, 3, 4, 4, 4, 4, 4, 14, 14, 18, 22, 22, 22, 18, 18, 8, 4, 4, 1, 5, 5, 5]","[1, 2, 2, 3, 3, 4, 4, 4, 4, 4, 14, 14, 18, 22, 22, 22, 18, 18, 8, 4, 4, 1, 5, 5, 5]","9","9","9"
"336","67","75","25","True","True","67","75","25","True","True","67","75","25","True","True","0.0","0.0","9","9","9","32","32","32","[1, 2, 2, 2, 2, 2, 1, 1, 1, 1, 1, 5, 6, 6, 5, 5, 6, 6, 2, 2, 2, 3, 3, 1, 1]","[1, 2, 2, 2, 2, 2, 1, 1, 1, 1, 1, 5, 6, 6, 5, 5, 6, 6, 2, 2, 2, 3, 3, 1, 1]","[1, 2, 2, 2, 2, 2, 1, 1, 1, 1, 1, 5, 6, 6, 5, 5, 6, 6, 2, 2, 2, 3, 3, 1, 1]","9","9","9"
"337","67","75","25","True","True","67","75","25","True","True","67","75","25","True","True","0.0","0.0","9","9","9","32","32","32","[1, 1, 2, 2, 2, 2, 2, 2, 2, 2, 3, 3, 3, 3, 6, 14, 15, 15, 15, 17, 17, 17, 6, 3, 1]","[1, 1, 2, 2, 2, 2, 2, 2, 2, 2, 3, 3, 3, 3, 6, 14, 15, 15, 15, 17, 17, 17, 6, 3, 1]","[1, 1, 2, 2, 2, 2, 2, 2, 2, 2, 3, 3, 3, 3, 6, 14, 15, 15, 15, 17, 17, 17, 6, 3, 1]","9","9","9"
"338","67","75","25","True","True","67","75","25","True","True","67","75","25","True","True","0.0","0.0","9","9","9","32","32","32","[1, 1, 2, 2, 2, 2, 2, 2, 2, 2, 1, 1, 1, 4, 6, 6, 9, 9, 8, 8, 16, 16, 16, 16, 1]","[1, 1, 2, 2, 2, 2, 2, 2, 2, 2, 1, 1, 1, 4, 6, 6, 9, 9, 8, 8, 16, 16, 16, 16, 1]","[1, 1, 2, 2, 2, 2, 2, 2, 2, 2, 1, 1, 1, 4, 6, 6, 9, 9, 8, 8, 16, 16, 16, 16, 1]","9","9","9"
"339","67","76","25","True","True","67","76","25","True","True","67","76","25","True","True","0.0","0.0","9","9","9","33","33","33","[1, 1, 1, 2, 3, 7, 7, 7, 2, 2, 2, 2, 2, 4, 6, 6, 6, 4, 2, 2, 2, 1, 1, 1, 1]","[1, 1, 1, 2, 3, 7, 7, 7, 2, 2, 2, 2, 2, 4, 6, 6, 6, 4, 2, 2, 2, 1, 1, 1, 1]","[1, 1, 1, 2, 3, 7, 7, 7, 2, 2, 2, 2, 2, 4, 6, 6, 6, 4, 2, 2, 2, 1, 1, 1, 1]","9","9","9"
"340","67","76","25","True","True","67","76","25","True","True","67","76","25","True","True","0.0","0.0","9","9","9","33","33","33","[1, 1, 1, 1, 1, 1, 2, 6, 8, 8, 8, 8, 8, 8, 2, 2, 5, 6, 6, 1, 1, 1, 1, 1, 1]","[1, 1, 1, 1, 1, 1, 2, 6, 8, 8, 8, 8, 8, 8, 2, 2, 5, 6, 6, 1, 1, 1, 1, 1, 1]","[1, 1, 1, 1, 1, 1, 2, 6, 8, 8, 8, 8, 8, 8, 2, 2, 5, 6, 6, 1, 1, 1, 1, 1, 1]","9","9","9"
"341","80","94","25","True","False","61","66","25","True","True","75","85","25","True","True","0.032460143808556","0.13409837093589427","15","6","11","39","29","34","[1, 1, 1, 1, 1, 1, 1, 3, 3, 12, 3, 3, 3, 3, 3, 3, 1, 7, 12, 12, 12, 9, 3, 3, 1]","[1, 1, 1, 1, 1, 1, 1, 1, 1, 3, 3, 3, 3, 3, 3, 3, 3, 3, 3, 7, 9, 12, 12, 12, 12]","[1, 1, 1, 1, 1, 1, 1, 2, 2, 8, 2, 2, 2, 2, 2, 2, 1, 5, 8, 8, 8, 5, 2, 2, 1]","15","6","11"
"342","67","75","25","True","True","67","75","25","True","True","67","75","25","True","True","0.0","0.0","9","9","9","32","32","32","[1, 1, 1, 1, 1, 1, 1, 1, 2, 2, 2, 3, 3, 1, 1, 1, 2, 2, 1, 3, 4, 4, 7, 7, 7]","[1, 1, 1, 1, 1, 1, 1, 1, 2, 2, 2, 3, 3, 1, 1, 1, 2, 2, 1, 3, 4, 4, 7, 7, 7]","[1, 1, 1, 1, 1, 1, 1, 1, 2, 2, 2, 3, 3, 1, 1, 1, 2, 2, 1, 3, 4, 4, 7, 7, 7]","9","9","9"
"343","67","76","25","True","True","67","76","25","True","True","67","76","25","True","True","0.0","0.0","9","9","9","33","33","33","[1, 1, 1, 1, 1, 2, 3, 4, 4, 4, 4, 4, 12, 12, 12, 8, 5, 5, 4, 9, 9, 9, 9, 9, 1]","[1, 1, 1, 1, 1, 2, 3, 4, 4, 4, 4, 4, 12, 12, 12, 8, 5, 5, 4, 9, 9, 9, 9, 9, 1]","[1, 1, 1, 1, 1, 2, 3, 4, 4, 4, 4, 4, 12, 12, 12, 8, 5, 5, 4, 9, 9, 9, 9, 9, 1]","9","9","9"
"344","80","94","25","True","False","65","72","25","True","True","72","80","25","True","True","0.04769222995789446","0.10397135992910611","15","8","7","39","31","33","[1, 1, 1, 2, 3, 10, 3, 3, 3, 3, 6, 6, 3, 2, 2, 1, 8, 8, 20, 21, 21, 21, 17, 8, 1]","[1, 1, 1, 1, 1, 2, 2, 2, 3, 3, 3, 3, 3, 3, 6, 6, 8, 8, 8, 10, 16, 19, 20, 20, 20]","[1, 1, 1, 1, 1, 3, 1, 1, 1, 1, 2, 2, 1, 1, 1, 1, 2, 2, 5, 5, 5, 5, 4, 2, 1]","15","8","7"
"345","67","75","25","True","True","67","75","25","True","True","67","75","25","True","True","0.0","0.0","9","9","9","32","32","32","[1, 1, 1, 1, 2, 4, 5, 5, 4, 5, 6, 6, 6, 2, 2, 2, 6, 6, 3, 3, 3, 3, 3, 3, 1]","[1, 1, 1, 1, 2, 4, 5, 5, 4, 5, 6, 6, 6, 2, 2, 2, 6, 6, 3, 3, 3, 3, 3, 3, 1]","[1, 1, 1, 1, 2, 4, 5, 5, 4, 5, 6, 6, 6, 2, 2, 2, 6, 6, 3, 3, 3, 3, 3, 3, 1]","9","9","9"
"346","74","88","25","True","False","67","75","25","True","True","73","87","25","True","False","0.005236553454152637","0.06410333871039653","11","9","11","37","32","36","[1, 1, 1, 2, 2, 2, 2, 9, 9, 9, 9, 18, 18, 31, 8, 8, 1, 3, 3, 1, 1, 1, 1, 1, 1]","[1, 1, 1, 1, 1, 1, 1, 1, 1, 1, 2, 2, 2, 2, 3, 3, 8, 8, 9, 9, 9, 9, 18, 18, 31]","[1, 1, 1, 2, 2, 2, 2, 9, 9, 9, 9, 18, 18, 31, 8, 8, 1, 3, 3, 1, 1, 1, 1, 1, 1]","11","9","11"
"347","67","76","25","True","True","67","76","25","True","True","67","76","25","True","True","0.0","0.0","9","9","9","33","33","33","[1, 1, 1, 1, 1, 1, 2, 2, 1, 1, 2, 3, 3, 2, 1, 4, 4, 1, 1, 1, 5, 5, 5, 5, 4]","[1, 1, 1, 1, 1, 1, 2, 2, 1, 1, 2, 3, 3, 2, 1, 4, 4, 1, 1, 1, 5, 5, 5, 5, 4]","[1, 1, 1, 1, 1, 1, 2, 2, 1, 1, 2, 3, 3, 2, 1, 4, 4, 1, 1, 1, 5, 5, 5, 5, 4]","9","9","9"
"348","67","76","25","True","True","67","76","25","True","True","67","76","25","True","True","0.0","0.0","9","9","9","33","33","33","[1, 1, 1, 1, 1, 1, 1, 1, 1, 1, 2, 2, 2, 2, 1, 1, 1, 2, 8, 10, 10, 6, 2, 1, 1]","[1, 1, 1, 1, 1, 1, 1, 1, 1, 1, 2, 2, 2, 2, 1, 1, 1, 2, 8, 10, 10, 6, 2, 1, 1]","[1, 1, 1, 1, 1, 1, 1, 1, 1, 1, 2, 2, 2, 2, 1, 1, 1, 2, 8, 10, 10, 6, 2, 1, 1]","9","9","9"
"349","74","88","25","True","False","67","75","25","True","True","73","88","25","True","False","0.0","0.06410333871039653","11","9","11","37","32","37","[1, 1, 1, 1, 1, 1, 1, 3, 3, 3, 6, 6, 7, 34, 11, 11, 13, 13, 24, 24, 24, 24, 12, 2, 1]","[1, 1, 1, 1, 1, 1, 1, 1, 2, 3, 3, 3, 6, 6, 6, 10, 10, 11, 12, 12, 22, 22, 22, 22, 32]","[1, 1, 1, 1, 1, 1, 1, 3, 3, 3, 6, 6, 6, 32, 10, 10, 12, 12, 22, 22, 22, 22, 11, 2, 1]","11","9","11"
"350","80","94","25","True","False","63","69","25","True","True","70","76","25","True","True","0.06785862969240974","0.1189060904071666","15","7","7","39","30","30","[1, 1, 2, 2, 2, 3, 14, 19, 14, 3, 5, 5, 4, 4, 2, 1, 1, 3, 3, 3, 3, 1, 1, 1, 1]","[1, 1, 1, 1, 1, 1, 1, 1, 2, 2, 2, 2, 3, 3, 3, 3, 3, 3, 4, 4, 5, 5, 14, 14, 19]","[1, 1, 2, 2, 1, 1, 4, 6, 4, 1, 1, 1, 1, 1, 1, 1, 1, 2, 2, 2, 2, 1, 1, 1, 1]","15","7","7"
"351","72","85","25","True","True","72","85","25","True","True","72","85","25","True","True","0.0","0.0","9","9","9","36","36","36","[1, 1, 1, 1, 1, 2, 2, 4, 6, 8, 8, 8, 7, 7, 6, 6, 6, 6, 6, 6, 9, 9, 8, 1, 1]","[1, 1, 1, 1, 1, 2, 2, 4, 6, 8, 8, 8, 7, 7, 6, 6, 6, 6, 6, 6, 9, 9, 8, 1, 1]","[1, 1, 1, 1, 1, 2, 2, 4, 6, 8, 8, 8, 7, 7, 6, 6, 6, 6, 6, 6, 9, 9, 8, 1, 1]","9","9","9"
"352","74","88","25","True","False","63","69","25","True","True","73","88","25","True","False","0.0","0.09454693598670849","11","7","11","37","30","37","[1, 1, 1, 1, 2, 2, 2, 2, 5, 6, 18, 5, 4, 6, 6, 3, 2, 2, 2, 2, 2, 5, 5, 5, 5]","[1, 1, 1, 1, 2, 2, 2, 2, 2, 2, 2, 2, 2, 3, 4, 5, 5, 5, 5, 5, 5, 5, 6, 6, 16]","[1, 1, 1, 1, 2, 2, 2, 2, 5, 5, 16, 5, 4, 6, 6, 3, 2, 2, 2, 2, 2, 5, 5, 5, 5]","11","7","11"
"353","67","76","25","True","True","67","76","25","True","True","67","76","25","True","True","0.0","0.0","9","9","9","33","33","33","[1, 1, 1, 2, 2, 3, 3, 3, 3, 10, 10, 10, 6, 6, 8, 16, 17, 17, 17, 17, 17, 17, 1, 1, 1]","[1, 1, 1, 2, 2, 3, 3, 3, 3, 10, 10, 10, 6, 6, 8, 16, 17, 17, 17, 17, 17, 17, 1, 1, 1]","[1, 1, 1, 2, 2, 3, 3, 3, 3, 10, 10, 10, 6, 6, 8, 16, 17, 17, 17, 17, 17, 17, 1, 1, 1]","9","9","9"
"354","67","75","25","True","True","67","75","25","True","True","67","75","25","True","True","0.0","0.0","9","9","9","32","32","32","[1, 1, 1, 1, 1, 1, 3, 4, 4, 3, 3, 3, 3, 3, 10, 10, 2, 2, 2, 2, 2, 1, 7, 7, 7]","[1, 1, 1, 1, 1, 1, 3, 4, 4, 3, 3, 3, 3, 3, 10, 10, 2, 2, 2, 2, 2, 1, 7, 7, 7]","[1, 1, 1, 1, 1, 1, 3, 4, 4, 3, 3, 3, 3, 3, 10, 10, 2, 2, 2, 2, 2, 1, 7, 7, 7]","9","9","9"
"355","67","76","25","True","True","67","76","25","True","True","67","76","25","True","True","0.0","0.0","9","9","9","33","33","33","[1, 1, 1, 1, 1, 1, 1, 1, 1, 2, 2, 2, 4, 9, 9, 10, 10, 10, 10, 2, 1, 1, 1, 1, 1]","[1, 1, 1, 1, 1, 1, 1, 1, 1, 2, 2, 2, 4, 9, 9, 10, 10, 10, 10, 2, 1, 1, 1, 1, 1]","[1, 1, 1, 1, 1, 1, 1, 1, 1, 2, 2, 2, 4, 9, 9, 10, 10, 10, 10, 2, 1, 1, 1, 1, 1]","9","9","9"
"356","80","94","25","True","False","65","72","25","True","True","70","76","25","True","True","0.0609553877180643","0.10397135992910611","15","8","6","39","31","30","[1, 18, 1, 1, 1, 2, 5, 5, 4, 4, 1, 1, 2, 6, 14, 7, 7, 7, 7, 8, 9, 9, 9, 7, 7]","[1, 1, 1, 1, 1, 1, 1, 2, 4, 4, 5, 5, 5, 5, 5, 5, 5, 5, 5, 6, 7, 7, 7, 12, 15]","[1, 6, 1, 1, 1, 2, 2, 2, 2, 2, 1, 1, 1, 2, 6, 2, 2, 2, 2, 2, 2, 2, 2, 2, 2]","15","8","6"
"357","80","94","25","True","False","67","75","25","True","True","75","86","25","True","True","0.026614092278051005","0.08928150884424924","15","9","11","39","32","35","[1, 1, 1, 2, 2, 2, 1, 2, 2, 2, 2, 2, 3, 3, 2, 7, 9, 11, 35, 20, 20, 20, 4, 7, 7]","[1, 1, 1, 1, 2, 2, 2, 2, 2, 2, 2, 2, 2, 2, 3, 3, 4, 6, 7, 7, 8, 14, 14, 14, 26]","[1, 1, 1, 1, 1, 1, 1, 1, 1, 1, 1, 1, 2, 2, 1, 2, 3, 4, 14, 7, 7, 7, 1, 4, 4]","15","9","11"
"358","67","76","25","True","True","67","76","25","True","True","67","76","25","True","True","0.0","0.0","9","9","9","33","33","33","[1, 1, 1, 1, 1, 1, 2, 2, 2, 2, 2, 2, 2, 2, 4, 4, 6, 6, 9, 9, 2, 2, 9, 9, 9]","[1, 1, 1, 1, 1, 1, 2, 2, 2, 2, 2, 2, 2, 2, 4, 4, 6, 6, 9, 9, 2, 2, 9, 9, 9]","[1, 1, 1, 1, 1, 1, 2, 2, 2, 2, 2, 2, 2, 2, 4, 4, 6, 6, 9, 9, 2, 2, 9, 9, 9]","9","9","9"
"359","67","75","25","True","True","67","75","25","True","True","67","75","25","True","True","0.0","0.0","9","9","9","32","32","32","[1, 1, 1, 1, 1, 2, 2, 2, 2, 2, 4, 4, 4, 8, 8, 4, 7, 11, 24, 24, 24, 12, 12, 1, 1]","[1, 1, 1, 1, 1, 2, 2, 2, 2, 2, 4, 4, 4, 8, 8, 4, 7, 11, 24, 24, 24, 12, 12, 1, 1]","[1, 1, 1, 1, 1, 2, 2, 2, 2, 2, 4, 4, 4, 8, 8, 4, 7, 11, 24, 24, 24, 12, 12, 1, 1]","9","9","9"
"360","67","76","25","True","True","67","76","25","True","True","67","76","25","True","True","0.0","0.0","9","9","9","33","33","33","[1, 1, 1, 1, 1, 1, 1, 1, 1, 1, 1, 1, 1, 2, 4, 4, 5, 9, 11, 11, 11, 11, 11, 4, 1]","[1, 1, 1, 1, 1, 1, 1, 1, 1, 1, 1, 1, 1, 2, 4, 4, 5, 9, 11, 11, 11, 11, 11, 4, 1]","[1, 1, 1, 1, 1, 1, 1, 1, 1, 1, 1, 1, 1, 2, 4, 4, 5, 9, 11, 11, 11, 11, 11, 4, 1]","9","9","9"
"361","67","75","25","True","True","67","75","25","True","True","67","75","25","True","True","0.0","0.0","9","9","9","32","32","32","[1, 1, 1, 1, 2, 2, 2, 5, 10, 10, 10, 12, 25, 25, 25, 50, 50, 50, 12, 5, 2, 27, 27, 27, 1]","[1, 1, 1, 1, 2, 2, 2, 5, 10, 10, 10, 12, 25, 25, 25, 50, 50, 50, 12, 5, 2, 27, 27, 27, 1]","[1, 1, 1, 1, 2, 2, 2, 5, 10, 10, 10, 12, 25, 25, 25, 50, 50, 50, 12, 5, 2, 27, 27, 27, 1]","9","9","9"
"362","74","88","25","True","False","65","72","25","True","True","73","87","25","True","False","0.00600946705868266","0.07919931262403901","11","8","11","37","31","36","[1, 2, 2, 2, 2, 4, 4, 6, 10, 10, 6, 6, 4, 2, 1, 5, 28, 28, 5, 4, 4, 1, 1, 1, 1]","[1, 1, 1, 1, 1, 1, 2, 2, 2, 2, 2, 4, 4, 4, 4, 4, 5, 5, 6, 6, 6, 10, 10, 28, 28]","[1, 2, 2, 2, 2, 4, 4, 6, 10, 10, 6, 6, 4, 2, 1, 5, 28, 28, 5, 4, 4, 1, 1, 1, 1]","11","8","11"
"363","67","76","25","True","True","67","76","25","True","True","67","76","25","True","True","0.0","0.0","9","9","9","33","33","33","[1, 1, 2, 2, 4, 4, 5, 5, 17, 17, 17, 5, 5, 5, 5, 4, 4, 2, 4, 8, 8, 2, 2, 2, 1]","[1, 1, 2, 2, 4, 4, 5, 5, 17, 17, 17, 5, 5, 5, 5, 4, 4, 2, 4, 8, 8, 2, 2, 2, 1]","[1, 1, 2, 2, 4, 4, 5, 5, 17, 17, 17, 5, 5, 5, 5, 4, 4, 2, 4, 8, 8, 2, 2, 2, 1]","9","9","9"
"364","80","94","25","True","False","67","75","25","True","True","72","81","25","True","True","0.05480702863422182","0.08928150884424924","15","9","10","39","32","34","[1, 15, 1, 1, 1, 1, 1, 1, 1, 1, 1, 2, 16, 3, 5, 5, 7, 9, 9, 12, 12, 12, 12, 12, 4]","[1, 1, 1, 1, 1, 1, 1, 1, 1, 1, 2, 3, 4, 5, 5, 7, 9, 9, 12, 12, 12, 12, 12, 15, 16]","[1, 9, 1, 1, 1, 1, 1, 1, 1, 1, 1, 1, 9, 2, 3, 3, 4, 5, 5, 7, 7, 7, 7, 7, 3]","15","9","10"
"365","67","76","25","True","True","67","76","25","True","True","67","76","25","True","True","0.0","0.0","9","9","9","33","33","33","[1, 1, 1, 2, 2, 2, 1, 4, 4, 3, 1, 1, 1, 1, 1, 2, 2, 4, 8, 12, 12, 2, 1, 1, 1]","[1, 1, 1, 2, 2, 2, 1, 4, 4, 3, 1, 1, 1, 1, 1, 2, 2, 4, 8, 12, 12, 2, 1, 1, 1]","[1, 1, 1, 2, 2, 2, 1, 4, 4, 3, 1, 1, 1, 1, 1, 2, 2, 4, 8, 12, 12, 2, 1, 1, 1]","9","9","9"
"366","80","94","25","True","False","69","78","25","True","True","75","86","25","True","False","0.026325545515962","0.07482487255724435","15","10","11","39","33","35","[1, 1, 1, 1, 2, 2, 2, 2, 2, 2, 4, 54, 6, 6, 7, 20, 20, 20, 7, 7, 31, 26, 26, 4, 1]","[1, 1, 1, 1, 1, 1, 2, 2, 2, 2, 2, 3, 3, 5, 5, 6, 6, 6, 17, 17, 17, 22, 22, 27, 46]","[1, 1, 1, 1, 2, 2, 2, 2, 2, 1, 2, 34, 4, 4, 4, 12, 12, 12, 4, 4, 20, 16, 16, 2, 1]","15","10","11"
"367","80","94","25","True","False","63","69","25","True","True","70","75","25","True","True","0.06833814561121854","0.1189060904071666","15","7","6","39","30","29","[1, 1, 1, 9, 1, 1, 6, 6, 2, 1, 1, 1, 5, 8, 8, 8, 4, 4, 4, 3, 3, 1, 1, 1, 1]","[1, 1, 1, 1, 1, 1, 1, 1, 1, 1, 1, 1, 2, 3, 3, 4, 4, 4, 5, 6, 6, 8, 8, 8, 9]","[1, 1, 1, 4, 1, 1, 3, 3, 1, 1, 1, 1, 2, 2, 2, 2, 1, 1, 1, 3, 3, 1, 1, 1, 1]","15","7","6"
"368","67","76","25","True","True","67","76","25","True","True","67","76","25","True","True","0.0","0.0","9","9","9","33","33","33","[1, 1, 1, 1, 1, 1, 1, 1, 2, 4, 4, 4, 5, 5, 5, 2, 2, 5, 7, 7, 6, 6, 6, 6, 1]","[1, 1, 1, 1, 1, 1, 1, 1, 2, 4, 4, 4, 5, 5, 5, 2, 2, 5, 7, 7, 6, 6, 6, 6, 1]","[1, 1, 1, 1, 1, 1, 1, 1, 2, 4, 4, 4, 5, 5, 5, 2, 2, 5, 7, 7, 6, 6, 6, 6, 1]","9","9","9"
"369","67","75","25","True","True","67","75","25","True","True","67","75","25","True","True","0.0","0.0","9","9","9","32","32","32","[1, 1, 1, 1, 1, 1, 2, 2, 2, 2, 2, 2, 2, 2, 2, 2, 2, 3, 4, 11, 11, 4, 4, 4, 1]","[1, 1, 1, 1, 1, 1, 2, 2, 2, 2, 2, 2, 2, 2, 2, 2, 2, 3, 4, 11, 11, 4, 4, 4, 1]","[1, 1, 1, 1, 1, 1, 2, 2, 2, 2, 2, 2, 2, 2, 2, 2, 2, 3, 4, 11, 11, 4, 4, 4, 1]","9","9","9"
"370","67","75","25","True","True","67","75","25","True","True","67","75","25","True","True","0.0","0.0","9","9","9","32","32","32","[1, 1, 2, 2, 2, 3, 3, 4, 4, 2, 7, 14, 14, 14, 7, 8, 8, 7, 7, 4, 4, 4, 2, 1, 1]","[1, 1, 2, 2, 2, 3, 3, 4, 4, 2, 7, 14, 14, 14, 7, 8, 8, 7, 7, 4, 4, 4, 2, 1, 1]","[1, 1, 2, 2, 2, 3, 3, 4, 4, 2, 7, 14, 14, 14, 7, 8, 8, 7, 7, 4, 4, 4, 2, 1, 1]","9","9","9"
"371","67","75","25","True","True","67","75","25","True","True","67","75","25","True","True","0.0","0.0","9","9","9","32","32","32","[1, 1, 1, 1, 1, 1, 1, 1, 1, 2, 3, 3, 7, 8, 8, 10, 10, 10, 5, 5, 1, 1, 1, 1, 1]","[1, 1, 1, 1, 1, 1, 1, 1, 1, 2, 3, 3, 7, 8, 8, 10, 10, 10, 5, 5, 1, 1, 1, 1, 1]","[1, 1, 1, 1, 1, 1, 1, 1, 1, 2, 3, 3, 7, 8, 8, 10, 10, 10, 5, 5, 1, 1, 1, 1, 1]","9","9","9"
"372","67","75","25","True","True","67","75","25","True","True","67","75","25","True","True","0.0","0.0","9","9","9","32","32","32","[1, 2, 2, 2, 2, 4, 4, 4, 6, 12, 12, 14, 14, 12, 2, 2, 2, 2, 3, 3, 14, 14, 14, 1, 1]","[1, 2, 2, 2, 2, 4, 4, 4, 6, 12, 12, 14, 14, 12, 2, 2, 2, 2, 3, 3, 14, 14, 14, 1, 1]","[1, 2, 2, 2, 2, 4, 4, 4, 6, 12, 12, 14, 14, 12, 2, 2, 2, 2, 3, 3, 14, 14, 14, 1, 1]","9","9","9"
"373","80","94","25","True","False","59","63","25","True","True","74","84","25","True","True","0.0334547593625909","0.14956200407662834","15","5","10","39","28","34","[1, 1, 6, 2, 2, 3, 4, 4, 2, 1, 1, 1, 1, 1, 1, 2, 2, 6, 6, 12, 11, 11, 2, 2, 1]","[1, 1, 1, 1, 1, 1, 1, 1, 1, 1, 1, 1, 1, 2, 2, 2, 3, 4, 4, 4, 5, 5, 10, 10, 10]","[1, 1, 3, 1, 1, 2, 2, 2, 1, 1, 1, 1, 1, 1, 1, 1, 1, 3, 3, 7, 7, 7, 1, 1, 1]","15","5","10"
"374","74","88","25","True","False","67","75","25","True","True","73","87","25","True","False","0.00600946705868266","0.06410333871039653","11","9","11","37","32","36","[1, 1, 21, 2, 2, 2, 1, 2, 2, 2, 5, 5, 5, 12, 12, 10, 10, 4, 2, 3, 3, 7, 7, 7, 7]","[1, 1, 1, 2, 2, 2, 2, 2, 2, 2, 3, 3, 4, 5, 5, 5, 7, 7, 7, 7, 10, 10, 12, 12, 21]","[1, 1, 21, 2, 2, 2, 1, 2, 2, 2, 5, 5, 5, 12, 12, 10, 10, 4, 2, 3, 3, 7, 7, 7, 7]","11","9","11"
"375","67","76","25","True","True","67","76","25","True","True","67","76","25","True","True","0.0","0.0","9","9","9","33","33","33","[1, 1, 1, 1, 2, 2, 2, 2, 2, 2, 2, 4, 4, 3, 3, 8, 8, 5, 5, 3, 5, 5, 5, 1, 1]","[1, 1, 1, 1, 2, 2, 2, 2, 2, 2, 2, 4, 4, 3, 3, 8, 8, 5, 5, 3, 5, 5, 5, 1, 1]","[1, 1, 1, 1, 2, 2, 2, 2, 2, 2, 2, 4, 4, 3, 3, 8, 8, 5, 5, 3, 5, 5, 5, 1, 1]","9","9","9"
"376","74","88","25","True","False","69","78","25","True","True","73","87","25","True","False","0.005236553454152637","0.04924702716530449","11","10","11","37","33","36","[1, 1, 1, 1, 1, 1, 2, 5, 10, 10, 10, 10, 9, 4, 2, 1, 1, 1, 27, 37, 38, 38, 38, 38, 1]","[1, 1, 1, 1, 1, 1, 1, 1, 1, 1, 2, 2, 4, 5, 9, 10, 10, 10, 10, 27, 37, 38, 38, 38, 38]","[1, 1, 1, 1, 1, 1, 2, 5, 10, 10, 10, 10, 9, 4, 2, 1, 1, 1, 27, 37, 38, 38, 38, 38, 1]","11","10","11"
"377","67","75","25","True","True","67","75","25","True","True","67","75","25","True","True","0.0","0.0","9","9","9","32","32","32","[1, 1, 1, 1, 4, 4, 4, 4, 4, 1, 1, 4, 4, 4, 8, 8, 4, 3, 3, 1, 1, 5, 5, 5, 2]","[1, 1, 1, 1, 4, 4, 4, 4, 4, 1, 1, 4, 4, 4, 8, 8, 4, 3, 3, 1, 1, 5, 5, 5, 2]","[1, 1, 1, 1, 4, 4, 4, 4, 4, 1, 1, 4, 4, 4, 8, 8, 4, 3, 3, 1, 1, 5, 5, 5, 2]","9","9","9"
"378","72","85","25","True","True","72","85","25","True","True","72","85","25","True","True","0.0","0.0","9","9","9","36","36","36","[1, 2, 2, 4, 4, 1, 2, 2, 2, 2, 2, 1, 1, 1, 3, 3, 3, 3, 2, 3, 6, 6, 6, 5, 1]","[1, 2, 2, 4, 4, 1, 2, 2, 2, 2, 2, 1, 1, 1, 3, 3, 3, 3, 2, 3, 6, 6, 6, 5, 1]","[1, 2, 2, 4, 4, 1, 2, 2, 2, 2, 2, 1, 1, 1, 3, 3, 3, 3, 2, 3, 6, 6, 6, 5, 1]","9","9","9"
"379","80","94","25","True","False","61","66","25","True","True","73","82","25","True","True","0.04180213275469957","0.13409837093589427","15","6","9","39","29","33","[1, 2, 2, 1, 1, 1, 3, 3, 11, 11, 11, 2, 5, 5, 4, 4, 4, 2, 3, 4, 4, 3, 1, 1, 1]","[1, 1, 1, 1, 1, 1, 1, 1, 1, 2, 2, 3, 3, 3, 3, 3, 3, 3, 4, 4, 5, 5, 11, 11, 11]","[1, 1, 1, 1, 1, 1, 1, 1, 5, 5, 5, 1, 4, 4, 2, 2, 2, 2, 3, 4, 4, 3, 1, 1, 1]","15","6","9"
"380","67","76","25","True","True","67","76","25","True","True","67","76","25","True","True","0.0","0.0","9","9","9","33","33","33","[1, 1, 1, 1, 1, 1, 1, 1, 3, 3, 2, 2, 2, 4, 4, 1, 5, 5, 5, 2, 1, 2, 2, 2, 2]","[1, 1, 1, 1, 1, 1, 1, 1, 3, 3, 2, 2, 2, 4, 4, 1, 5, 5, 5, 2, 1, 2, 2, 2, 2]","[1, 1, 1, 1, 1, 1, 1, 1, 3, 3, 2, 2, 2, 4, 4, 1, 5, 5, 5, 2, 1, 2, 2, 2, 2]","9","9","9"
"381","80","94","25","True","False","63","69","25","True","True","78","92","25","True","True","0.006149781673246868","0.1189060904071666","15","7","14","39","30","38","[1, 1, 1, 1, 1, 2, 2, 2, 1, 1, 1, 6, 6, 7, 7, 9, 7, 16, 16, 9, 10, 10, 1, 1, 1]","[1, 1, 1, 1, 1, 1, 1, 1, 1, 1, 1, 2, 2, 2, 6, 6, 7, 7, 7, 8, 9, 9, 9, 16, 16]","[1, 1, 1, 1, 1, 2, 2, 2, 1, 1, 1, 6, 6, 7, 7, 9, 7, 16, 16, 8, 9, 9, 1, 1, 1]","15","7","14"
"382","67","76","25","True","True","67","76","25","True","True","67","76","25","True","True","0.0","0.0","9","9","9","33","33","33","[1, 1, 1, 1, 2, 2, 1, 3, 3, 7, 7, 9, 9, 7, 7, 1, 1, 1, 1, 1, 1, 5, 5, 5, 1]","[1, 1, 1, 1, 2, 2, 1, 3, 3, 7, 7, 9, 9, 7, 7, 1, 1, 1, 1, 1, 1, 5, 5, 5, 1]","[1, 1, 1, 1, 2, 2, 1, 3, 3, 7, 7, 9, 9, 7, 7, 1, 1, 1, 1, 1, 1, 5, 5, 5, 1]","9","9","9"
"383","67","76","25","True","True","67","76","25","True","True","67","76","25","True","True","0.0","0.0","9","9","9","33","33","33","[1, 1, 1, 2, 2, 2, 2, 3, 3, 3, 3, 5, 5, 5, 5, 2, 5, 5, 5, 5, 5, 1, 8, 8, 8]","[1, 1, 1, 2, 2, 2, 2, 3, 3, 3, 3, 5, 5, 5, 5, 2, 5, 5, 5, 5, 5, 1, 8, 8, 8]","[1, 1, 1, 2, 2, 2, 2, 3, 3, 3, 3, 5, 5, 5, 5, 2, 5, 5, 5, 5, 5, 1, 8, 8, 8]","9","9","9"
"384","67","75","25","True","True","67","75","25","True","True","67","75","25","True","True","0.0","0.0","9","9","9","32","32","32","[1, 1, 2, 3, 5, 5, 5, 5, 4, 10, 10, 6, 6, 6, 7, 7, 7, 7, 8, 8, 8, 1, 1, 1, 1]","[1, 1, 2, 3, 5, 5, 5, 5, 4, 10, 10, 6, 6, 6, 7, 7, 7, 7, 8, 8, 8, 1, 1, 1, 1]","[1, 1, 2, 3, 5, 5, 5, 5, 4, 10, 10, 6, 6, 6, 7, 7, 7, 7, 8, 8, 8, 1, 1, 1, 1]","9","9","9"
"385","67","76","25","True","True","67","76","25","True","True","67","76","25","True","True","0.0","0.0","9","9","9","33","33","33","[1, 1, 1, 2, 2, 2, 2, 1, 1, 1, 1, 1, 3, 3, 2, 1, 1, 4, 10, 10, 8, 8, 1, 1, 1]","[1, 1, 1, 2, 2, 2, 2, 1, 1, 1, 1, 1, 3, 3, 2, 1, 1, 4, 10, 10, 8, 8, 1, 1, 1]","[1, 1, 1, 2, 2, 2, 2, 1, 1, 1, 1, 1, 3, 3, 2, 1, 1, 4, 10, 10, 8, 8, 1, 1, 1]","9","9","9"
"386","67","75","25","True","True","67","75","25","True","True","67","75","25","True","True","0.0","0.0","9","9","9","32","32","32","[1, 2, 2, 1, 1, 1, 1, 3, 3, 1, 2, 3, 3, 3, 8, 8, 5, 4, 6, 6, 6, 3, 1, 1, 1]","[1, 2, 2, 1, 1, 1, 1, 3, 3, 1, 2, 3, 3, 3, 8, 8, 5, 4, 6, 6, 6, 3, 1, 1, 1]","[1, 2, 2, 1, 1, 1, 1, 3, 3, 1, 2, 3, 3, 3, 8, 8, 5, 4, 6, 6, 6, 3, 1, 1, 1]","9","9","9"
"387","80","94","25","True","False","69","78","25","True","True","73","81","26","True","True","0.046459569039040804","0.07482487255724435","15","10","9","39","33","33","[1, 1, 1, 25, 1, 1, 1, 1, 2, 6, 6, 6, 6, 6, 6, 6, 6, 18, 18, 13, 13, 6, 6, 33, 1]","[1, 1, 1, 1, 1, 1, 1, 1, 2, 6, 6, 6, 6, 6, 6, 6, 6, 6, 6, 13, 13, 18, 18, 25, 33]","[1, 1, 1, 18, 1, 1, 1, 1, 2, 6, 6, 6, 6, 6, 6, 6, 6, 6, 6, 6, 6, 6, 6, 12, 1, 7]","15","10","9"
"388","67","75","25","True","True","67","75","25","True","True","67","75","25","True","True","0.0","0.0","9","9","9","32","32","32","[1, 1, 1, 2, 4, 4, 7, 7, 7, 7, 7, 3, 2, 2, 2, 2, 2, 1, 13, 13, 18, 18, 18, 8, 1]","[1, 1, 1, 2, 4, 4, 7, 7, 7, 7, 7, 3, 2, 2, 2, 2, 2, 1, 13, 13, 18, 18, 18, 8, 1]","[1, 1, 1, 2, 4, 4, 7, 7, 7, 7, 7, 3, 2, 2, 2, 2, 2, 1, 13, 13, 18, 18, 18, 8, 1]","9","9","9"
"389","80","94","25","True","False","69","78","25","True","False","72","80","25","True","True","0.04822197479581569","0.07482487255724435","15","10","8","39","33","32","[1, 1, 1, 1, 1, 4, 4, 6, 21, 8, 8, 7, 4, 4, 4, 4, 28, 28, 3, 3, 1, 1, 1, 1, 1]","[1, 1, 1, 1, 1, 1, 1, 1, 1, 1, 3, 3, 4, 4, 4, 4, 4, 4, 6, 7, 8, 8, 21, 27, 27]","[1, 1, 1, 1, 1, 4, 4, 4, 12, 4, 4, 4, 4, 4, 4, 4, 16, 16, 3, 3, 1, 1, 1, 1, 1]","15","10","8"
"390","67","76","25","True","True","67","76","25","True","True","67","76","25","True","True","0.0","0.0","9","9","9","33","33","33","[1, 1, 1, 1, 1, 3, 3, 3, 1, 4, 4, 1, 4, 6, 9, 9, 9, 9, 9, 10, 10, 6, 4, 1, 1]","[1, 1, 1, 1, 1, 3, 3, 3, 1, 4, 4, 1, 4, 6, 9, 9, 9, 9, 9, 10, 10, 6, 4, 1, 1]","[1, 1, 1, 1, 1, 3, 3, 3, 1, 4, 4, 1, 4, 6, 9, 9, 9, 9, 9, 10, 10, 6, 4, 1, 1]","9","9","9"
"391","67","76","25","True","True","67","76","25","True","True","67","76","25","True","True","0.0","0.0","9","9","9","33","33","33","[1, 1, 1, 1, 2, 2, 1, 2, 2, 1, 1, 4, 4, 1, 2, 3, 4, 4, 5, 5, 3, 3, 1, 1, 1]","[1, 1, 1, 1, 2, 2, 1, 2, 2, 1, 1, 4, 4, 1, 2, 3, 4, 4, 5, 5, 3, 3, 1, 1, 1]","[1, 1, 1, 1, 2, 2, 1, 2, 2, 1, 1, 4, 4, 1, 2, 3, 4, 4, 5, 5, 3, 3, 1, 1, 1]","9","9","9"
"392","88","104","30","True","False","71","76","30","True","True","87","103","30","True","False","0.004422141910903066","0.11865781549536936","13","6","13","44","34","43","[1, 1, 1, 1, 1, 1, 2, 4, 4, 2, 4, 4, 4, 4, 4, 5, 5, 6, 6, 6, 1, 3, 6, 6, 6, 11, 3, 3, 1, 1]","[1, 1, 1, 1, 1, 1, 1, 1, 1, 2, 2, 3, 3, 3, 4, 4, 4, 4, 4, 4, 4, 5, 5, 6, 6, 6, 6, 6, 6, 11]","[1, 1, 1, 1, 1, 1, 2, 4, 4, 2, 4, 4, 4, 4, 4, 5, 5, 6, 6, 6, 1, 3, 6, 6, 6, 11, 3, 3, 1, 1]","13","6","13"
"393","88","104","30","True","False","79","88","30","True","True","87","103","30","True","False","0.005074541257336529","0.06646865762583642","13","10","13","44","38","43","[1, 1, 1, 1, 1, 1, 1, 1, 1, 1, 47, 3, 7, 7, 6, 14, 14, 15, 15, 15, 15, 15, 3, 16, 16, 16, 4, 4, 4, 1]","[1, 1, 1, 1, 1, 1, 1, 1, 1, 1, 1, 3, 3, 4, 4, 4, 6, 7, 7, 14, 14, 15, 15, 15, 15, 15, 16, 16, 16, 47]","[1, 1, 1, 1, 1, 1, 1, 1, 1, 1, 47, 3, 7, 7, 6, 14, 14, 15, 15, 15, 15, 15, 3, 16, 16, 16, 4, 4, 4, 1]","13","10","13"
"394","86","101","30","True","True","86","101","30","True","True","86","101","30","True","True","0.0","0.0","11","11","11","43","43","43","[1, 1, 1, 1, 1, 1, 3, 3, 3, 3, 3, 3, 3, 15, 15, 15, 15, 15, 6, 3, 3, 6, 7, 11, 11, 11, 7, 3, 3, 1]","[1, 1, 1, 1, 1, 1, 3, 3, 3, 3, 3, 3, 3, 15, 15, 15, 15, 15, 6, 3, 3, 6, 7, 11, 11, 11, 7, 3, 3, 1]","[1, 1, 1, 1, 1, 1, 3, 3, 3, 3, 3, 3, 3, 15, 15, 15, 15, 15, 6, 3, 3, 6, 7, 11, 11, 11, 7, 3, 3, 1]","11","11","11"
"395","94","110","30","True","False","67","70","30","True","True","86","96","31","True","True","0.04093369995415974","0.1654796716793725","17","4","10","46","32","40","[6, 1, 1, 1, 1, 2, 2, 2, 2, 8, 8, 4, 4, 4, 5, 5, 4, 4, 4, 4, 3, 16, 16, 3, 3, 2, 2, 1, 1, 1]","[1, 1, 1, 1, 1, 1, 1, 1, 1, 1, 1, 1, 1, 2, 2, 2, 2, 2, 2, 3, 3, 3, 3, 3, 3, 5, 5, 5, 10, 10]","[2, 1, 1, 1, 1, 1, 1, 1, 1, 4, 4, 2, 2, 2, 3, 3, 2, 2, 2, 2, 2, 9, 9, 2, 2, 1, 1, 1, 1, 1, 1]","17","4","10"
"396","81","91","30","True","True","81","91","30","True","True","81","91","30","True","True","0.0","0.0","11","11","11","39","39","39","[1, 1, 2, 2, 2, 2, 2, 2, 4, 4, 10, 12, 12, 10, 6, 8, 8, 2, 2, 2, 2, 2, 1, 1, 7, 7, 7, 6, 6, 6]","[1, 1, 2, 2, 2, 2, 2, 2, 4, 4, 10, 12, 12, 10, 6, 8, 8, 2, 2, 2, 2, 2, 1, 1, 7, 7, 7, 6, 6, 6]","[1, 1, 2, 2, 2, 2, 2, 2, 4, 4, 10, 12, 12, 10, 6, 8, 8, 2, 2, 2, 2, 2, 1, 1, 7, 7, 7, 6, 6, 6]","11","11","11"
"397","94","110","30","True","False","79","88","30","True","True","84","93","30","True","False","0.05343889736945906","0.08781851767654358","17","10","9","46","38","38","[1, 1, 2, 2, 4, 4, 4, 4, 4, 4, 6, 6, 18, 6, 8, 8, 12, 20, 21, 27, 27, 27, 56, 27, 8, 8, 8, 8, 2, 1]","[1, 1, 1, 1, 1, 1, 2, 2, 2, 2, 2, 2, 3, 3, 3, 4, 4, 4, 4, 4, 4, 6, 9, 10, 11, 14, 14, 14, 14, 29]","[1, 1, 1, 1, 2, 2, 2, 2, 2, 2, 2, 2, 6, 2, 2, 2, 2, 4, 4, 6, 6, 6, 12, 6, 2, 2, 2, 2, 1, 1]","17","10","9"
"398","81","91","30","True","True","81","91","30","True","True","81","91","30","True","True","0.0","0.0","11","11","11","39","39","39","[1, 1, 2, 2, 2, 1, 1, 1, 3, 3, 2, 5, 5, 4, 6, 6, 6, 14, 14, 8, 8, 8, 6, 7, 7, 1, 1, 1, 1, 1]","[1, 1, 2, 2, 2, 1, 1, 1, 3, 3, 2, 5, 5, 4, 6, 6, 6, 14, 14, 8, 8, 8, 6, 7, 7, 1, 1, 1, 1, 1]","[1, 1, 2, 2, 2, 1, 1, 1, 3, 3, 2, 5, 5, 4, 6, 6, 6, 14, 14, 8, 8, 8, 6, 7, 7, 1, 1, 1, 1, 1]","11","11","11"
"399","88","104","30","True","False","71","76","30","True","True","87","104","30","True","False","0.0","0.11865781549536936","13","6","13","44","34","44","[1, 1, 1, 1, 9, 10, 10, 10, 10, 1, 1, 2, 2, 1, 1, 3, 3, 2, 1, 1, 1, 1, 2, 4, 4, 4, 6, 8, 8, 8]","[1, 1, 1, 1, 1, 1, 1, 1, 1, 1, 1, 1, 2, 2, 2, 2, 2, 2, 4, 4, 4, 6, 8, 8, 8, 9, 10, 10, 10, 10]","[1, 1, 1, 1, 9, 10, 10, 10, 10, 1, 1, 2, 2, 1, 1, 2, 2, 2, 1, 1, 1, 1, 2, 4, 4, 4, 6, 8, 8, 8]","13","6","13"
"400","94","110","30","True","False","73","79","30","True","True","90","104","30","True","False","0.01666561576069492","0.1257862861192962","17","7","14","46","35","43","[1, 1, 1, 1, 1, 2, 2, 2, 2, 2, 3, 3, 3, 4, 10, 6, 12, 12, 3, 3, 3, 21, 21, 5, 5, 1, 2, 3, 3, 3]","[1, 1, 1, 1, 1, 1, 2, 2, 2, 2, 2, 2, 2, 2, 2, 2, 2, 2, 2, 3, 3, 3, 4, 4, 4, 6, 8, 8, 17, 17]","[1, 1, 1, 1, 1, 2, 2, 2, 2, 2, 2, 2, 2, 2, 6, 4, 8, 8, 2, 2, 2, 17, 17, 4, 4, 1, 2, 3, 3, 3]","17","7","14"
"401","81","92","30","True","True","81","92","30","True","True","81","92","30","True","True","0.0","0.0","11","11","11","40","40","40","[1, 1, 1, 1, 1, 1, 1, 1, 2, 2, 2, 2, 2, 2, 9, 10, 10, 11, 11, 6, 6, 3, 1, 1, 4, 4, 4, 4, 4, 2]","[1, 1, 1, 1, 1, 1, 1, 1, 2, 2, 2, 2, 2, 2, 9, 10, 10, 11, 11, 6, 6, 3, 1, 1, 4, 4, 4, 4, 4, 2]","[1, 1, 1, 1, 1, 1, 1, 1, 2, 2, 2, 2, 2, 2, 9, 10, 10, 11, 11, 6, 6, 3, 1, 1, 4, 4, 4, 4, 4, 2]","11","11","11"
"402","81","91","30","True","True","81","91","30","True","True","81","91","30","True","True","0.0","0.0","11","11","11","39","39","39","[1, 1, 1, 1, 1, 1, 1, 1, 2, 3, 5, 5, 5, 3, 3, 7, 7, 7, 2, 3, 6, 13, 13, 6, 6, 22, 22, 22, 22, 12]","[1, 1, 1, 1, 1, 1, 1, 1, 2, 3, 5, 5, 5, 3, 3, 7, 7, 7, 2, 3, 6, 13, 13, 6, 6, 22, 22, 22, 22, 12]","[1, 1, 1, 1, 1, 1, 1, 1, 2, 3, 5, 5, 5, 3, 3, 7, 7, 7, 2, 3, 6, 13, 13, 6, 6, 22, 22, 22, 22, 12]","11","11","11"
"403","94","110","30","True","False","81","91","30","True","True","85","93","30","True","True","0.05146655800368194","0.07550903930177522","17","11","9","46","39","37","[1, 1, 1, 1, 1, 2, 4, 4, 2, 1, 1, 1, 1, 1, 1, 2, 3, 31, 31, 8, 15, 15, 7, 3, 13, 14, 14, 5, 5, 5]","[1, 1, 1, 1, 1, 1, 1, 1, 1, 1, 1, 2, 2, 2, 3, 3, 4, 4, 5, 5, 5, 7, 8, 13, 14, 14, 15, 15, 31, 31]","[1, 1, 1, 1, 1, 2, 4, 4, 2, 1, 1, 1, 1, 1, 1, 1, 1, 8, 8, 2, 4, 4, 2, 1, 4, 4, 4, 5, 5, 5]","17","11","9"
"404","86","102","30","True","True","86","102","30","True","True","86","102","30","True","True","0.0","0.0","11","11","11","44","44","44","[1, 1, 1, 1, 1, 1, 1, 1, 2, 2, 2, 1, 3, 4, 4, 6, 7, 7, 7, 3, 3, 1, 1, 1, 1, 1, 4, 4, 4, 3]","[1, 1, 1, 1, 1, 1, 1, 1, 2, 2, 2, 1, 3, 4, 4, 6, 7, 7, 7, 3, 3, 1, 1, 1, 1, 1, 4, 4, 4, 3]","[1, 1, 1, 1, 1, 1, 1, 1, 2, 2, 2, 1, 3, 4, 4, 6, 7, 7, 7, 3, 3, 1, 1, 1, 1, 1, 4, 4, 4, 3]","11","11","11"
"405","94","110","30","True","False","75","82","30","True","True","90","104","30","True","False","0.017052796699281392","0.11294977748945845","17","8","14","46","36","43","[1, 1, 1, 2, 4, 4, 4, 14, 15, 15, 15, 15, 15, 30, 30, 20, 24, 24, 24, 15, 15, 2, 2, 2, 19, 2, 2, 2, 2, 2]","[1, 1, 1, 1, 1, 1, 1, 1, 1, 2, 2, 2, 2, 2, 2, 8, 9, 9, 9, 9, 9, 9, 9, 12, 12, 14, 14, 14, 18, 18]","[1, 1, 1, 1, 2, 2, 2, 8, 8, 8, 8, 8, 8, 16, 16, 11, 13, 13, 13, 8, 8, 1, 1, 1, 10, 1, 1, 2, 2, 2]","17","8","14"
"406","81","91","30","True","True","81","91","30","True","True","81","91","30","True","True","0.0","0.0","11","11","11","39","39","39","[1, 1, 1, 1, 1, 1, 1, 1, 1, 2, 3, 3, 1, 1, 1, 4, 4, 5, 6, 7, 7, 1, 1, 2, 2, 1, 3, 3, 3, 2]","[1, 1, 1, 1, 1, 1, 1, 1, 1, 2, 3, 3, 1, 1, 1, 4, 4, 5, 6, 7, 7, 1, 1, 2, 2, 1, 3, 3, 3, 2]","[1, 1, 1, 1, 1, 1, 1, 1, 1, 2, 3, 3, 1, 1, 1, 4, 4, 5, 6, 7, 7, 1, 1, 2, 2, 1, 3, 3, 3, 2]","11","11","11"
"407","94","110","30","True","False","77","85","30","True","True","88","100","30","True","False","0.02837491685930771","0.10029639493058051","17","9","12","46","37","41","[1, 1, 1, 1, 2, 2, 2, 2, 5, 5, 5, 7, 8, 15, 8, 8, 20, 20, 25, 31, 31, 8, 8, 2, 8, 8, 8, 1, 1, 1]","[1, 1, 1, 1, 1, 1, 1, 2, 2, 2, 2, 2, 4, 4, 4, 6, 7, 7, 7, 7, 7, 7, 7, 7, 14, 17, 17, 21, 27, 27]","[1, 1, 1, 1, 2, 2, 2, 2, 4, 4, 4, 6, 6, 12, 6, 6, 16, 16, 20, 24, 24, 6, 6, 2, 6, 6, 6, 1, 1, 1]","17","9","12"
"408","88","104","30","True","False","75","82","30","True","True","87","103","30","True","False","0.005074541257336529","0.09218812153004352","13","8","13","44","36","43","[1, 1, 1, 1, 2, 2, 3, 3, 19, 1, 4, 4, 4, 4, 8, 8, 8, 8, 7, 4, 8, 8, 1, 8, 8, 8, 8, 9, 9, 9]","[1, 1, 1, 1, 1, 1, 2, 2, 3, 3, 4, 4, 4, 4, 4, 7, 8, 8, 8, 8, 8, 8, 8, 8, 8, 8, 9, 9, 9, 19]","[1, 1, 1, 1, 2, 2, 3, 3, 19, 1, 4, 4, 4, 4, 8, 8, 8, 8, 7, 4, 8, 8, 1, 8, 8, 8, 8, 9, 9, 9]","13","8","13"
"409","81","91","30","True","True","81","91","30","True","True","81","91","30","True","True","0.0","0.0","11","11","11","39","39","39","[1, 1, 2, 2, 3, 3, 3, 3, 3, 3, 1, 1, 3, 3, 9, 9, 9, 1, 1, 2, 5, 10, 10, 5, 7, 10, 11, 11, 11, 11]","[1, 1, 2, 2, 3, 3, 3, 3, 3, 3, 1, 1, 3, 3, 9, 9, 9, 1, 1, 2, 5, 10, 10, 5, 7, 10, 11, 11, 11, 11]","[1, 1, 2, 2, 3, 3, 3, 3, 3, 3, 1, 1, 3, 3, 9, 9, 9, 1, 1, 2, 5, 10, 10, 5, 7, 10, 11, 11, 11, 11]","11","11","11"
"410","81","91","30","True","True","81","91","30","True","True","81","91","30","True","True","0.0","0.0","11","11","11","39","39","39","[1, 1, 3, 3, 3, 3, 3, 9, 9, 9, 9, 9, 18, 18, 46, 46, 46, 51, 51, 18, 18, 18, 9, 6, 6, 1, 1, 1, 1, 1]","[1, 1, 3, 3, 3, 3, 3, 9, 9, 9, 9, 9, 18, 18, 46, 46, 46, 51, 51, 18, 18, 18, 9, 6, 6, 1, 1, 1, 1, 1]","[1, 1, 3, 3, 3, 3, 3, 9, 9, 9, 9, 9, 18, 18, 46, 46, 46, 51, 51, 18, 18, 18, 9, 6, 6, 1, 1, 1, 1, 1]","11","11","11"
"411","81","92","30","True","True","81","92","30","True","True","81","92","30","True","True","0.0","0.0","11","11","11","40","40","40","[1, 1, 1, 1, 1, 1, 1, 1, 1, 2, 2, 1, 1, 1, 2, 2, 2, 5, 5, 5, 4, 4, 11, 12, 14, 14, 14, 14, 4, 4]","[1, 1, 1, 1, 1, 1, 1, 1, 1, 2, 2, 1, 1, 1, 2, 2, 2, 5, 5, 5, 4, 4, 11, 12, 14, 14, 14, 14, 4, 4]","[1, 1, 1, 1, 1, 1, 1, 1, 1, 2, 2, 1, 1, 1, 2, 2, 2, 5, 5, 5, 4, 4, 11, 12, 14, 14, 14, 14, 4, 4]","11","11","11"
"412","94","110","30","True","False","85","97","30","True","True","87","97","30","True","False","0.03947571627547142","0.0513691466905879","17","13","11","46","41","39","[1, 1, 1, 2, 2, 2, 5, 5, 5, 5, 5, 28, 5, 5, 32, 16, 16, 16, 16, 12, 12, 17, 17, 33, 33, 15, 2, 2, 2, 1]","[1, 1, 1, 1, 2, 2, 2, 2, 2, 2, 5, 5, 5, 5, 5, 5, 5, 12, 12, 15, 16, 16, 16, 16, 17, 17, 28, 32, 33, 33]","[1, 1, 1, 2, 2, 2, 2, 2, 2, 2, 2, 12, 2, 2, 12, 6, 6, 6, 6, 4, 4, 6, 6, 12, 12, 6, 2, 2, 2, 1]","17","13","11"
"413","88","104","30","True","False","77","85","30","True","True","87","104","30","True","False","0.0","0.0792385830504031","13","9","13","44","37","44","[1, 1, 1, 1, 1, 1, 1, 2, 24, 4, 4, 3, 2, 2, 6, 7, 7, 2, 3, 3, 3, 3, 11, 12, 12, 11, 11, 11, 11, 1]","[1, 1, 1, 1, 1, 1, 1, 1, 2, 2, 2, 2, 3, 3, 3, 3, 3, 4, 4, 6, 7, 7, 10, 10, 10, 10, 10, 11, 11, 23]","[1, 1, 1, 1, 1, 1, 1, 2, 23, 4, 4, 3, 2, 2, 6, 7, 7, 2, 3, 3, 3, 3, 10, 11, 11, 10, 10, 10, 10, 1]","13","9","13"
"414","81","92","30","True","True","81","92","30","True","True","81","92","30","True","True","0.0","0.0","11","11","11","40","40","40","[1, 1, 1, 1, 1, 1, 1, 1, 1, 1, 2, 2, 4, 4, 6, 6, 6, 6, 6, 12, 12, 12, 12, 12, 14, 14, 17, 17, 17, 4]","[1, 1, 1, 1, 1, 1, 1, 1, 1, 1, 2, 2, 4, 4, 6, 6, 6, 6, 6, 12, 12, 12, 12, 12, 14, 14, 17, 17, 17, 4]","[1, 1, 1, 1, 1, 1, 1, 1, 1, 1, 2, 2, 4, 4, 6, 6, 6, 6, 6, 12, 12, 12, 12, 12, 14, 14, 17, 17, 17, 4]","11","11","11"
"415","81","92","30","True","True","81","92","30","True","True","81","92","30","True","True","0.0","0.0","11","11","11","40","40","40","[1, 1, 1, 1, 1, 1, 1, 1, 2, 2, 2, 2, 5, 5, 5, 4, 13, 13, 7, 7, 8, 8, 8, 8, 7, 7, 7, 7, 5, 4]","[1, 1, 1, 1, 1, 1, 1, 1, 2, 2, 2, 2, 5, 5, 5, 4, 13, 13, 7, 7, 8, 8, 8, 8, 7, 7, 7, 7, 5, 4]","[1, 1, 1, 1, 1, 1, 1, 1, 2, 2, 2, 2, 5, 5, 5, 4, 13, 13, 7, 7, 8, 8, 8, 8, 7, 7, 7, 7, 5, 4]","11","11","11"
"416","81","92","30","True","True","81","92","30","True","True","81","92","30","True","True","0.0","0.0","11","11","11","40","40","40","[1, 2, 2, 4, 4, 8, 8, 8, 5, 5, 9, 9, 9, 4, 4, 11, 11, 2, 2, 6, 10, 10, 8, 2, 2, 7, 7, 7, 1, 1]","[1, 2, 2, 4, 4, 8, 8, 8, 5, 5, 9, 9, 9, 4, 4, 11, 11, 2, 2, 6, 10, 10, 8, 2, 2, 7, 7, 7, 1, 1]","[1, 2, 2, 4, 4, 8, 8, 8, 5, 5, 9, 9, 9, 4, 4, 11, 11, 2, 2, 6, 10, 10, 8, 2, 2, 7, 7, 7, 1, 1]","11","11","11"
"417","88","104","30","True","False","79","88","30","True","True","87","103","30","True","False","0.004422141910903066","0.06646865762583642","13","10","13","44","38","43","[1, 1, 1, 1, 1, 1, 12, 1, 1, 1, 1, 2, 5, 7, 10, 10, 10, 8, 9, 9, 7, 6, 7, 7, 1, 1, 1, 11, 11, 11]","[1, 1, 1, 1, 1, 1, 1, 1, 1, 1, 1, 1, 1, 2, 5, 6, 7, 7, 7, 7, 8, 9, 9, 10, 10, 10, 11, 11, 11, 12]","[1, 1, 1, 1, 1, 1, 12, 1, 1, 1, 1, 2, 5, 7, 10, 10, 10, 8, 9, 9, 7, 6, 7, 7, 1, 1, 1, 11, 11, 11]","13","10","13"
"418","88","104","30","True","False","71","76","30","True","True","87","103","30","True","False","0.004422141910903066","0.11865781549536936","13","6","13","44","34","43","[1, 1, 1, 1, 2, 2, 2, 1, 1, 1, 1, 1, 2, 2, 1, 2, 2, 1, 1, 1, 5, 5, 30, 10, 10, 10, 10, 10, 10, 4]","[1, 1, 1, 1, 1, 1, 1, 1, 1, 1, 1, 1, 1, 2, 2, 2, 2, 2, 2, 2, 4, 5, 5, 10, 10, 10, 10, 10, 10, 30]","[1, 1, 1, 1, 2, 2, 2, 1, 1, 1, 1, 1, 2, 2, 1, 2, 2, 1, 1, 1, 5, 5, 30, 10, 10, 10, 10, 10, 10, 4]","13","6","13"
"419","81","91","30","True","True","81","91","30","True","True","81","91","30","True","True","0.0","0.0","11","11","11","39","39","39","[1, 1, 1, 1, 1, 1, 1, 1, 1, 3, 3, 3, 3, 3, 4, 5, 6, 11, 11, 6, 6, 12, 12, 6, 5, 16, 16, 10, 1, 1]","[1, 1, 1, 1, 1, 1, 1, 1, 1, 3, 3, 3, 3, 3, 4, 5, 6, 11, 11, 6, 6, 12, 12, 6, 5, 16, 16, 10, 1, 1]","[1, 1, 1, 1, 1, 1, 1, 1, 1, 3, 3, 3, 3, 3, 4, 5, 6, 11, 11, 6, 6, 12, 12, 6, 5, 16, 16, 10, 1, 1]","11","11","11"
"420","88","104","30","True","False","77","85","30","True","True","87","104","30","True","False","0.0","0.0792385830504031","13","9","13","44","37","44","[1, 2, 2, 2, 2, 2, 2, 4, 4, 4, 4, 5, 5, 4, 4, 10, 10, 18, 36, 36, 18, 8, 5, 10, 10, 5, 5, 5, 5, 1]","[1, 1, 2, 2, 2, 2, 2, 2, 4, 4, 4, 4, 4, 4, 4, 4, 5, 5, 5, 5, 5, 8, 9, 9, 10, 10, 17, 17, 34, 34]","[1, 2, 2, 2, 2, 2, 2, 4, 4, 4, 4, 4, 4, 4, 4, 10, 10, 17, 34, 34, 17, 8, 5, 9, 9, 5, 5, 5, 5, 1]","13","9","13"
"421","88","104","30","True","False","81","91","30","True","True","87","104","30","True","False","0.0","0.05387107250291401","13","11","13","44","39","44","[1, 1, 1, 4, 4, 8, 8, 8, 54, 54, 1, 1, 1, 9, 9, 9, 10, 26, 26, 30, 56, 56, 30, 30, 30, 30, 30, 30, 30, 18]","[1, 1, 1, 1, 1, 1, 3, 3, 6, 6, 6, 7, 7, 7, 7, 13, 19, 19, 22, 22, 22, 22, 22, 22, 22, 22, 39, 39, 41, 41]","[1, 1, 1, 3, 3, 6, 6, 6, 39, 39, 1, 1, 1, 7, 7, 7, 7, 19, 19, 22, 41, 41, 22, 22, 22, 22, 22, 22, 22, 13]","13","11","13"
"422","81","91","30","True","True","81","91","30","True","True","81","91","30","True","True","0.0","0.0","11","11","11","39","39","39","[1, 1, 1, 3, 3, 3, 3, 3, 3, 2, 1, 1, 1, 1, 8, 8, 8, 11, 16, 16, 16, 16, 35, 35, 17, 17, 17, 17, 16, 8]","[1, 1, 1, 3, 3, 3, 3, 3, 3, 2, 1, 1, 1, 1, 8, 8, 8, 11, 16, 16, 16, 16, 35, 35, 17, 17, 17, 17, 16, 8]","[1, 1, 1, 3, 3, 3, 3, 3, 3, 2, 1, 1, 1, 1, 8, 8, 8, 11, 16, 16, 16, 16, 35, 35, 17, 17, 17, 17, 16, 8]","11","11","11"
"423","88","104","30","True","False","77","85","30","True","True","87","104","30","True","False","0.0","0.0792385830504031","13","9","13","44","37","44","[1, 1, 1, 1, 1, 1, 1, 1, 2, 2, 2, 3, 3, 1, 1, 1, 1, 1, 11, 12, 15, 15, 18, 18, 17, 17, 17, 8, 8, 2]","[1, 1, 1, 1, 1, 1, 1, 1, 1, 1, 1, 1, 1, 2, 2, 2, 2, 3, 3, 7, 7, 10, 11, 14, 14, 16, 16, 16, 17, 17]","[1, 1, 1, 1, 1, 1, 1, 1, 2, 2, 2, 3, 3, 1, 1, 1, 1, 1, 10, 11, 14, 14, 17, 17, 16, 16, 16, 7, 7, 2]","13","9","13"
"424","94","110","30","True","False","83","94","30","True","True","83","91","30","True","True","0.05811176378744831","0.0633613203953004","17","12","8","46","40","37","[1, 1, 2, 2, 2, 2, 2, 2, 3, 21, 6, 6, 7, 7, 9, 11, 11, 7, 15, 15, 14, 5, 5, 1, 34, 34, 34, 1, 1, 1]","[1, 1, 1, 1, 1, 1, 2, 2, 2, 2, 2, 2, 3, 5, 5, 6, 6, 6, 7, 7, 9, 11, 11, 13, 14, 14, 21, 33, 33, 33]","[1, 1, 2, 2, 2, 2, 2, 2, 2, 12, 4, 4, 4, 4, 6, 6, 6, 4, 8, 8, 8, 4, 4, 1, 18, 18, 18, 1, 1, 1]","17","12","8"
"425","81","92","30","True","True","81","92","30","True","True","81","92","30","True","True","0.0","0.0","11","11","11","40","40","40","[1, 1, 1, 1, 1, 1, 1, 1, 1, 1, 2, 2, 2, 3, 3, 3, 7, 7, 2, 1, 1, 1, 1, 1, 3, 5, 7, 7, 3, 3]","[1, 1, 1, 1, 1, 1, 1, 1, 1, 1, 2, 2, 2, 3, 3, 3, 7, 7, 2, 1, 1, 1, 1, 1, 3, 5, 7, 7, 3, 3]","[1, 1, 1, 1, 1, 1, 1, 1, 1, 1, 2, 2, 2, 3, 3, 3, 7, 7, 2, 1, 1, 1, 1, 1, 3, 5, 7, 7, 3, 3]","11","11","11"
"426","81","92","30","True","True","81","92","30","True","True","81","92","30","True","True","0.0","0.0","11","11","11","40","40","40","[1, 2, 2, 3, 3, 2, 2, 3, 3, 3, 7, 13, 13, 5, 5, 6, 6, 3, 2, 2, 1, 4, 4, 1, 2, 2, 1, 1, 1, 1]","[1, 2, 2, 3, 3, 2, 2, 3, 3, 3, 7, 13, 13, 5, 5, 6, 6, 3, 2, 2, 1, 4, 4, 1, 2, 2, 1, 1, 1, 1]","[1, 2, 2, 3, 3, 2, 2, 3, 3, 3, 7, 13, 13, 5, 5, 6, 6, 3, 2, 2, 1, 4, 4, 1, 2, 2, 1, 1, 1, 1]","11","11","11"
"427","81","92","30","True","True","81","92","30","True","True","81","92","30","True","True","0.0","0.0","11","11","11","40","40","40","[1, 1, 2, 2, 2, 2, 2, 1, 1, 1, 1, 1, 1, 1, 1, 1, 1, 2, 2, 7, 7, 12, 12, 12, 8, 12, 12, 3, 3, 3]","[1, 1, 2, 2, 2, 2, 2, 1, 1, 1, 1, 1, 1, 1, 1, 1, 1, 2, 2, 7, 7, 12, 12, 12, 8, 12, 12, 3, 3, 3]","[1, 1, 2, 2, 2, 2, 2, 1, 1, 1, 1, 1, 1, 1, 1, 1, 1, 2, 2, 7, 7, 12, 12, 12, 8, 12, 12, 3, 3, 3]","11","11","11"
"428","94","110","30","True","False","83","94","30","True","True","83","90","30","True","True","0.06279826342060979","0.0633613203953004","17","12","8","46","40","36","[1, 2, 2, 4, 4, 4, 4, 5, 5, 5, 9, 9, 20, 20, 24, 48, 52, 52, 20, 9, 9, 9, 4, 2, 5, 71, 75, 75, 75, 1]","[1, 1, 2, 2, 2, 4, 4, 4, 4, 4, 5, 5, 5, 5, 9, 9, 9, 9, 9, 20, 20, 20, 24, 48, 52, 52, 71, 75, 75, 75]","[1, 2, 2, 4, 4, 4, 4, 5, 5, 5, 9, 9, 10, 10, 10, 20, 20, 20, 10, 5, 5, 5, 4, 2, 5, 25, 25, 25, 25, 1]","17","12","8"
"429","94","110","30","True","False","73","79","30","True","True","86","95","30","True","True","0.045777094691981546","0.1257862861192962","17","7","10","46","35","38","[1, 1, 1, 2, 2, 1, 1, 1, 2, 2, 1, 3, 3, 7, 4, 9, 9, 2, 2, 10, 10, 5, 7, 7, 7, 1, 1, 1, 1, 1]","[1, 1, 1, 1, 1, 1, 1, 1, 1, 1, 1, 1, 2, 2, 2, 2, 2, 2, 3, 3, 4, 5, 7, 7, 7, 7, 9, 9, 10, 10]","[1, 1, 1, 2, 2, 1, 1, 1, 1, 1, 1, 1, 1, 3, 2, 5, 5, 1, 1, 5, 5, 2, 3, 3, 3, 1, 1, 1, 1, 1]","17","7","10"
"430","81","92","30","True","True","81","92","30","True","True","81","92","30","True","True","0.0","0.0","11","11","11","40","40","40","[1, 1, 1, 1, 1, 1, 1, 2, 3, 3, 3, 3, 4, 4, 1, 1, 5, 5, 5, 5, 5, 6, 8, 8, 5, 5, 5, 2, 1, 1]","[1, 1, 1, 1, 1, 1, 1, 2, 3, 3, 3, 3, 4, 4, 1, 1, 5, 5, 5, 5, 5, 6, 8, 8, 5, 5, 5, 2, 1, 1]","[1, 1, 1, 1, 1, 1, 1, 2, 3, 3, 3, 3, 4, 4, 1, 1, 5, 5, 5, 5, 5, 6, 8, 8, 5, 5, 5, 2, 1, 1]","11","11","11"
"431","81","91","30","True","True","81","91","30","True","True","81","91","30","True","True","0.0","0.0","11","11","11","39","39","39","[1, 1, 1, 2, 2, 2, 2, 2, 2, 2, 2, 2, 2, 2, 2, 2, 3, 5, 8, 8, 7, 7, 7, 5, 6, 13, 13, 13, 5, 1]","[1, 1, 1, 2, 2, 2, 2, 2, 2, 2, 2, 2, 2, 2, 2, 2, 3, 5, 8, 8, 7, 7, 7, 5, 6, 13, 13, 13, 5, 1]","[1, 1, 1, 2, 2, 2, 2, 2, 2, 2, 2, 2, 2, 2, 2, 2, 3, 5, 8, 8, 7, 7, 7, 5, 6, 13, 13, 13, 5, 1]","11","11","11"
"432","94","110","30","True","False","73","79","30","True","True","87","98","30","True","True","0.03356792969725331","0.1257862861192962","17","7","11","46","35","40","[1, 1, 1, 1, 1, 1, 1, 1, 1, 1, 1, 1, 2, 2, 2, 4, 9, 9, 9, 9, 4, 4, 5, 5, 6, 7, 8, 8, 12, 1]","[1, 1, 1, 1, 1, 1, 1, 1, 1, 1, 1, 1, 1, 2, 2, 2, 4, 4, 4, 5, 5, 6, 7, 7, 7, 9, 9, 9, 9, 11]","[1, 1, 1, 1, 1, 1, 1, 1, 1, 1, 1, 1, 1, 1, 1, 3, 7, 7, 7, 7, 3, 1, 2, 2, 2, 3, 3, 3, 6, 1]","17","7","11"
"433","81","91","30","True","True","81","91","30","True","True","81","91","30","True","True","0.0","0.0","11","11","11","39","39","39","[1, 1, 1, 2, 3, 3, 3, 2, 2, 2, 2, 8, 8, 8, 8, 10, 10, 10, 10, 10, 13, 26, 26, 26, 13, 13, 13, 10, 1, 1]","[1, 1, 1, 2, 3, 3, 3, 2, 2, 2, 2, 8, 8, 8, 8, 10, 10, 10, 10, 10, 13, 26, 26, 26, 13, 13, 13, 10, 1, 1]","[1, 1, 1, 2, 3, 3, 3, 2, 2, 2, 2, 8, 8, 8, 8, 10, 10, 10, 10, 10, 13, 26, 26, 26, 13, 13, 13, 10, 1, 1]","11","11","11"
"434","81","92","30","True","True","81","92","30","True","True","81","92","30","True","True","0.0","0.0","11","11","11","40","40","40","[1, 1, 1, 1, 2, 2, 1, 1, 2, 2, 2, 2, 1, 1, 2, 3, 3, 2, 2, 2, 4, 4, 11, 11, 11, 9, 9, 2, 1, 1]","[1, 1, 1, 1, 2, 2, 1, 1, 2, 2, 2, 2, 1, 1, 2, 3, 3, 2, 2, 2, 4, 4, 11, 11, 11, 9, 9, 2, 1, 1]","[1, 1, 1, 1, 2, 2, 1, 1, 2, 2, 2, 2, 1, 1, 2, 3, 3, 2, 2, 2, 4, 4, 11, 11, 11, 9, 9, 2, 1, 1]","11","11","11"
"435","94","110","30","True","False","69","73","30","True","True","88","100","30","True","False","0.02881717921778426","0.15204206584331303","17","5","12","46","33","41","[1, 1, 1, 1, 1, 7, 3, 3, 3, 3, 4, 12, 12, 10, 4, 3, 3, 4, 4, 4, 5, 5, 12, 12, 5, 1, 1, 1, 1, 1]","[1, 1, 1, 1, 1, 1, 1, 1, 1, 1, 2, 2, 2, 2, 2, 2, 3, 3, 3, 3, 3, 3, 3, 3, 6, 7, 7, 7, 9, 9]","[1, 1, 1, 1, 1, 5, 2, 2, 2, 2, 2, 7, 7, 6, 2, 2, 2, 2, 2, 2, 3, 3, 7, 7, 3, 1, 1, 1, 1, 1]","17","5","12"
"436","94","110","30","True","False","81","91","30","True","True","87","97","30","True","False","0.04072582736305341","0.07550903930177522","17","11","11","46","39","40","[1, 1, 1, 1, 1, 1, 2, 2, 3, 3, 3, 3, 3, 3, 6, 7, 40, 7, 6, 29, 32, 32, 14, 14, 4, 2, 2, 7, 7, 7]","[1, 1, 1, 1, 1, 1, 2, 2, 2, 2, 3, 3, 3, 3, 3, 3, 4, 6, 6, 7, 7, 7, 7, 7, 14, 14, 29, 32, 32, 40]","[1, 1, 1, 1, 1, 1, 2, 2, 2, 2, 2, 2, 2, 2, 4, 4, 26, 4, 4, 18, 20, 20, 8, 8, 2, 2, 2, 4, 4, 4]","17","11","11"
"437","94","110","30","True","False","75","82","30","True","True","87","98","30","True","False","0.03445741424919968","0.11294977748945845","17","8","11","46","36","40","[1, 1, 1, 1, 2, 2, 2, 2, 1, 6, 19, 19, 19, 19, 19, 2, 3, 3, 9, 12, 12, 12, 14, 14, 1, 2, 3, 3, 3, 2]","[1, 1, 1, 1, 1, 1, 2, 2, 2, 2, 2, 2, 2, 3, 3, 3, 3, 3, 6, 8, 11, 11, 11, 13, 13, 18, 18, 18, 18, 18]","[1, 1, 1, 1, 2, 2, 2, 2, 1, 3, 8, 8, 8, 8, 8, 1, 1, 1, 2, 4, 4, 4, 5, 5, 1, 1, 2, 2, 2, 1]","17","8","11"
"438","81","91","30","True","True","81","91","30","True","True","81","91","30","True","True","0.0","0.0","11","11","11","39","39","39","[1, 1, 1, 1, 1, 1, 1, 2, 2, 2, 2, 2, 2, 3, 3, 3, 3, 3, 2, 3, 11, 11, 7, 12, 12, 9, 9, 4, 1, 1]","[1, 1, 1, 1, 1, 1, 1, 2, 2, 2, 2, 2, 2, 3, 3, 3, 3, 3, 2, 3, 11, 11, 7, 12, 12, 9, 9, 4, 1, 1]","[1, 1, 1, 1, 1, 1, 1, 2, 2, 2, 2, 2, 2, 3, 3, 3, 3, 3, 2, 3, 11, 11, 7, 12, 12, 9, 9, 4, 1, 1]","11","11","11"
"439","81","91","30","True","True","81","91","30","True","True","81","91","30","True","True","0.0","0.0","11","11","11","39","39","39","[1, 1, 1, 1, 1, 1, 1, 1, 1, 1, 2, 2, 4, 4, 12, 12, 10, 12, 12, 12, 12, 27, 27, 11, 8, 4, 1, 1, 1, 1]","[1, 1, 1, 1, 1, 1, 1, 1, 1, 1, 2, 2, 4, 4, 12, 12, 10, 12, 12, 12, 12, 27, 27, 11, 8, 4, 1, 1, 1, 1]","[1, 1, 1, 1, 1, 1, 1, 1, 1, 1, 2, 2, 4, 4, 12, 12, 10, 12, 12, 12, 12, 27, 27, 11, 8, 4, 1, 1, 1, 1]","11","11","11"
"440","81","92","30","True","True","81","92","30","True","True","81","92","30","True","True","0.0","0.0","11","11","11","40","40","40","[1, 1, 1, 1, 1, 1, 1, 1, 1, 1, 1, 1, 2, 3, 3, 3, 1, 2, 2, 3, 3, 3, 16, 16, 8, 8, 10, 10, 10, 10]","[1, 1, 1, 1, 1, 1, 1, 1, 1, 1, 1, 1, 2, 3, 3, 3, 1, 2, 2, 3, 3, 3, 16, 16, 8, 8, 10, 10, 10, 10]","[1, 1, 1, 1, 1, 1, 1, 1, 1, 1, 1, 1, 2, 3, 3, 3, 1, 2, 2, 3, 3, 3, 16, 16, 8, 8, 10, 10, 10, 10]","11","11","11"
"441","94","110","30","True","False","81","91","30","True","True","86","97","30","True","True","0.041173786610606444","0.07550903930177522","17","11","11","46","39","40","[1, 1, 2, 2, 2, 5, 5, 5, 4, 4, 8, 24, 8, 4, 12, 12, 12, 62, 29, 29, 24, 38, 38, 38, 24, 24, 4, 4, 1, 1]","[1, 1, 1, 1, 2, 2, 2, 4, 4, 4, 4, 4, 4, 4, 4, 8, 8, 12, 12, 12, 24, 24, 24, 24, 29, 29, 38, 38, 38, 62]","[1, 1, 2, 2, 2, 4, 4, 4, 4, 4, 4, 12, 4, 4, 8, 8, 8, 36, 16, 16, 16, 24, 24, 24, 16, 16, 4, 4, 1, 1]","17","11","11"
"442","94","110","30","True","False","71","76","30","True","True","86","95","30","True","True","0.04642699868676803","0.13881410960340002","17","6","10","46","34","38","[1, 1, 1, 1, 6, 2, 2, 2, 2, 2, 2, 2, 2, 2, 2, 2, 12, 2, 2, 3, 7, 7, 3, 3, 5, 7, 7, 2, 2, 2]","[1, 1, 1, 1, 2, 2, 2, 2, 2, 2, 2, 2, 2, 2, 2, 2, 2, 2, 2, 2, 3, 3, 3, 5, 6, 7, 7, 7, 7, 12]","[1, 1, 1, 1, 2, 2, 2, 2, 2, 2, 2, 2, 2, 2, 2, 2, 3, 2, 2, 1, 1, 1, 1, 1, 5, 7, 7, 2, 2, 2]","17","6","10"
"443","81","91","30","True","True","81","91","30","True","True","81","91","30","True","True","0.0","0.0","11","11","11","39","39","39","[1, 1, 2, 2, 4, 4, 5, 5, 4, 4, 2, 2, 7, 7, 7, 7, 8, 18, 18, 18, 7, 7, 16, 16, 16, 2, 2, 2, 1, 1]","[1, 1, 2, 2, 4, 4, 5, 5, 4, 4, 2, 2, 7, 7, 7, 7, 8, 18, 18, 18, 7, 7, 16, 16, 16, 2, 2, 2, 1, 1]","[1, 1, 2, 2, 4, 4, 5, 5, 4, 4, 2, 2, 7, 7, 7, 7, 8, 18, 18, 18, 7, 7, 16, 16, 16, 2, 2, 2, 1, 1]","11","11","11"
"444","81","92","30","True","True","81","92","30","True","True","81","92","30","True","True","0.0","0.0","11","11","11","40","40","40","[1, 1, 1, 2, 2, 2, 2, 4, 4, 4, 4, 2, 2, 4, 4, 4, 4, 6, 6, 4, 4, 5, 5, 6, 6, 6, 6, 1, 1, 1]","[1, 1, 1, 2, 2, 2, 2, 4, 4, 4, 4, 2, 2, 4, 4, 4, 4, 6, 6, 4, 4, 5, 5, 6, 6, 6, 6, 1, 1, 1]","[1, 1, 1, 2, 2, 2, 2, 4, 4, 4, 4, 2, 2, 4, 4, 4, 4, 6, 6, 4, 4, 5, 5, 6, 6, 6, 6, 1, 1, 1]","11","11","11"
"445","86","101","30","True","True","86","101","30","True","True","86","101","30","True","True","0.0","0.0","11","11","11","43","43","43","[1, 1, 1, 1, 1, 1, 1, 1, 1, 1, 1, 1, 1, 3, 3, 2, 2, 1, 1, 3, 3, 2, 4, 4, 3, 3, 8, 8, 8, 2]","[1, 1, 1, 1, 1, 1, 1, 1, 1, 1, 1, 1, 1, 3, 3, 2, 2, 1, 1, 3, 3, 2, 4, 4, 3, 3, 8, 8, 8, 2]","[1, 1, 1, 1, 1, 1, 1, 1, 1, 1, 1, 1, 1, 3, 3, 2, 2, 1, 1, 3, 3, 2, 4, 4, 3, 3, 8, 8, 8, 2]","11","11","11"
"446","94","110","30","True","False","73","79","30","True","True","90","104","30","True","True","0.017052796699281392","0.1257862861192962","17","7","14","46","35","43","[1, 1, 2, 3, 3, 3, 3, 3, 6, 6, 12, 12, 3, 6, 28, 6, 3, 25, 13, 13, 12, 9, 3, 3, 1, 2, 2, 1, 1, 1]","[1, 1, 1, 1, 1, 1, 1, 2, 2, 2, 2, 2, 2, 2, 2, 2, 2, 2, 4, 4, 4, 4, 6, 8, 8, 8, 9, 9, 17, 19]","[1, 1, 1, 1, 1, 1, 1, 1, 2, 2, 4, 4, 1, 2, 10, 2, 1, 9, 4, 4, 4, 3, 1, 1, 1, 2, 2, 1, 1, 1]","17","7","14"
"447","81","92","30","True","True","81","92","30","True","True","81","92","30","True","True","0.0","0.0","11","11","11","40","40","40","[1, 1, 1, 1, 2, 2, 2, 2, 2, 2, 4, 7, 7, 2, 2, 4, 6, 12, 22, 22, 24, 24, 6, 2, 2, 2, 1, 1, 1, 1]","[1, 1, 1, 1, 2, 2, 2, 2, 2, 2, 4, 7, 7, 2, 2, 4, 6, 12, 22, 22, 24, 24, 6, 2, 2, 2, 1, 1, 1, 1]","[1, 1, 1, 1, 2, 2, 2, 2, 2, 2, 4, 7, 7, 2, 2, 4, 6, 12, 22, 22, 24, 24, 6, 2, 2, 2, 1, 1, 1, 1]","11","11","11"
"448","94","110","30","True","False","79","88","30","True","True","88","99","30","True","True","0.034260315471277725","0.08781851767654358","17","10","12","46","38","41","[1, 1, 1, 1, 1, 1, 1, 1, 1, 2, 2, 3, 8, 4, 24, 24, 24, 7, 9, 9, 9, 9, 10, 10, 5, 3, 3, 12, 12, 12]","[1, 1, 1, 1, 1, 1, 1, 1, 1, 2, 2, 3, 3, 3, 4, 5, 7, 8, 9, 9, 9, 9, 10, 10, 12, 12, 12, 24, 24, 24]","[1, 1, 1, 1, 1, 1, 1, 1, 1, 1, 1, 1, 4, 2, 11, 11, 11, 3, 4, 4, 4, 4, 4, 4, 2, 1, 1, 5, 5, 5]","17","10","12"
"449","88","104","30","True","False","69","73","30","True","True","87","104","30","True","False","0.0","0.13219537571206963","13","5","13","44","33","44","[1, 2, 2, 5, 13, 13, 6, 6, 5, 5, 5, 5, 5, 3, 3, 3, 2, 1, 1, 1, 4, 4, 1, 1, 7, 14, 19, 19, 19, 19]","[1, 1, 1, 1, 1, 1, 1, 1, 1, 1, 1, 1, 2, 2, 2, 2, 2, 2, 2, 2, 2, 2, 4, 6, 6, 8, 10, 10, 10, 10]","[1, 1, 1, 2, 6, 6, 2, 2, 2, 2, 2, 2, 2, 1, 1, 1, 1, 1, 1, 1, 2, 2, 1, 1, 4, 8, 10, 10, 10, 10]","13","5","13"
"450","81","91","30","True","True","81","91","30","True","True","81","91","30","True","True","0.0","0.0","11","11","11","39","39","39","[1, 1, 1, 1, 1, 1, 1, 1, 1, 1, 1, 3, 3, 3, 1, 6, 6, 6, 6, 6, 6, 6, 9, 9, 3, 8, 9, 9, 1, 1]","[1, 1, 1, 1, 1, 1, 1, 1, 1, 1, 1, 3, 3, 3, 1, 6, 6, 6, 6, 6, 6, 6, 9, 9, 3, 8, 9, 9, 1, 1]","[1, 1, 1, 1, 1, 1, 1, 1, 1, 1, 1, 3, 3, 3, 1, 6, 6, 6, 6, 6, 6, 6, 9, 9, 3, 8, 9, 9, 1, 1]","11","11","11"
"451","94","110","30","True","False","75","82","30","True","True","86","96","30","True","True","0.04112272342196488","0.11294977748945845","17","8","10","46","36","39","[1, 1, 1, 1, 2, 2, 2, 2, 2, 2, 2, 8, 8, 8, 8, 9, 15, 15, 15, 15, 23, 23, 43, 34, 9, 13, 13, 13, 13, 4]","[1, 1, 1, 1, 1, 1, 1, 1, 1, 1, 1, 2, 3, 3, 3, 3, 4, 4, 6, 6, 6, 6, 6, 6, 6, 6, 9, 9, 14, 18]","[1, 1, 1, 1, 1, 1, 1, 1, 1, 1, 1, 3, 3, 3, 3, 2, 4, 4, 4, 4, 2, 2, 6, 6, 2, 2, 2, 2, 2, 2]","17","8","10"
"452","81","92","30","True","True","81","92","30","True","True","81","92","30","True","True","0.0","0.0","11","11","11","40","40","40","[1, 1, 2, 2, 1, 1, 1, 1, 1, 1, 1, 2, 2, 3, 4, 4, 4, 4, 8, 9, 10, 11, 11, 8, 12, 12, 12, 1, 1, 1]","[1, 1, 2, 2, 1, 1, 1, 1, 1, 1, 1, 2, 2, 3, 4, 4, 4, 4, 8, 9, 10, 11, 11, 8, 12, 12, 12, 1, 1, 1]","[1, 1, 2, 2, 1, 1, 1, 1, 1, 1, 1, 2, 2, 3, 4, 4, 4, 4, 8, 9, 10, 11, 11, 8, 12, 12, 12, 1, 1, 1]","11","11","11"
"453","86","102","30","True","True","86","102","30","True","True","86","102","30","True","True","0.0","0.0","11","11","11","44","44","44","[1, 1, 2, 2, 2, 2, 1, 1, 1, 1, 1, 2, 2, 2, 4, 4, 2, 2, 5, 7, 9, 16, 16, 7, 5, 4, 4, 4, 2, 1]","[1, 1, 2, 2, 2, 2, 1, 1, 1, 1, 1, 2, 2, 2, 4, 4, 2, 2, 5, 7, 9, 16, 16, 7, 5, 4, 4, 4, 2, 1]","[1, 1, 2, 2, 2, 2, 1, 1, 1, 1, 1, 2, 2, 2, 4, 4, 2, 2, 5, 7, 9, 16, 16, 7, 5, 4, 4, 4, 2, 1]","11","11","11"
"454","81","92","30","True","True","81","92","30","True","True","81","92","30","True","True","0.0","0.0","11","11","11","40","40","40","[1, 1, 2, 2, 2, 5, 5, 6, 6, 12, 12, 12, 12, 12, 15, 15, 15, 12, 12, 6, 6, 7, 7, 4, 16, 22, 22, 1, 1, 1]","[1, 1, 2, 2, 2, 5, 5, 6, 6, 12, 12, 12, 12, 12, 15, 15, 15, 12, 12, 6, 6, 7, 7, 4, 16, 22, 22, 1, 1, 1]","[1, 1, 2, 2, 2, 5, 5, 6, 6, 12, 12, 12, 12, 12, 15, 15, 15, 12, 12, 6, 6, 7, 7, 4, 16, 22, 22, 1, 1, 1]","11","11","11"
"455","88","104","30","True","False","75","82","30","True","True","87","104","30","True","False","0.0","0.09218812153004352","13","8","13","44","36","44","[1, 1, 2, 2, 2, 2, 2, 3, 3, 2, 2, 2, 2, 8, 11, 11, 11, 8, 8, 8, 2, 20, 20, 5, 6, 8, 8, 8, 3, 3]","[1, 1, 2, 2, 2, 2, 2, 2, 2, 2, 2, 2, 2, 2, 3, 3, 5, 6, 8, 8, 8, 8, 8, 8, 8, 10, 10, 10, 19, 19]","[1, 1, 2, 2, 2, 2, 2, 2, 2, 2, 2, 2, 2, 8, 10, 10, 10, 8, 8, 8, 2, 19, 19, 5, 6, 8, 8, 8, 3, 3]","13","8","13"
"456","86","102","30","True","True","86","102","30","True","True","86","102","30","True","True","0.0","0.0","11","11","11","44","44","44","[1, 1, 2, 2, 2, 2, 2, 2, 6, 6, 2, 4, 4, 4, 6, 8, 8, 8, 8, 6, 16, 16, 16, 16, 16, 16, 6, 6, 4, 4]","[1, 1, 2, 2, 2, 2, 2, 2, 6, 6, 2, 4, 4, 4, 6, 8, 8, 8, 8, 6, 16, 16, 16, 16, 16, 16, 6, 6, 4, 4]","[1, 1, 2, 2, 2, 2, 2, 2, 6, 6, 2, 4, 4, 4, 6, 8, 8, 8, 8, 6, 16, 16, 16, 16, 16, 16, 6, 6, 4, 4]","11","11","11"
"457","94","110","30","True","False","75","82","30","True","True","86","96","30","True","True","0.040079783279230674","0.11294977748945845","17","8","10","46","36","39","[1, 1, 15, 15, 1, 1, 1, 2, 4, 4, 23, 7, 7, 7, 7, 6, 7, 7, 2, 1, 15, 15, 7, 7, 7, 3, 3, 8, 8, 8]","[1, 1, 1, 1, 1, 1, 2, 2, 3, 3, 4, 4, 6, 6, 6, 6, 6, 7, 7, 7, 7, 7, 8, 8, 8, 15, 15, 15, 15, 23]","[1, 1, 12, 12, 1, 1, 1, 2, 4, 4, 18, 6, 6, 6, 6, 6, 7, 7, 2, 1, 12, 12, 6, 6, 6, 3, 3, 6, 6, 6]","17","8","10"
"458","94","110","30","True","False","81","91","30","True","True","87","98","30","True","True","0.034851732557244386","0.07550903930177522","17","11","10","46","39","41","[1, 1, 1, 1, 1, 1, 1, 1, 1, 3, 6, 6, 7, 7, 7, 7, 7, 8, 25, 15, 8, 10, 18, 18, 22, 22, 22, 21, 21, 1]","[1, 1, 1, 1, 1, 1, 1, 1, 1, 1, 3, 6, 6, 6, 6, 6, 6, 6, 8, 8, 9, 14, 17, 17, 20, 20, 21, 21, 21, 24]","[1, 1, 1, 1, 1, 1, 1, 1, 1, 1, 2, 2, 2, 2, 2, 2, 2, 3, 9, 5, 3, 3, 6, 6, 7, 7, 7, 7, 7, 1]","17","11","10"
"459","81","92","30","True","True","81","92","30","True","True","81","92","30","True","True","0.0","0.0","11","11","11","40","40","40","[1, 1, 1, 3, 3, 12, 12, 12, 6, 3, 3, 6, 6, 27, 27, 9, 9, 9, 9, 2, 2, 2, 1, 4, 7, 7, 4, 4, 4, 4]","[1, 1, 1, 3, 3, 12, 12, 12, 6, 3, 3, 6, 6, 27, 27, 9, 9, 9, 9, 2, 2, 2, 1, 4, 7, 7, 4, 4, 4, 4]","[1, 1, 1, 3, 3, 12, 12, 12, 6, 3, 3, 6, 6, 27, 27, 9, 9, 9, 9, 2, 2, 2, 1, 4, 7, 7, 4, 4, 4, 4]","11","11","11"
"460","81","92","30","True","True","81","92","30","True","True","81","92","30","True","True","0.0","0.0","11","11","11","40","40","40","[1, 1, 1, 1, 1, 5, 5, 5, 10, 10, 5, 5, 10, 10, 15, 20, 22, 22, 10, 10, 5, 4, 4, 4, 4, 1, 1, 1, 1, 1]","[1, 1, 1, 1, 1, 5, 5, 5, 10, 10, 5, 5, 10, 10, 15, 20, 22, 22, 10, 10, 5, 4, 4, 4, 4, 1, 1, 1, 1, 1]","[1, 1, 1, 1, 1, 5, 5, 5, 10, 10, 5, 5, 10, 10, 15, 20, 22, 22, 10, 10, 5, 4, 4, 4, 4, 1, 1, 1, 1, 1]","11","11","11"
"461","81","92","30","True","True","81","92","30","True","True","81","92","30","True","True","0.0","0.0","11","11","11","40","40","40","[1, 2, 2, 2, 2, 2, 2, 2, 2, 2, 2, 2, 4, 6, 8, 9, 9, 8, 1, 3, 3, 1, 9, 11, 11, 11, 11, 9, 9, 9]","[1, 2, 2, 2, 2, 2, 2, 2, 2, 2, 2, 2, 4, 6, 8, 9, 9, 8, 1, 3, 3, 1, 9, 11, 11, 11, 11, 9, 9, 9]","[1, 2, 2, 2, 2, 2, 2, 2, 2, 2, 2, 2, 4, 6, 8, 9, 9, 8, 1, 3, 3, 1, 9, 11, 11, 11, 11, 9, 9, 9]","11","11","11"
"462","81","92","30","True","True","81","92","30","True","True","81","92","30","True","True","0.0","0.0","11","11","11","40","40","40","[1, 1, 1, 2, 2, 2, 2, 2, 2, 2, 1, 2, 2, 2, 2, 2, 2, 4, 7, 9, 12, 12, 11, 12, 12, 12, 12, 12, 12, 11]","[1, 1, 1, 2, 2, 2, 2, 2, 2, 2, 1, 2, 2, 2, 2, 2, 2, 4, 7, 9, 12, 12, 11, 12, 12, 12, 12, 12, 12, 11]","[1, 1, 1, 2, 2, 2, 2, 2, 2, 2, 1, 2, 2, 2, 2, 2, 2, 4, 7, 9, 12, 12, 11, 12, 12, 12, 12, 12, 12, 11]","11","11","11"
"463","81","91","30","True","True","81","91","30","True","True","81","91","30","True","True","0.0","0.0","11","11","11","39","39","39","[1, 1, 1, 1, 1, 1, 1, 1, 1, 2, 4, 6, 6, 5, 5, 3, 3, 3, 6, 9, 9, 10, 13, 13, 13, 6, 6, 3, 3, 1]","[1, 1, 1, 1, 1, 1, 1, 1, 1, 2, 4, 6, 6, 5, 5, 3, 3, 3, 6, 9, 9, 10, 13, 13, 13, 6, 6, 3, 3, 1]","[1, 1, 1, 1, 1, 1, 1, 1, 1, 2, 4, 6, 6, 5, 5, 3, 3, 3, 6, 9, 9, 10, 13, 13, 13, 6, 6, 3, 3, 1]","11","11","11"
"464","94","110","30","True","False","77","85","30","True","True","89","101","30","True","False","0.027582377412502024","0.10029639493058051","17","9","13","46","37","41","[1, 1, 1, 1, 1, 1, 21, 2, 2, 2, 7, 7, 7, 6, 6, 6, 7, 15, 16, 16, 15, 15, 7, 16, 16, 3, 9, 9, 9, 3]","[1, 1, 1, 1, 1, 1, 2, 2, 2, 3, 3, 6, 6, 6, 7, 7, 7, 7, 7, 9, 9, 9, 15, 15, 15, 16, 16, 16, 16, 21]","[1, 1, 1, 1, 1, 1, 11, 1, 1, 1, 4, 4, 4, 3, 3, 3, 3, 7, 7, 7, 7, 7, 3, 8, 8, 2, 5, 5, 5, 2]","17","9","13"
"465","81","91","30","True","True","81","91","30","True","True","81","91","30","True","True","0.0","0.0","11","11","11","39","39","39","[1, 1, 1, 1, 2, 2, 1, 1, 1, 2, 2, 3, 3, 6, 6, 6, 13, 14, 14, 14, 20, 32, 33, 33, 20, 6, 3, 3, 1, 1]","[1, 1, 1, 1, 2, 2, 1, 1, 1, 2, 2, 3, 3, 6, 6, 6, 13, 14, 14, 14, 20, 32, 33, 33, 20, 6, 3, 3, 1, 1]","[1, 1, 1, 1, 2, 2, 1, 1, 1, 2, 2, 3, 3, 6, 6, 6, 13, 14, 14, 14, 20, 32, 33, 33, 20, 6, 3, 3, 1, 1]","11","11","11"
"466","81","92","30","True","True","81","92","30","True","True","81","92","30","True","True","0.0","0.0","11","11","11","40","40","40","[1, 1, 1, 1, 2, 2, 1, 1, 2, 2, 2, 2, 2, 6, 6, 3, 3, 3, 3, 3, 1, 5, 5, 5, 5, 10, 10, 10, 10, 10]","[1, 1, 1, 1, 2, 2, 1, 1, 2, 2, 2, 2, 2, 6, 6, 3, 3, 3, 3, 3, 1, 5, 5, 5, 5, 10, 10, 10, 10, 10]","[1, 1, 1, 1, 2, 2, 1, 1, 2, 2, 2, 2, 2, 6, 6, 3, 3, 3, 3, 3, 1, 5, 5, 5, 5, 10, 10, 10, 10, 10]","11","11","11"
"467","86","101","30","True","True","86","101","30","True","True","86","101","30","True","True","0.0","0.0","11","11","11","43","43","43","[1, 1, 1, 1, 1, 1, 1, 2, 2, 3, 6, 6, 7, 9, 13, 14, 14, 14, 14, 7, 6, 3, 1, 1, 1, 1, 2, 2, 1, 1]","[1, 1, 1, 1, 1, 1, 1, 2, 2, 3, 6, 6, 7, 9, 13, 14, 14, 14, 14, 7, 6, 3, 1, 1, 1, 1, 2, 2, 1, 1]","[1, 1, 1, 1, 1, 1, 1, 2, 2, 3, 6, 6, 7, 9, 13, 14, 14, 14, 14, 7, 6, 3, 1, 1, 1, 1, 2, 2, 1, 1]","11","11","11"
"468","94","110","30","True","False","77","85","30","True","True","91","106","30","True","False","0.010934405063674602","0.10029639493058051","17","9","15","46","37","44","[1, 1, 1, 2, 2, 2, 2, 2, 3, 3, 3, 3, 3, 3, 2, 11, 16, 18, 18, 27, 27, 36, 37, 37, 37, 11, 4, 2, 2, 1]","[1, 1, 1, 1, 2, 2, 2, 2, 2, 2, 2, 2, 3, 3, 3, 3, 3, 3, 4, 10, 10, 14, 16, 16, 24, 24, 32, 32, 32, 32]","[1, 1, 1, 2, 2, 2, 2, 2, 3, 3, 3, 3, 3, 3, 2, 10, 14, 16, 16, 24, 24, 32, 32, 32, 32, 10, 4, 2, 2, 1]","17","9","15"
"469","94","110","30","True","False","77","85","30","True","True","91","106","30","True","True","0.011126854590816193","0.10029639493058051","17","9","15","46","37","44","[1, 1, 1, 1, 1, 1, 1, 1, 2, 2, 7, 8, 8, 9, 17, 18, 18, 8, 16, 16, 1, 3, 3, 3, 2, 2, 29, 29, 1, 1]","[1, 1, 1, 1, 1, 1, 1, 1, 1, 1, 1, 2, 2, 2, 2, 3, 3, 3, 7, 8, 8, 8, 8, 16, 16, 16, 17, 17, 28, 28]","[1, 1, 1, 1, 1, 1, 1, 1, 2, 2, 5, 6, 6, 6, 12, 13, 13, 6, 12, 12, 1, 2, 2, 2, 1, 1, 21, 21, 1, 1]","17","9","15"
"470","81","91","30","True","True","81","91","30","True","True","81","91","30","True","True","0.0","0.0","11","11","11","39","39","39","[1, 1, 1, 2, 3, 3, 3, 6, 6, 6, 6, 9, 9, 15, 15, 9, 9, 9, 12, 12, 9, 6, 6, 6, 3, 3, 22, 22, 22, 1]","[1, 1, 1, 2, 3, 3, 3, 6, 6, 6, 6, 9, 9, 15, 15, 9, 9, 9, 12, 12, 9, 6, 6, 6, 3, 3, 22, 22, 22, 1]","[1, 1, 1, 2, 3, 3, 3, 6, 6, 6, 6, 9, 9, 15, 15, 9, 9, 9, 12, 12, 9, 6, 6, 6, 3, 3, 22, 22, 22, 1]","11","11","11"
"471","94","110","30","True","False","73","79","30","True","True","92","107","30","True","True","0.009914115317427141","0.1257862861192962","17","7","16","46","35","44","[1, 1, 1, 1, 1, 1, 1, 1, 1, 1, 3, 3, 1, 7, 7, 1, 2, 2, 1, 8, 8, 8, 8, 5, 5, 17, 17, 17, 8, 1]","[1, 1, 1, 1, 1, 1, 1, 1, 1, 1, 1, 1, 1, 1, 2, 2, 3, 3, 5, 5, 7, 7, 8, 8, 8, 8, 8, 17, 17, 17]","[1, 1, 1, 1, 1, 1, 1, 1, 1, 1, 2, 2, 1, 5, 5, 1, 2, 2, 1, 8, 8, 8, 8, 5, 5, 17, 17, 17, 8, 1]","17","7","16"
"472","81","92","30","True","True","81","92","30","True","True","81","92","30","True","True","0.0","0.0","11","11","11","40","40","40","[1, 1, 2, 2, 2, 2, 2, 2, 2, 2, 5, 7, 9, 9, 9, 11, 19, 19, 9, 9, 11, 11, 11, 9, 7, 5, 14, 14, 14, 1]","[1, 1, 2, 2, 2, 2, 2, 2, 2, 2, 5, 7, 9, 9, 9, 11, 19, 19, 9, 9, 11, 11, 11, 9, 7, 5, 14, 14, 14, 1]","[1, 1, 2, 2, 2, 2, 2, 2, 2, 2, 5, 7, 9, 9, 9, 11, 19, 19, 9, 9, 11, 11, 11, 9, 7, 5, 14, 14, 14, 1]","11","11","11"
"473","81","91","30","True","True","81","91","30","True","True","81","91","30","True","True","0.0","0.0","11","11","11","39","39","39","[1, 1, 1, 1, 1, 2, 2, 4, 5, 9, 9, 2, 2, 6, 6, 3, 3, 5, 5, 5, 6, 6, 9, 15, 15, 10, 10, 10, 10, 6]","[1, 1, 1, 1, 1, 2, 2, 4, 5, 9, 9, 2, 2, 6, 6, 3, 3, 5, 5, 5, 6, 6, 9, 15, 15, 10, 10, 10, 10, 6]","[1, 1, 1, 1, 1, 2, 2, 4, 5, 9, 9, 2, 2, 6, 6, 3, 3, 5, 5, 5, 6, 6, 9, 15, 15, 10, 10, 10, 10, 6]","11","11","11"
"474","81","92","30","True","True","81","92","30","True","True","81","92","30","True","True","0.0","0.0","11","11","11","40","40","40","[1, 2, 2, 3, 6, 9, 9, 6, 3, 4, 4, 8, 8, 8, 8, 8, 4, 6, 6, 6, 6, 6, 6, 11, 11, 11, 11, 8, 2, 1]","[1, 2, 2, 3, 6, 9, 9, 6, 3, 4, 4, 8, 8, 8, 8, 8, 4, 6, 6, 6, 6, 6, 6, 11, 11, 11, 11, 8, 2, 1]","[1, 2, 2, 3, 6, 9, 9, 6, 3, 4, 4, 8, 8, 8, 8, 8, 4, 6, 6, 6, 6, 6, 6, 11, 11, 11, 11, 8, 2, 1]","11","11","11"
"475","81","92","30","True","True","81","92","30","True","True","81","92","30","True","True","0.0","0.0","11","11","11","40","40","40","[1, 1, 1, 1, 2, 2, 2, 2, 2, 2, 2, 2, 2, 3, 6, 6, 1, 1, 1, 1, 2, 3, 4, 4, 7, 10, 10, 10, 1, 1]","[1, 1, 1, 1, 2, 2, 2, 2, 2, 2, 2, 2, 2, 3, 6, 6, 1, 1, 1, 1, 2, 3, 4, 4, 7, 10, 10, 10, 1, 1]","[1, 1, 1, 1, 2, 2, 2, 2, 2, 2, 2, 2, 2, 3, 6, 6, 1, 1, 1, 1, 2, 3, 4, 4, 7, 10, 10, 10, 1, 1]","11","11","11"
"476","94","110","30","True","False","75","82","30","True","True","88","96","34","True","True","0.03170324388610124","0.11294977748945845","17","8","8","46","36","41","[1, 15, 3, 3, 2, 2, 2, 2, 2, 5, 5, 5, 5, 7, 7, 7, 6, 6, 7, 12, 12, 23, 26, 26, 21, 5, 3, 2, 1, 1]","[1, 1, 1, 1, 1, 1, 1, 1, 1, 2, 2, 2, 3, 3, 3, 3, 3, 3, 3, 4, 4, 4, 4, 7, 7, 10, 12, 14, 15, 15]","[1, 3, 2, 2, 1, 1, 1, 1, 1, 3, 3, 3, 3, 4, 4, 4, 3, 3, 1, 1, 1, 2, 2, 2, 2, 3, 2, 1, 1, 1, 3, 3, 1, 3]","17","8","8"
"477","81","91","30","True","True","81","91","30","True","True","81","91","30","True","True","0.0","0.0","11","11","11","39","39","39","[1, 1, 1, 1, 2, 2, 3, 5, 6, 6, 6, 6, 13, 13, 7, 11, 11, 5, 5, 5, 5, 5, 2, 1, 1, 10, 10, 10, 1, 1]","[1, 1, 1, 1, 2, 2, 3, 5, 6, 6, 6, 6, 13, 13, 7, 11, 11, 5, 5, 5, 5, 5, 2, 1, 1, 10, 10, 10, 1, 1]","[1, 1, 1, 1, 2, 2, 3, 5, 6, 6, 6, 6, 13, 13, 7, 11, 11, 5, 5, 5, 5, 5, 2, 1, 1, 10, 10, 10, 1, 1]","11","11","11"
"478","88","104","30","True","False","75","82","30","True","True","87","104","30","True","False","0.0","0.09218812153004352","13","8","13","44","36","44","[1, 1, 1, 2, 2, 2, 2, 4, 6, 7, 9, 44, 13, 13, 13, 13, 18, 18, 9, 10, 10, 18, 18, 18, 20, 20, 7, 2, 2, 2]","[1, 1, 1, 1, 1, 1, 1, 1, 1, 1, 2, 3, 3, 3, 5, 5, 5, 5, 7, 7, 7, 7, 10, 10, 10, 10, 10, 11, 11, 23]","[1, 1, 1, 1, 1, 1, 1, 2, 3, 3, 5, 23, 7, 7, 7, 7, 10, 10, 5, 5, 5, 10, 10, 10, 11, 11, 3, 1, 1, 1]","13","8","13"
"479","81","91","30","True","True","81","91","30","True","True","81","91","30","True","True","0.0","0.0","11","11","11","39","39","39","[1, 1, 1, 1, 1, 1, 1, 3, 3, 7, 7, 7, 3, 3, 6, 6, 4, 7, 7, 1, 2, 2, 2, 5, 5, 8, 9, 9, 8, 8]","[1, 1, 1, 1, 1, 1, 1, 3, 3, 7, 7, 7, 3, 3, 6, 6, 4, 7, 7, 1, 2, 2, 2, 5, 5, 8, 9, 9, 8, 8]","[1, 1, 1, 1, 1, 1, 1, 3, 3, 7, 7, 7, 3, 3, 6, 6, 4, 7, 7, 1, 2, 2, 2, 5, 5, 8, 9, 9, 8, 8]","11","11","11"
"480","81","91","30","True","True","81","91","30","True","True","81","91","30","True","True","0.0","0.0","11","11","11","39","39","39","[1, 1, 1, 1, 1, 1, 1, 1, 2, 4, 4, 1, 1, 2, 5, 5, 5, 6, 6, 13, 14, 14, 14, 14, 13, 5, 15, 15, 5, 5]","[1, 1, 1, 1, 1, 1, 1, 1, 2, 4, 4, 1, 1, 2, 5, 5, 5, 6, 6, 13, 14, 14, 14, 14, 13, 5, 15, 15, 5, 5]","[1, 1, 1, 1, 1, 1, 1, 1, 2, 4, 4, 1, 1, 2, 5, 5, 5, 6, 6, 13, 14, 14, 14, 14, 13, 5, 15, 15, 5, 5]","11","11","11"
"481","88","104","30","True","False","73","79","30","True","True","87","103","30","True","False","0.005074541257336529","0.10532507219701703","13","7","13","44","35","43","[1, 1, 1, 1, 1, 1, 2, 2, 1, 1, 2, 2, 4, 5, 5, 5, 5, 7, 7, 13, 5, 4, 2, 2, 6, 11, 11, 6, 1, 1]","[1, 1, 1, 1, 1, 1, 1, 1, 1, 1, 2, 2, 2, 2, 2, 2, 4, 4, 5, 5, 5, 5, 5, 6, 6, 7, 7, 11, 11, 13]","[1, 1, 1, 1, 1, 1, 2, 2, 1, 1, 2, 2, 4, 5, 5, 5, 5, 7, 7, 13, 5, 4, 2, 2, 6, 11, 11, 6, 1, 1]","13","7","13"
"482","94","110","30","True","False","81","91","30","True","True","83","90","30","True","False","0.06305362073538967","0.07550903930177522","17","11","7","46","39","37","[1, 1, 1, 1, 2, 2, 2, 2, 3, 3, 15, 15, 15, 14, 53, 14, 5, 5, 7, 7, 21, 21, 21, 24, 24, 24, 15, 15, 15, 1]","[1, 1, 1, 1, 1, 2, 2, 2, 2, 3, 3, 5, 5, 7, 7, 14, 14, 15, 15, 15, 15, 15, 15, 21, 21, 21, 24, 24, 24, 53]","[1, 1, 1, 1, 2, 2, 2, 2, 2, 2, 6, 6, 6, 6, 22, 6, 2, 2, 2, 2, 8, 8, 8, 8, 8, 8, 6, 6, 6, 1]","17","11","7"
"483","88","104","30","True","False","77","85","30","True","True","87","104","30","True","False","0.0","0.0792385830504031","13","9","13","44","37","44","[1, 1, 1, 1, 1, 1, 1, 2, 25, 3, 4, 5, 5, 5, 3, 5, 5, 3, 3, 3, 3, 10, 13, 13, 3, 8, 21, 21, 1, 1]","[1, 1, 1, 1, 1, 1, 1, 1, 1, 2, 3, 3, 3, 3, 3, 3, 3, 4, 4, 4, 4, 5, 5, 7, 9, 12, 12, 19, 19, 23]","[1, 1, 1, 1, 1, 1, 1, 2, 23, 3, 4, 4, 4, 4, 3, 5, 5, 3, 3, 3, 3, 9, 12, 12, 3, 7, 19, 19, 1, 1]","13","9","13"
"484","81","91","30","True","True","81","91","30","True","True","81","91","30","True","True","0.0","0.0","11","11","11","39","39","39","[1, 1, 1, 2, 2, 2, 2, 2, 2, 2, 3, 10, 10, 6, 6, 10, 12, 12, 18, 27, 27, 27, 27, 18, 6, 6, 6, 6, 1, 1]","[1, 1, 1, 2, 2, 2, 2, 2, 2, 2, 3, 10, 10, 6, 6, 10, 12, 12, 18, 27, 27, 27, 27, 18, 6, 6, 6, 6, 1, 1]","[1, 1, 1, 2, 2, 2, 2, 2, 2, 2, 3, 10, 10, 6, 6, 10, 12, 12, 18, 27, 27, 27, 27, 18, 6, 6, 6, 6, 1, 1]","11","11","11"
"485","94","110","30","True","False","79","88","30","True","True","85","93","30","True","True","0.05146655800368194","0.08781851767654358","17","10","8","46","38","38","[1, 1, 2, 6, 6, 6, 6, 22, 8, 8, 16, 16, 16, 44, 44, 44, 46, 62, 62, 46, 16, 10, 10, 8, 2, 1, 10, 10, 10, 10]","[1, 1, 1, 2, 2, 6, 6, 6, 6, 8, 8, 8, 10, 10, 10, 10, 10, 10, 16, 16, 16, 16, 22, 44, 44, 44, 46, 46, 62, 62]","[1, 1, 2, 6, 6, 6, 6, 4, 8, 8, 16, 16, 16, 4, 4, 4, 4, 4, 4, 4, 16, 10, 10, 8, 2, 1, 2, 2, 2, 2]","17","10","8"
"486","81","92","30","True","True","81","92","30","True","True","81","92","30","True","True","0.0","0.0","11","11","11","40","40","40","[1, 1, 1, 2, 2, 2, 2, 2, 2, 2, 2, 2, 2, 2, 1, 4, 4, 2, 1, 1, 1, 2, 2, 3, 10, 10, 7, 2, 2, 1]","[1, 1, 1, 2, 2, 2, 2, 2, 2, 2, 2, 2, 2, 2, 1, 4, 4, 2, 1, 1, 1, 2, 2, 3, 10, 10, 7, 2, 2, 1]","[1, 1, 1, 2, 2, 2, 2, 2, 2, 2, 2, 2, 2, 2, 1, 4, 4, 2, 1, 1, 1, 2, 2, 3, 10, 10, 7, 2, 2, 1]","11","11","11"
"487","88","104","30","True","False","73","79","30","True","True","87","104","30","True","False","0.0","0.10532507219701703","13","7","13","44","35","44","[1, 1, 1, 3, 3, 3, 4, 4, 4, 6, 6, 4, 16, 16, 19, 19, 3, 3, 3, 7, 7, 2, 2, 2, 2, 1, 2, 4, 4, 4]","[1, 1, 1, 1, 2, 2, 2, 2, 2, 2, 2, 2, 2, 2, 2, 3, 3, 3, 3, 4, 4, 4, 5, 5, 5, 5, 12, 12, 14, 14]","[1, 1, 1, 2, 2, 2, 3, 3, 3, 5, 5, 3, 12, 12, 14, 14, 2, 2, 2, 5, 5, 2, 2, 2, 2, 1, 2, 4, 4, 4]","13","7","13"
"488","81","92","30","True","True","81","92","30","True","True","81","92","30","True","True","0.0","0.0","11","11","11","40","40","40","[1, 1, 1, 1, 1, 1, 2, 3, 3, 3, 2, 2, 2, 2, 2, 1, 1, 5, 5, 5, 5, 3, 7, 7, 17, 24, 24, 24, 16, 8]","[1, 1, 1, 1, 1, 1, 2, 3, 3, 3, 2, 2, 2, 2, 2, 1, 1, 5, 5, 5, 5, 3, 7, 7, 17, 24, 24, 24, 16, 8]","[1, 1, 1, 1, 1, 1, 2, 3, 3, 3, 2, 2, 2, 2, 2, 1, 1, 5, 5, 5, 5, 3, 7, 7, 17, 24, 24, 24, 16, 8]","11","11","11"
"489","94","110","30","True","False","75","82","30","True","True","85","93","30","True","True","0.05151817807070447","0.11294977748945845","17","8","9","46","36","37","[1, 1, 2, 3, 5, 5, 2, 2, 2, 2, 15, 1, 1, 2, 2, 2, 2, 5, 5, 4, 2, 12, 11, 11, 11, 2, 1, 1, 1, 1]","[1, 1, 1, 1, 1, 1, 1, 1, 2, 2, 2, 2, 2, 2, 2, 2, 2, 2, 2, 3, 4, 5, 5, 5, 5, 11, 11, 11, 12, 15]","[1, 1, 2, 3, 5, 5, 2, 2, 2, 2, 4, 1, 1, 1, 1, 1, 1, 2, 2, 2, 1, 3, 2, 2, 2, 1, 1, 1, 1, 1]","17","8","9"
"490","95","107","35","True","True","95","107","35","True","True","95","107","35","True","True","0.0","0.0","13","13","13","46","46","46","[1, 1, 1, 1, 1, 1, 1, 1, 1, 1, 1, 1, 2, 2, 2, 3, 3, 3, 3, 3, 1, 1, 2, 3, 6, 6, 2, 7, 7, 4, 6, 6, 6, 6, 6]","[1, 1, 1, 1, 1, 1, 1, 1, 1, 1, 1, 1, 2, 2, 2, 3, 3, 3, 3, 3, 1, 1, 2, 3, 6, 6, 2, 7, 7, 4, 6, 6, 6, 6, 6]","[1, 1, 1, 1, 1, 1, 1, 1, 1, 1, 1, 1, 2, 2, 2, 3, 3, 3, 3, 3, 1, 1, 2, 3, 6, 6, 2, 7, 7, 4, 6, 6, 6, 6, 6]","13","13","13"
"491","95","107","35","True","True","95","107","35","True","True","95","107","35","True","True","0.0","0.0","13","13","13","46","46","46","[1, 1, 1, 1, 1, 1, 2, 2, 1, 1, 2, 2, 2, 2, 5, 5, 4, 1, 1, 2, 3, 3, 3, 3, 5, 5, 1, 7, 7, 9, 9, 9, 7, 2, 2]","[1, 1, 1, 1, 1, 1, 2, 2, 1, 1, 2, 2, 2, 2, 5, 5, 4, 1, 1, 2, 3, 3, 3, 3, 5, 5, 1, 7, 7, 9, 9, 9, 7, 2, 2]","[1, 1, 1, 1, 1, 1, 2, 2, 1, 1, 2, 2, 2, 2, 5, 5, 4, 1, 1, 2, 3, 3, 3, 3, 5, 5, 1, 7, 7, 9, 9, 9, 7, 2, 2]","13","13","13"
"492","95","108","35","True","True","95","108","35","True","True","95","108","35","True","True","0.0","0.0","13","13","13","47","47","47","[1, 1, 1, 1, 1, 2, 2, 3, 5, 5, 4, 4, 4, 4, 4, 4, 4, 2, 2, 9, 9, 13, 13, 26, 26, 22, 23, 23, 7, 1, 1, 1, 1, 1, 1]","[1, 1, 1, 1, 1, 2, 2, 3, 5, 5, 4, 4, 4, 4, 4, 4, 4, 2, 2, 9, 9, 13, 13, 26, 26, 22, 23, 23, 7, 1, 1, 1, 1, 1, 1]","[1, 1, 1, 1, 1, 2, 2, 3, 5, 5, 4, 4, 4, 4, 4, 4, 4, 2, 2, 9, 9, 13, 13, 26, 26, 22, 23, 23, 7, 1, 1, 1, 1, 1, 1]","13","13","13"
"493","108","126","35","True","False","91","101","35","True","True","94","100","36","True","True","0.07155936749129477","0.08673461956088069","19","11","7","53","44","41","[1, 1, 2, 2, 2, 26, 4, 4, 4, 4, 8, 8, 2, 2, 2, 2, 2, 4, 8, 8, 8, 8, 14, 18, 18, 18, 18, 18, 18, 38, 38, 9, 15, 15, 15]","[1, 1, 2, 2, 2, 2, 2, 2, 2, 2, 4, 4, 4, 4, 4, 8, 8, 8, 8, 8, 8, 9, 14, 15, 15, 15, 18, 18, 18, 18, 18, 18, 26, 38, 38]","[1, 1, 2, 2, 2, 8, 4, 4, 4, 4, 4, 4, 2, 2, 2, 2, 2, 4, 4, 4, 4, 4, 4, 4, 4, 4, 4, 4, 4, 12, 12, 4, 8, 8, 8, 4]","19","11","7"
"494","95","108","35","True","True","95","108","35","True","True","95","108","35","True","True","0.0","0.0","13","13","13","47","47","47","[1, 1, 1, 1, 2, 2, 2, 2, 6, 6, 6, 3, 2, 2, 2, 2, 3, 4, 4, 3, 2, 2, 2, 2, 2, 2, 2, 2, 4, 10, 10, 10, 10, 10, 10]","[1, 1, 1, 1, 2, 2, 2, 2, 6, 6, 6, 3, 2, 2, 2, 2, 3, 4, 4, 3, 2, 2, 2, 2, 2, 2, 2, 2, 4, 10, 10, 10, 10, 10, 10]","[1, 1, 1, 1, 2, 2, 2, 2, 6, 6, 6, 3, 2, 2, 2, 2, 3, 4, 4, 3, 2, 2, 2, 2, 2, 2, 2, 2, 4, 10, 10, 10, 10, 10, 10]","13","13","13"
"495","108","126","35","True","False","87","95","35","True","True","99","110","35","True","True","0.0395384230497704","0.10855642621624872","19","9","11","53","42","45","[1, 1, 1, 1, 1, 1, 1, 1, 1, 1, 1, 2, 3, 4, 4, 5, 5, 4, 3, 8, 8, 8, 8, 9, 9, 8, 4, 4, 5, 5, 40, 31, 31, 31, 1]","[1, 1, 1, 1, 1, 1, 1, 1, 1, 1, 1, 1, 2, 3, 3, 3, 3, 3, 4, 4, 4, 4, 4, 4, 7, 7, 7, 7, 7, 8, 8, 27, 27, 27, 35]","[1, 1, 1, 1, 1, 1, 1, 1, 1, 1, 1, 2, 3, 3, 3, 1, 1, 3, 3, 1, 1, 1, 1, 1, 1, 1, 1, 1, 1, 1, 7, 5, 5, 5, 1]","19","9","11"
"496","95","108","35","True","True","95","108","35","True","True","95","108","35","True","True","0.0","0.0","13","13","13","47","47","47","[1, 1, 2, 2, 1, 1, 1, 1, 1, 3, 3, 3, 3, 1, 1, 4, 7, 7, 7, 7, 9, 10, 10, 10, 10, 13, 13, 10, 1, 1, 3, 4, 4, 3, 3]","[1, 1, 2, 2, 1, 1, 1, 1, 1, 3, 3, 3, 3, 1, 1, 4, 7, 7, 7, 7, 9, 10, 10, 10, 10, 13, 13, 10, 1, 1, 3, 4, 4, 3, 3]","[1, 1, 2, 2, 1, 1, 1, 1, 1, 3, 3, 3, 3, 1, 1, 4, 7, 7, 7, 7, 9, 10, 10, 10, 10, 13, 13, 10, 1, 1, 3, 4, 4, 3, 3]","13","13","13"
"497","100","117","35","True","True","100","117","35","True","True","100","117","35","True","True","0.0","0.0","13","13","13","50","50","50","[1, 1, 1, 1, 1, 1, 1, 1, 1, 1, 3, 6, 7, 7, 7, 7, 5, 3, 4, 4, 4, 1, 1, 1, 1, 1, 1, 1, 6, 6, 4, 3, 3, 1, 1]","[1, 1, 1, 1, 1, 1, 1, 1, 1, 1, 3, 6, 7, 7, 7, 7, 5, 3, 4, 4, 4, 1, 1, 1, 1, 1, 1, 1, 6, 6, 4, 3, 3, 1, 1]","[1, 1, 1, 1, 1, 1, 1, 1, 1, 1, 3, 6, 7, 7, 7, 7, 5, 3, 4, 4, 4, 1, 1, 1, 1, 1, 1, 1, 6, 6, 4, 3, 3, 1, 1]","13","13","13"
"498","108","126","35","True","False","89","98","35","True","True","97","107","35","True","False","0.05172564765966148","0.0975795601968682","19","10","10","53","43","44","[1, 1, 1, 1, 1, 14, 14, 14, 2, 4, 4, 4, 2, 2, 2, 2, 2, 2, 3, 9, 9, 16, 16, 26, 26, 28, 28, 5, 5, 4, 4, 6, 6, 6, 2]","[1, 1, 1, 1, 1, 2, 2, 2, 2, 2, 2, 2, 2, 2, 4, 4, 4, 4, 4, 4, 4, 6, 6, 6, 8, 8, 11, 11, 11, 14, 14, 21, 21, 23, 23]","[1, 1, 1, 1, 1, 6, 6, 6, 2, 4, 4, 4, 2, 2, 2, 2, 2, 2, 2, 2, 2, 4, 4, 10, 10, 10, 10, 2, 2, 4, 4, 6, 6, 6, 2]","19","10","10"
"499","102","120","35","True","False","89","98","35","True","True","101","120","35","True","False","0.0","0.07926730385237035","15","10","15","51","43","51","[1, 1, 1, 1, 2, 3, 3, 1, 1, 1, 2, 2, 4, 4, 4, 5, 5, 5, 5, 10, 10, 10, 21, 21, 21, 28, 28, 23, 23, 23, 23, 23, 19, 4, 1]","[1, 1, 1, 1, 1, 1, 1, 1, 2, 2, 2, 3, 3, 4, 4, 4, 4, 5, 5, 5, 5, 10, 10, 10, 19, 21, 21, 21, 22, 22, 22, 22, 22, 27, 27]","[1, 1, 1, 1, 2, 3, 3, 1, 1, 1, 2, 2, 4, 4, 4, 5, 5, 5, 5, 10, 10, 10, 21, 21, 21, 27, 27, 22, 22, 22, 22, 22, 19, 4, 1]","15","10","15"
"500","95","107","35","True","True","95","107","35","True","True","95","107","35","True","True","0.0","0.0","13","13","13","46","46","46","[2, 2, 1, 1, 1, 2, 3, 3, 3, 3, 2, 2, 2, 4, 4, 4, 4, 2, 1, 2, 2, 1, 1, 1, 3, 3, 1, 2, 2, 10, 11, 11, 6, 6, 1]","[2, 2, 1, 1, 1, 2, 3, 3, 3, 3, 2, 2, 2, 4, 4, 4, 4, 2, 1, 2, 2, 1, 1, 1, 3, 3, 1, 2, 2, 10, 11, 11, 6, 6, 1]","[2, 2, 1, 1, 1, 2, 3, 3, 3, 3, 2, 2, 2, 4, 4, 4, 4, 2, 1, 2, 2, 1, 1, 1, 3, 3, 1, 2, 2, 10, 11, 11, 6, 6, 1]","13","13","13"
"501","100","118","35","True","True","100","118","35","True","True","100","118","35","True","True","0.0","0.0","13","13","13","51","51","51","[1, 1, 1, 1, 1, 1, 1, 2, 2, 2, 2, 4, 5, 5, 4, 2, 1, 1, 4, 4, 2, 1, 5, 5, 6, 9, 13, 13, 1, 1, 1, 1, 1, 1, 1]","[1, 1, 1, 1, 1, 1, 1, 2, 2, 2, 2, 4, 5, 5, 4, 2, 1, 1, 4, 4, 2, 1, 5, 5, 6, 9, 13, 13, 1, 1, 1, 1, 1, 1, 1]","[1, 1, 1, 1, 1, 1, 1, 2, 2, 2, 2, 4, 5, 5, 4, 2, 1, 1, 4, 4, 2, 1, 5, 5, 6, 9, 13, 13, 1, 1, 1, 1, 1, 1, 1]","13","13","13"
"502","95","107","35","True","True","95","107","35","True","True","95","107","35","True","True","0.0","0.0","13","13","13","46","46","46","[1, 1, 1, 1, 1, 1, 1, 1, 2, 2, 2, 1, 2, 2, 1, 1, 1, 1, 1, 1, 2, 5, 9, 21, 21, 21, 10, 8, 8, 8, 6, 7, 7, 7, 1]","[1, 1, 1, 1, 1, 1, 1, 1, 2, 2, 2, 1, 2, 2, 1, 1, 1, 1, 1, 1, 2, 5, 9, 21, 21, 21, 10, 8, 8, 8, 6, 7, 7, 7, 1]","[1, 1, 1, 1, 1, 1, 1, 1, 2, 2, 2, 1, 2, 2, 1, 1, 1, 1, 1, 1, 2, 5, 9, 21, 21, 21, 10, 8, 8, 8, 6, 7, 7, 7, 1]","13","13","13"
"503","95","107","35","True","True","95","107","35","True","True","95","107","35","True","True","0.0","0.0","13","13","13","46","46","46","[1, 1, 1, 1, 1, 1, 1, 2, 2, 2, 5, 5, 4, 5, 5, 5, 5, 5, 5, 5, 5, 5, 5, 3, 3, 3, 3, 3, 5, 6, 6, 13, 13, 13, 8]","[1, 1, 1, 1, 1, 1, 1, 2, 2, 2, 5, 5, 4, 5, 5, 5, 5, 5, 5, 5, 5, 5, 5, 3, 3, 3, 3, 3, 5, 6, 6, 13, 13, 13, 8]","[1, 1, 1, 1, 1, 1, 1, 2, 2, 2, 5, 5, 4, 5, 5, 5, 5, 5, 5, 5, 5, 5, 5, 3, 3, 3, 3, 3, 5, 6, 6, 13, 13, 13, 8]","13","13","13"
"504","95","108","35","True","True","95","108","35","True","True","95","108","35","True","True","0.0","0.0","13","13","13","47","47","47","[1, 2, 3, 5, 5, 9, 9, 9, 9, 9, 17, 17, 9, 9, 9, 9, 9, 11, 11, 11, 11, 11, 9, 8, 14, 14, 3, 1, 2, 11, 11, 2, 2, 1, 1]","[1, 2, 3, 5, 5, 9, 9, 9, 9, 9, 17, 17, 9, 9, 9, 9, 9, 11, 11, 11, 11, 11, 9, 8, 14, 14, 3, 1, 2, 11, 11, 2, 2, 1, 1]","[1, 2, 3, 5, 5, 9, 9, 9, 9, 9, 17, 17, 9, 9, 9, 9, 9, 11, 11, 11, 11, 11, 9, 8, 14, 14, 3, 1, 2, 11, 11, 2, 2, 1, 1]","13","13","13"
"505","108","126","35","True","False","91","101","35","True","True","101","109","39","True","True","0.03828487391557023","0.08673461956088069","19","11","9","53","44","46","[1, 1, 2, 2, 2, 2, 2, 2, 3, 3, 3, 3, 7, 7, 8, 9, 9, 9, 8, 8, 33, 11, 11, 11, 23, 23, 31, 31, 23, 6, 2, 1, 1, 1, 1]","[1, 1, 1, 1, 1, 1, 2, 2, 2, 2, 2, 2, 2, 3, 3, 3, 3, 6, 7, 7, 8, 8, 8, 9, 9, 9, 11, 11, 11, 23, 23, 23, 31, 31, 33]","[1, 1, 1, 1, 1, 1, 1, 1, 1, 1, 1, 1, 3, 3, 3, 3, 3, 3, 3, 3, 9, 3, 3, 3, 9, 9, 12, 12, 9, 3, 1, 1, 1, 1, 1, 1, 2, 1, 3]","19","11","9"
"506","102","120","35","True","False","85","92","35","True","True","101","120","35","True","False","0.0","0.10180616685054733","15","8","15","51","41","51","[1, 1, 1, 1, 1, 2, 2, 2, 2, 2, 3, 3, 3, 1, 1, 2, 2, 10, 2, 4, 4, 4, 10, 13, 13, 12, 12, 4, 7, 7, 9, 9, 4, 4, 2]","[1, 1, 1, 1, 1, 1, 1, 1, 1, 1, 1, 1, 2, 2, 2, 2, 2, 2, 2, 4, 4, 4, 4, 4, 4, 7, 7, 7, 8, 9, 9, 10, 10, 11, 11]","[1, 1, 1, 1, 1, 1, 1, 1, 1, 1, 2, 2, 2, 1, 1, 2, 2, 7, 2, 4, 4, 4, 8, 11, 11, 10, 10, 4, 7, 7, 9, 9, 4, 4, 2]","15","8","15"
"507","95","107","35","True","True","95","107","35","True","True","95","107","35","True","True","0.0","0.0","13","13","13","46","46","46","[1, 1, 1, 2, 2, 2, 3, 5, 5, 5, 5, 3, 8, 10, 10, 10, 10, 9, 18, 18, 41, 41, 41, 41, 9, 9, 9, 9, 8, 8, 14, 14, 14, 14, 11]","[1, 1, 1, 2, 2, 2, 3, 5, 5, 5, 5, 3, 8, 10, 10, 10, 10, 9, 18, 18, 41, 41, 41, 41, 9, 9, 9, 9, 8, 8, 14, 14, 14, 14, 11]","[1, 1, 1, 2, 2, 2, 3, 5, 5, 5, 5, 3, 8, 10, 10, 10, 10, 9, 18, 18, 41, 41, 41, 41, 9, 9, 9, 9, 8, 8, 14, 14, 14, 14, 11]","13","13","13"
"508","95","108","35","True","True","95","108","35","True","True","95","108","35","True","True","0.0","0.0","13","13","13","47","47","47","[1, 1, 1, 1, 1, 1, 1, 2, 2, 2, 1, 1, 1, 2, 2, 3, 3, 4, 4, 3, 3, 3, 4, 4, 4, 3, 3, 4, 4, 5, 5, 5, 5, 5, 5]","[1, 1, 1, 1, 1, 1, 1, 2, 2, 2, 1, 1, 1, 2, 2, 3, 3, 4, 4, 3, 3, 3, 4, 4, 4, 3, 3, 4, 4, 5, 5, 5, 5, 5, 5]","[1, 1, 1, 1, 1, 1, 1, 2, 2, 2, 1, 1, 1, 2, 2, 3, 3, 4, 4, 3, 3, 3, 4, 4, 4, 3, 3, 4, 4, 5, 5, 5, 5, 5, 5]","13","13","13"
"509","108","126","35","True","False","85","92","35","True","True","102","116","35","True","True","0.024710654296503543","0.11967015255291091","19","8","14","53","41","48","[1, 1, 2, 3, 3, 1, 2, 2, 2, 2, 2, 2, 17, 2, 2, 3, 9, 10, 10, 10, 5, 9, 9, 4, 3, 3, 3, 3, 2, 7, 7, 2, 2, 2, 1]","[1, 1, 1, 1, 1, 1, 1, 2, 2, 2, 2, 2, 2, 2, 2, 2, 2, 3, 3, 3, 3, 3, 3, 3, 4, 4, 6, 6, 7, 8, 8, 8, 9, 9, 15]","[1, 1, 1, 2, 2, 1, 1, 1, 1, 1, 1, 1, 10, 1, 1, 2, 5, 6, 6, 6, 3, 5, 5, 2, 2, 2, 1, 1, 1, 4, 4, 1, 1, 1, 1]","19","8","14"
"510","108","126","35","True","False","85","92","35","True","True","99","110","35","True","True","0.03988366556529477","0.11967015255291091","19","8","11","53","41","45","[1, 1, 3, 3, 3, 7, 1, 1, 2, 2, 1, 2, 4, 4, 4, 5, 5, 5, 5, 7, 22, 8, 8, 5, 4, 8, 12, 12, 4, 5, 5, 5, 4, 4, 1]","[1, 1, 1, 1, 1, 1, 1, 1, 2, 2, 2, 2, 4, 4, 4, 4, 4, 4, 4, 5, 5, 5, 5, 5, 5, 5, 5, 7, 7, 8, 8, 8, 12, 12, 22]","[1, 1, 2, 2, 2, 2, 1, 1, 1, 1, 1, 2, 1, 1, 1, 2, 2, 2, 2, 2, 5, 2, 2, 2, 1, 2, 3, 3, 1, 5, 5, 5, 4, 4, 1]","19","8","11"
"511","95","108","35","True","True","95","108","35","True","True","95","108","35","True","True","0.0","0.0","13","13","13","47","47","47","[1, 1, 1, 1, 1, 1, 1, 1, 1, 1, 1, 1, 1, 3, 4, 6, 6, 8, 9, 9, 10, 12, 12, 8, 8, 8, 8, 8, 1, 2, 2, 2, 2, 2, 1]","[1, 1, 1, 1, 1, 1, 1, 1, 1, 1, 1, 1, 1, 3, 4, 6, 6, 8, 9, 9, 10, 12, 12, 8, 8, 8, 8, 8, 1, 2, 2, 2, 2, 2, 1]","[1, 1, 1, 1, 1, 1, 1, 1, 1, 1, 1, 1, 1, 3, 4, 6, 6, 8, 9, 9, 10, 12, 12, 8, 8, 8, 8, 8, 1, 2, 2, 2, 2, 2, 1]","13","13","13"
"512","100","118","35","True","True","100","118","35","True","True","100","118","35","True","True","0.0","0.0","13","13","13","51","51","51","[1, 1, 1, 1, 1, 1, 2, 2, 1, 1, 1, 2, 2, 1, 2, 3, 3, 1, 1, 1, 2, 3, 3, 4, 4, 1, 7, 7, 4, 4, 3, 3, 1, 1, 1]","[1, 1, 1, 1, 1, 1, 2, 2, 1, 1, 1, 2, 2, 1, 2, 3, 3, 1, 1, 1, 2, 3, 3, 4, 4, 1, 7, 7, 4, 4, 3, 3, 1, 1, 1]","[1, 1, 1, 1, 1, 1, 2, 2, 1, 1, 1, 2, 2, 1, 2, 3, 3, 1, 1, 1, 2, 3, 3, 4, 4, 1, 7, 7, 4, 4, 3, 3, 1, 1, 1]","13","13","13"
"513","102","120","35","True","False","85","92","35","True","True","101","119","35","True","False","0.003826957749403004","0.10180616685054733","15","8","15","51","41","50","[1, 1, 1, 1, 1, 1, 2, 4, 4, 4, 4, 3, 3, 3, 4, 8, 22, 4, 1, 1, 1, 1, 1, 1, 7, 7, 2, 9, 9, 9, 3, 1, 1, 1, 1]","[1, 1, 1, 1, 1, 1, 1, 1, 1, 1, 1, 1, 1, 1, 1, 1, 2, 2, 3, 3, 3, 3, 4, 4, 4, 4, 4, 4, 7, 7, 8, 9, 9, 9, 22]","[1, 1, 1, 1, 1, 1, 2, 4, 4, 4, 4, 3, 3, 3, 4, 8, 22, 4, 1, 1, 1, 1, 1, 1, 7, 7, 2, 9, 9, 9, 3, 1, 1, 1, 1]","15","8","15"
"514","95","107","35","True","True","95","107","35","True","True","95","107","35","True","True","0.0","0.0","13","13","13","46","46","46","[1, 1, 1, 1, 1, 1, 1, 2, 3, 3, 3, 3, 3, 1, 3, 3, 5, 5, 3, 8, 13, 13, 13, 9, 8, 8, 3, 1, 1, 1, 1, 1, 1, 1, 1]","[1, 1, 1, 1, 1, 1, 1, 2, 3, 3, 3, 3, 3, 1, 3, 3, 5, 5, 3, 8, 13, 13, 13, 9, 8, 8, 3, 1, 1, 1, 1, 1, 1, 1, 1]","[1, 1, 1, 1, 1, 1, 1, 2, 3, 3, 3, 3, 3, 1, 3, 3, 5, 5, 3, 8, 13, 13, 13, 9, 8, 8, 3, 1, 1, 1, 1, 1, 1, 1, 1]","13","13","13"
"515","108","126","35","True","False","95","107","35","True","True","104","119","35","True","True","0.01822944367805135","0.06542219961264228","19","13","16","53","46","49","[1, 1, 1, 1, 1, 1, 2, 2, 2, 2, 7, 7, 17, 17, 7, 7, 3, 3, 3, 20, 20, 27, 27, 34, 51, 51, 51, 34, 8, 72, 3, 2, 2, 2, 2]","[1, 1, 1, 1, 1, 1, 2, 2, 2, 2, 2, 2, 2, 2, 3, 3, 3, 3, 7, 7, 7, 7, 8, 17, 17, 20, 20, 27, 27, 34, 34, 51, 51, 51, 72]","[1, 1, 1, 1, 1, 1, 1, 1, 1, 1, 3, 3, 8, 8, 3, 3, 1, 1, 1, 8, 8, 12, 12, 14, 22, 22, 22, 14, 3, 32, 1, 1, 1, 1, 1]","19","13","16"
"516","108","126","35","True","False","83","89","35","True","True","102","116","35","True","True","0.025050646088030426","0.13092598970393565","19","7","14","53","40","48","[1, 1, 1, 1, 1, 1, 1, 1, 2, 3, 3, 3, 1, 1, 1, 9, 9, 9, 9, 12, 12, 12, 9, 9, 33, 33, 33, 5, 5, 5, 3, 3, 1, 1, 1]","[1, 1, 1, 1, 1, 1, 1, 1, 1, 1, 1, 1, 1, 1, 1, 2, 2, 2, 3, 3, 5, 5, 5, 7, 7, 7, 7, 7, 7, 9, 9, 9, 27, 27, 27]","[1, 1, 1, 1, 1, 1, 1, 1, 1, 2, 2, 2, 1, 1, 1, 7, 7, 7, 7, 9, 9, 9, 7, 7, 26, 26, 26, 1, 1, 1, 3, 3, 1, 1, 1]","19","7","14"
"517","95","108","35","True","True","95","108","35","True","True","95","108","35","True","True","0.0","0.0","13","13","13","47","47","47","[1, 1, 1, 1, 1, 1, 1, 1, 1, 2, 2, 2, 4, 5, 6, 6, 5, 2, 2, 2, 6, 6, 3, 2, 2, 2, 2, 1, 1, 1, 2, 3, 3, 3, 1]","[1, 1, 1, 1, 1, 1, 1, 1, 1, 2, 2, 2, 4, 5, 6, 6, 5, 2, 2, 2, 6, 6, 3, 2, 2, 2, 2, 1, 1, 1, 2, 3, 3, 3, 1]","[1, 1, 1, 1, 1, 1, 1, 1, 1, 2, 2, 2, 4, 5, 6, 6, 5, 2, 2, 2, 6, 6, 3, 2, 2, 2, 2, 1, 1, 1, 2, 3, 3, 3, 1]","13","13","13"
"518","108","126","35","True","False","87","95","35","True","True","97","106","35","True","True","0.05001899845897073","0.10855642621624872","19","9","9","53","42","43","[10, 1, 1, 1, 2, 2, 1, 1, 1, 1, 1, 2, 2, 7, 7, 15, 15, 7, 14, 14, 32, 17, 17, 16, 14, 1, 1, 1, 1, 1, 1, 1, 1, 1, 1]","[1, 1, 1, 1, 1, 1, 1, 1, 1, 1, 1, 1, 1, 1, 1, 1, 1, 1, 2, 2, 2, 2, 6, 6, 6, 8, 12, 12, 12, 13, 13, 14, 15, 15, 28]","[5, 1, 1, 1, 2, 2, 1, 1, 1, 1, 1, 2, 2, 4, 4, 8, 8, 4, 8, 8, 17, 9, 9, 9, 8, 1, 1, 1, 1, 1, 1, 1, 1, 1, 1]","19","9","9"
"519","95","108","35","True","True","95","108","35","True","True","95","108","35","True","True","0.0","0.0","13","13","13","47","47","47","[1, 1, 1, 2, 2, 2, 2, 2, 2, 4, 8, 8, 8, 4, 4, 4, 4, 4, 4, 2, 10, 11, 11, 11, 12, 12, 12, 17, 18, 19, 23, 23, 23, 2, 1]","[1, 1, 1, 2, 2, 2, 2, 2, 2, 4, 8, 8, 8, 4, 4, 4, 4, 4, 4, 2, 10, 11, 11, 11, 12, 12, 12, 17, 18, 19, 23, 23, 23, 2, 1]","[1, 1, 1, 2, 2, 2, 2, 2, 2, 4, 8, 8, 8, 4, 4, 4, 4, 4, 4, 2, 10, 11, 11, 11, 12, 12, 12, 17, 18, 19, 23, 23, 23, 2, 1]","13","13","13"
"520","108","126","35","True","False","91","101","35","True","True","107","126","35","True","False","0.0","0.08673461956088069","19","11","19","53","44","53","[1, 1, 1, 1, 1, 1, 1, 2, 4, 4, 3, 2, 2, 3, 5, 6, 9, 9, 9, 9, 14, 17, 41, 41, 17, 17, 7, 7, 1, 1, 1, 1, 1, 1, 1]","[1, 1, 1, 1, 1, 1, 1, 1, 1, 1, 1, 1, 1, 1, 2, 2, 2, 3, 3, 4, 4, 5, 6, 7, 7, 9, 9, 9, 9, 14, 16, 16, 16, 38, 38]","[1, 1, 1, 1, 1, 1, 1, 2, 4, 4, 3, 2, 2, 3, 5, 6, 9, 9, 9, 9, 14, 16, 38, 38, 16, 16, 7, 7, 1, 1, 1, 1, 1, 1, 1]","19","11","19"
"521","108","126","35","True","False","91","101","35","True","True","97","104","37","True","True","0.05693957473931699","0.08673461956088069","19","11","8","53","44","43","[1, 1, 1, 2, 2, 1, 5, 5, 1, 1, 2, 2, 3, 3, 3, 4, 7, 7, 5, 7, 9, 9, 11, 12, 13, 13, 13, 11, 11, 11, 11, 5, 21, 2, 1]","[1, 1, 1, 1, 1, 1, 1, 2, 2, 2, 2, 2, 3, 3, 3, 4, 5, 5, 5, 5, 7, 7, 7, 9, 9, 11, 11, 11, 11, 11, 12, 13, 13, 13, 21]","[1, 1, 1, 2, 2, 1, 2, 2, 1, 1, 2, 2, 3, 3, 3, 1, 1, 1, 1, 1, 1, 1, 1, 2, 2, 2, 2, 1, 1, 1, 1, 1, 4, 2, 1, 3, 2]","19","11","8"
"522","102","120","35","True","False","91","101","35","True","True","101","120","35","True","False","0.0","0.06820229358563479","15","11","15","51","44","51","[1, 1, 1, 1, 1, 1, 1, 2, 4, 5, 5, 5, 6, 6, 5, 22, 22, 28, 28, 28, 29, 29, 28, 32, 32, 40, 3, 2, 24, 24, 1, 1, 1, 1, 1]","[1, 1, 1, 1, 1, 1, 1, 1, 1, 1, 1, 1, 2, 2, 3, 4, 4, 4, 4, 4, 5, 5, 18, 18, 20, 20, 23, 23, 23, 23, 23, 23, 26, 26, 33]","[1, 1, 1, 1, 1, 1, 1, 2, 4, 4, 4, 4, 5, 5, 4, 18, 18, 23, 23, 23, 23, 23, 23, 26, 26, 33, 3, 2, 20, 20, 1, 1, 1, 1, 1]","15","11","15"
"523","95","108","35","True","True","95","108","35","True","True","95","108","35","True","True","0.0","0.0","13","13","13","47","47","47","[1, 1, 1, 1, 1, 1, 2, 3, 3, 4, 5, 5, 5, 5, 5, 4, 7, 7, 7, 7, 4, 7, 7, 7, 7, 5, 15, 18, 18, 18, 15, 15, 1, 1, 1]","[1, 1, 1, 1, 1, 1, 2, 3, 3, 4, 5, 5, 5, 5, 5, 4, 7, 7, 7, 7, 4, 7, 7, 7, 7, 5, 15, 18, 18, 18, 15, 15, 1, 1, 1]","[1, 1, 1, 1, 1, 1, 2, 3, 3, 4, 5, 5, 5, 5, 5, 4, 7, 7, 7, 7, 4, 7, 7, 7, 7, 5, 15, 18, 18, 18, 15, 15, 1, 1, 1]","13","13","13"
"524","95","108","35","True","True","95","108","35","True","True","95","108","35","True","True","0.0","0.0","13","13","13","47","47","47","[1, 1, 1, 1, 1, 1, 2, 2, 2, 2, 4, 5, 5, 5, 5, 5, 9, 9, 9, 9, 14, 14, 9, 9, 18, 18, 18, 37, 37, 5, 4, 4, 4, 1, 1]","[1, 1, 1, 1, 1, 1, 2, 2, 2, 2, 4, 5, 5, 5, 5, 5, 9, 9, 9, 9, 14, 14, 9, 9, 18, 18, 18, 37, 37, 5, 4, 4, 4, 1, 1]","[1, 1, 1, 1, 1, 1, 2, 2, 2, 2, 4, 5, 5, 5, 5, 5, 9, 9, 9, 9, 14, 14, 9, 9, 18, 18, 18, 37, 37, 5, 4, 4, 4, 1, 1]","13","13","13"
"525","102","120","35","True","False","87","95","35","True","True","101","120","35","True","False","0.0","0.09046691658219763","15","9","15","51","42","51","[1, 1, 1, 1, 1, 1, 17, 3, 3, 3, 4, 4, 4, 6, 6, 6, 10, 10, 11, 19, 19, 4, 4, 4, 4, 7, 7, 8, 16, 16, 16, 4, 4, 3, 2]","[1, 1, 1, 1, 1, 1, 1, 2, 2, 2, 2, 3, 3, 3, 3, 3, 3, 3, 3, 3, 4, 4, 4, 5, 5, 6, 7, 7, 8, 12, 12, 12, 12, 14, 14]","[1, 1, 1, 1, 1, 1, 12, 2, 2, 2, 3, 3, 3, 4, 4, 4, 7, 7, 8, 14, 14, 3, 3, 3, 3, 5, 5, 6, 12, 12, 12, 3, 3, 2, 1]","15","9","15"
"526","108","126","35","True","False","91","101","35","True","True","98","108","35","True","True","0.04559024111558896","0.08673461956088069","19","11","10","53","44","44","[1, 1, 1, 1, 2, 2, 2, 3, 3, 3, 3, 3, 3, 3, 3, 4, 4, 4, 4, 8, 10, 29, 29, 38, 38, 16, 31, 32, 32, 32, 32, 10, 4, 2, 1]","[1, 1, 1, 1, 1, 2, 2, 2, 2, 3, 3, 3, 3, 3, 3, 3, 3, 4, 4, 4, 4, 4, 7, 9, 9, 15, 27, 27, 29, 30, 30, 30, 30, 34, 34]","[1, 1, 1, 1, 2, 2, 2, 3, 3, 3, 3, 3, 3, 3, 3, 4, 4, 4, 4, 4, 4, 12, 12, 16, 16, 8, 16, 16, 16, 16, 16, 4, 4, 2, 1]","19","11","10"
"527","108","126","35","True","False","79","83","35","True","True","103","118","35","True","True","0.0196761706916333","0.15388675373575367","19","5","15","53","38","49","[1, 1, 1, 1, 1, 6, 1, 1, 1, 1, 1, 1, 2, 3, 3, 3, 3, 3, 3, 3, 6, 7, 7, 7, 3, 2, 6, 9, 9, 8, 8, 5, 5, 5, 3]","[1, 1, 1, 1, 1, 1, 1, 1, 1, 1, 1, 1, 1, 2, 2, 2, 2, 2, 2, 2, 2, 2, 3, 3, 3, 4, 5, 5, 5, 5, 5, 5, 5, 7, 7]","[1, 1, 1, 1, 1, 5, 1, 1, 1, 1, 1, 1, 1, 2, 2, 2, 2, 2, 2, 2, 4, 4, 4, 4, 2, 1, 4, 6, 6, 5, 5, 3, 3, 3, 2]","19","5","15"
"528","95","108","35","True","True","95","108","35","True","True","95","108","35","True","True","0.0","0.0","13","13","13","47","47","47","[1, 1, 1, 1, 1, 1, 1, 2, 2, 2, 2, 2, 2, 3, 3, 1, 1, 1, 4, 5, 5, 5, 1, 2, 2, 3, 3, 4, 4, 4, 4, 4, 4, 1, 1]","[1, 1, 1, 1, 1, 1, 1, 2, 2, 2, 2, 2, 2, 3, 3, 1, 1, 1, 4, 5, 5, 5, 1, 2, 2, 3, 3, 4, 4, 4, 4, 4, 4, 1, 1]","[1, 1, 1, 1, 1, 1, 1, 2, 2, 2, 2, 2, 2, 3, 3, 1, 1, 1, 4, 5, 5, 5, 1, 2, 2, 3, 3, 4, 4, 4, 4, 4, 4, 1, 1]","13","13","13"
"529","108","126","35","True","False","83","89","35","True","True","93","100","35","True","True","0.0707536851842151","0.13092598970393565","19","7","7","53","40","41","[1, 1, 1, 1, 1, 1, 1, 3, 3, 1, 2, 3, 3, 6, 6, 8, 9, 26, 26, 8, 1, 8, 8, 1, 2, 2, 2, 2, 2, 1, 1, 1, 1, 1, 1]","[1, 1, 1, 1, 1, 1, 1, 1, 1, 1, 1, 1, 1, 1, 1, 1, 2, 2, 2, 2, 2, 2, 2, 2, 3, 3, 5, 5, 7, 7, 7, 7, 8, 23, 23]","[1, 1, 1, 1, 1, 1, 1, 1, 1, 1, 2, 3, 3, 1, 1, 1, 1, 5, 5, 1, 1, 1, 2, 2, 2, 2, 2, 1, 1, 1, 1, 1, 1, 2, 2]","19","7","7"
"530","100","118","35","True","True","100","118","35","True","True","100","118","35","True","True","0.0","0.0","13","13","13","51","51","51","[1, 1, 2, 2, 2, 2, 2, 2, 8, 8, 2, 2, 2, 2, 2, 2, 2, 2, 2, 2, 2, 2, 2, 2, 5, 5, 3, 2, 4, 4, 7, 7, 9, 9, 9]","[1, 1, 2, 2, 2, 2, 2, 2, 8, 8, 2, 2, 2, 2, 2, 2, 2, 2, 2, 2, 2, 2, 2, 2, 5, 5, 3, 2, 4, 4, 7, 7, 9, 9, 9]","[1, 1, 2, 2, 2, 2, 2, 2, 8, 8, 2, 2, 2, 2, 2, 2, 2, 2, 2, 2, 2, 2, 2, 2, 5, 5, 3, 2, 4, 4, 7, 7, 9, 9, 9]","13","13","13"
"531","95","108","35","True","True","95","108","35","True","True","95","108","35","True","True","0.0","0.0","13","13","13","47","47","47","[1, 1, 2, 3, 3, 3, 3, 3, 4, 4, 4, 10, 10, 10, 10, 10, 10, 4, 4, 3, 3, 3, 3, 5, 5, 5, 2, 8, 8, 13, 14, 14, 1, 1, 1]","[1, 1, 2, 3, 3, 3, 3, 3, 4, 4, 4, 10, 10, 10, 10, 10, 10, 4, 4, 3, 3, 3, 3, 5, 5, 5, 2, 8, 8, 13, 14, 14, 1, 1, 1]","[1, 1, 2, 3, 3, 3, 3, 3, 4, 4, 4, 10, 10, 10, 10, 10, 10, 4, 4, 3, 3, 3, 3, 5, 5, 5, 2, 8, 8, 13, 14, 14, 1, 1, 1]","13","13","13"
"532","102","120","35","True","False","83","89","35","True","True","101","120","35","True","False","0.0","0.11329041169956988","15","7","15","51","40","51","[1, 1, 1, 1, 1, 1, 1, 1, 1, 2, 2, 6, 6, 3, 2, 1, 1, 1, 3, 4, 5, 5, 8, 8, 8, 5, 5, 5, 5, 2, 13, 13, 27, 2, 2]","[1, 1, 1, 1, 1, 1, 1, 1, 1, 1, 1, 1, 1, 1, 1, 2, 2, 2, 2, 3, 3, 4, 4, 4, 4, 4, 4, 4, 4, 6, 6, 6, 10, 10, 21]","[1, 1, 1, 1, 1, 1, 1, 1, 1, 2, 2, 4, 4, 3, 2, 1, 1, 1, 2, 3, 4, 4, 6, 6, 6, 4, 4, 4, 4, 1, 10, 10, 21, 1, 1]","15","7","15"
"533","102","120","35","True","False","85","92","35","True","True","101","120","35","True","False","0.0","0.10180616685054733","15","8","15","51","41","51","[1, 1, 1, 1, 2, 3, 3, 4, 4, 4, 4, 4, 4, 4, 12, 12, 9, 9, 4, 3, 3, 3, 3, 5, 5, 9, 12, 12, 9, 12, 16, 36, 16, 2, 2]","[1, 1, 1, 1, 1, 1, 1, 2, 2, 2, 2, 2, 2, 2, 2, 2, 2, 2, 2, 2, 2, 3, 3, 5, 5, 5, 5, 6, 6, 7, 7, 7, 9, 9, 19]","[1, 1, 1, 1, 1, 2, 2, 2, 2, 2, 2, 2, 2, 2, 6, 6, 5, 5, 2, 2, 2, 2, 2, 3, 3, 5, 7, 7, 5, 7, 9, 19, 9, 1, 1]","15","8","15"
"534","95","108","35","True","True","95","108","35","True","True","95","108","35","True","True","0.0","0.0","13","13","13","47","47","47","[1, 1, 1, 1, 2, 2, 1, 1, 1, 1, 2, 2, 3, 3, 4, 5, 10, 10, 10, 10, 5, 5, 9, 9, 9, 9, 4, 4, 4, 10, 10, 4, 3, 3, 2]","[1, 1, 1, 1, 2, 2, 1, 1, 1, 1, 2, 2, 3, 3, 4, 5, 10, 10, 10, 10, 5, 5, 9, 9, 9, 9, 4, 4, 4, 10, 10, 4, 3, 3, 2]","[1, 1, 1, 1, 2, 2, 1, 1, 1, 1, 2, 2, 3, 3, 4, 5, 10, 10, 10, 10, 5, 5, 9, 9, 9, 9, 4, 4, 4, 10, 10, 4, 3, 3, 2]","13","13","13"
"535","108","126","35","True","False","93","104","35","True","True","94","101","35","True","True","0.06622658092896039","0.07601695900696281","19","12","7","53","45","41","[1, 1, 1, 2, 2, 2, 5, 7, 7, 7, 7, 14, 15, 46, 46, 15, 14, 14, 14, 14, 14, 7, 7, 23, 23, 23, 51, 28, 28, 29, 29, 28, 7, 7, 2]","[1, 1, 1, 2, 2, 2, 2, 4, 6, 6, 6, 6, 6, 6, 6, 6, 12, 12, 12, 12, 12, 12, 13, 13, 20, 20, 20, 24, 24, 24, 25, 25, 40, 40, 44]","[1, 1, 1, 2, 2, 2, 4, 6, 6, 6, 6, 12, 12, 12, 12, 12, 12, 12, 12, 12, 12, 6, 6, 6, 6, 6, 12, 6, 6, 6, 6, 6, 6, 6, 2]","19","12","7"
"536","95","108","35","True","True","95","108","35","True","True","95","108","35","True","True","0.0","0.0","13","13","13","47","47","47","[1, 1, 1, 1, 1, 1, 1, 1, 1, 1, 2, 5, 5, 4, 2, 2, 1, 2, 2, 4, 4, 2, 1, 1, 2, 8, 8, 7, 7, 11, 11, 11, 7, 7, 2]","[1, 1, 1, 1, 1, 1, 1, 1, 1, 1, 2, 5, 5, 4, 2, 2, 1, 2, 2, 4, 4, 2, 1, 1, 2, 8, 8, 7, 7, 11, 11, 11, 7, 7, 2]","[1, 1, 1, 1, 1, 1, 1, 1, 1, 1, 2, 5, 5, 4, 2, 2, 1, 2, 2, 4, 4, 2, 1, 1, 2, 8, 8, 7, 7, 11, 11, 11, 7, 7, 2]","13","13","13"
"537","108","126","35","True","False","95","107","35","True","True","97","105","35","True","True","0.05560292926353372","0.06542219961264228","19","13","9","53","46","42","[1, 1, 1, 1, 1, 1, 1, 1, 2, 2, 2, 5, 5, 5, 3, 5, 5, 6, 6, 21, 32, 34, 34, 34, 40, 40, 69, 69, 35, 35, 35, 35, 1, 1, 1]","[1, 1, 1, 1, 1, 1, 1, 1, 1, 1, 1, 2, 2, 2, 3, 5, 5, 5, 5, 5, 6, 6, 21, 32, 34, 34, 34, 35, 35, 35, 35, 40, 40, 69, 69]","[1, 1, 1, 1, 1, 1, 1, 1, 2, 2, 2, 2, 2, 2, 2, 2, 2, 2, 2, 8, 12, 14, 14, 14, 16, 16, 28, 28, 14, 14, 14, 14, 1, 1, 1]","19","13","9"
"538","95","108","35","True","True","95","108","35","True","True","95","108","35","True","True","0.0","0.0","13","13","13","47","47","47","[1, 1, 1, 3, 3, 3, 3, 3, 3, 1, 1, 3, 6, 6, 3, 3, 2, 1, 1, 2, 2, 2, 6, 8, 8, 11, 11, 2, 1, 1, 2, 2, 2, 2, 1]","[1, 1, 1, 3, 3, 3, 3, 3, 3, 1, 1, 3, 6, 6, 3, 3, 2, 1, 1, 2, 2, 2, 6, 8, 8, 11, 11, 2, 1, 1, 2, 2, 2, 2, 1]","[1, 1, 1, 3, 3, 3, 3, 3, 3, 1, 1, 3, 6, 6, 3, 3, 2, 1, 1, 2, 2, 2, 6, 8, 8, 11, 11, 2, 1, 1, 2, 2, 2, 2, 1]","13","13","13"
"539","108","126","35","True","False","87","95","35","True","True","101","113","35","True","False","0.035030171283097045","0.10855642621624872","19","9","13","53","42","47","[1, 1, 1, 1, 1, 2, 2, 3, 3, 3, 3, 1, 1, 1, 1, 2, 14, 14, 15, 15, 9, 2, 2, 1, 1, 1, 1, 1, 1, 4, 7, 7, 2, 6, 2]","[1, 1, 1, 1, 1, 1, 1, 1, 1, 1, 1, 1, 1, 1, 1, 2, 2, 2, 2, 2, 2, 2, 3, 3, 3, 3, 4, 6, 7, 7, 9, 14, 14, 15, 15]","[1, 1, 1, 1, 1, 1, 1, 2, 2, 2, 2, 1, 1, 1, 1, 1, 8, 8, 9, 9, 5, 2, 2, 1, 1, 1, 1, 1, 1, 2, 4, 4, 1, 4, 1]","19","9","13"
"540","95","108","35","True","True","95","108","35","True","True","95","108","35","True","True","0.0","0.0","13","13","13","47","47","47","[1, 1, 1, 1, 1, 6, 6, 6, 6, 6, 6, 6, 6, 9, 33, 33, 27, 27, 27, 27, 27, 27, 27, 27, 21, 8, 35, 35, 35, 35, 4, 4, 3, 3, 3]","[1, 1, 1, 1, 1, 6, 6, 6, 6, 6, 6, 6, 6, 9, 33, 33, 27, 27, 27, 27, 27, 27, 27, 27, 21, 8, 35, 35, 35, 35, 4, 4, 3, 3, 3]","[1, 1, 1, 1, 1, 6, 6, 6, 6, 6, 6, 6, 6, 9, 33, 33, 27, 27, 27, 27, 27, 27, 27, 27, 21, 8, 35, 35, 35, 35, 4, 4, 3, 3, 3]","13","13","13"
"541","100","118","35","True","True","100","118","35","True","True","100","118","35","True","True","0.0","0.0","13","13","13","51","51","51","[1, 1, 1, 1, 1, 3, 5, 5, 4, 3, 3, 1, 2, 2, 2, 2, 2, 2, 2, 6, 6, 1, 2, 2, 2, 3, 3, 3, 3, 3, 5, 7, 7, 7, 2]","[1, 1, 1, 1, 1, 3, 5, 5, 4, 3, 3, 1, 2, 2, 2, 2, 2, 2, 2, 6, 6, 1, 2, 2, 2, 3, 3, 3, 3, 3, 5, 7, 7, 7, 2]","[1, 1, 1, 1, 1, 3, 5, 5, 4, 3, 3, 1, 2, 2, 2, 2, 2, 2, 2, 6, 6, 1, 2, 2, 2, 3, 3, 3, 3, 3, 5, 7, 7, 7, 2]","13","13","13"
"542","108","126","35","True","False","99","113","35","True","True","102","115","35","True","False","0.02993399608709235","0.04458507712871973","19","15","14","53","48","47","[1, 1, 1, 2, 2, 2, 2, 2, 2, 2, 2, 2, 34, 2, 43, 4, 6, 13, 15, 17, 17, 19, 19, 21, 21, 38, 38, 40, 40, 13, 13, 13, 8, 2, 2]","[1, 1, 1, 2, 2, 2, 2, 2, 2, 2, 2, 2, 2, 2, 2, 4, 6, 8, 13, 13, 13, 13, 15, 17, 17, 19, 19, 21, 21, 34, 38, 38, 40, 40, 43]","[1, 1, 1, 2, 2, 2, 2, 2, 2, 2, 2, 2, 28, 2, 32, 4, 6, 12, 12, 12, 12, 14, 14, 16, 16, 28, 28, 30, 30, 12, 12, 12, 8, 2, 2]","19","15","14"
"543","95","108","35","True","True","95","108","35","True","True","95","108","35","True","True","0.0","0.0","13","13","13","47","47","47","[1, 1, 1, 1, 1, 1, 2, 2, 3, 4, 5, 5, 5, 10, 10, 5, 5, 3, 1, 1, 1, 1, 14, 14, 5, 1, 1, 1, 2, 2, 1, 1, 6, 6, 6]","[1, 1, 1, 1, 1, 1, 2, 2, 3, 4, 5, 5, 5, 10, 10, 5, 5, 3, 1, 1, 1, 1, 14, 14, 5, 1, 1, 1, 2, 2, 1, 1, 6, 6, 6]","[1, 1, 1, 1, 1, 1, 2, 2, 3, 4, 5, 5, 5, 10, 10, 5, 5, 3, 1, 1, 1, 1, 14, 14, 5, 1, 1, 1, 2, 2, 1, 1, 6, 6, 6]","13","13","13"
"544","100","117","35","True","True","100","117","35","True","True","100","117","35","True","True","0.0","0.0","13","13","13","50","50","50","[1, 1, 2, 2, 2, 4, 4, 4, 4, 2, 2, 4, 4, 4, 4, 4, 8, 9, 9, 9, 9, 13, 13, 9, 9, 9, 27, 27, 13, 13, 9, 9, 8, 8, 1]","[1, 1, 2, 2, 2, 4, 4, 4, 4, 2, 2, 4, 4, 4, 4, 4, 8, 9, 9, 9, 9, 13, 13, 9, 9, 9, 27, 27, 13, 13, 9, 9, 8, 8, 1]","[1, 1, 2, 2, 2, 4, 4, 4, 4, 2, 2, 4, 4, 4, 4, 4, 8, 9, 9, 9, 9, 13, 13, 9, 9, 9, 27, 27, 13, 13, 9, 9, 8, 8, 1]","13","13","13"
"545","95","108","35","True","True","95","108","35","True","True","95","108","35","True","True","0.0","0.0","13","13","13","47","47","47","[1, 1, 1, 1, 1, 1, 1, 1, 1, 1, 1, 1, 2, 3, 3, 1, 1, 1, 1, 1, 6, 7, 7, 14, 14, 7, 7, 14, 14, 5, 4, 4, 9, 9, 9]","[1, 1, 1, 1, 1, 1, 1, 1, 1, 1, 1, 1, 2, 3, 3, 1, 1, 1, 1, 1, 6, 7, 7, 14, 14, 7, 7, 14, 14, 5, 4, 4, 9, 9, 9]","[1, 1, 1, 1, 1, 1, 1, 1, 1, 1, 1, 1, 2, 3, 3, 1, 1, 1, 1, 1, 6, 7, 7, 14, 14, 7, 7, 14, 14, 5, 4, 4, 9, 9, 9]","13","13","13"
"546","95","107","35","True","True","95","107","35","True","True","95","107","35","True","True","0.0","0.0","13","13","13","46","46","46","[1, 1, 1, 1, 1, 1, 2, 2, 2, 2, 3, 3, 2, 5, 5, 3, 6, 6, 6, 12, 12, 9, 9, 9, 19, 23, 23, 21, 21, 19, 3, 3, 1, 1, 1]","[1, 1, 1, 1, 1, 1, 2, 2, 2, 2, 3, 3, 2, 5, 5, 3, 6, 6, 6, 12, 12, 9, 9, 9, 19, 23, 23, 21, 21, 19, 3, 3, 1, 1, 1]","[1, 1, 1, 1, 1, 1, 2, 2, 2, 2, 3, 3, 2, 5, 5, 3, 6, 6, 6, 12, 12, 9, 9, 9, 19, 23, 23, 21, 21, 19, 3, 3, 1, 1, 1]","13","13","13"
"547","95","107","35","True","True","95","107","35","True","True","95","107","35","True","True","0.0","0.0","13","13","13","46","46","46","[1, 1, 1, 1, 1, 2, 2, 2, 4, 4, 4, 2, 2, 2, 2, 2, 4, 8, 8, 8, 2, 4, 4, 4, 4, 2, 6, 8, 10, 10, 10, 12, 12, 12, 2]","[1, 1, 1, 1, 1, 2, 2, 2, 4, 4, 4, 2, 2, 2, 2, 2, 4, 8, 8, 8, 2, 4, 4, 4, 4, 2, 6, 8, 10, 10, 10, 12, 12, 12, 2]","[1, 1, 1, 1, 1, 2, 2, 2, 4, 4, 4, 2, 2, 2, 2, 2, 4, 8, 8, 8, 2, 4, 4, 4, 4, 2, 6, 8, 10, 10, 10, 12, 12, 12, 2]","13","13","13"
"548","108","126","35","True","False","91","101","35","True","True","107","125","35","True","False","0.0036759664099588196","0.08673461956088069","19","11","19","53","44","52","[1, 1, 1, 1, 2, 2, 2, 5, 5, 5, 6, 6, 6, 5, 2, 9, 16, 16, 9, 10, 10, 16, 16, 1, 6, 6, 6, 6, 49, 21, 6, 1, 1, 1, 1]","[1, 1, 1, 1, 1, 1, 1, 1, 1, 2, 2, 2, 2, 5, 5, 5, 5, 6, 6, 6, 6, 6, 6, 6, 6, 9, 9, 10, 10, 16, 16, 16, 16, 21, 49]","[1, 1, 1, 1, 2, 2, 2, 5, 5, 5, 6, 6, 6, 5, 2, 9, 16, 16, 9, 10, 10, 16, 16, 1, 6, 6, 6, 6, 49, 21, 6, 1, 1, 1, 1]","19","11","19"
"549","102","120","35","True","False","93","104","35","True","True","101","120","35","True","False","0.0","0.057267146216458675","15","12","15","51","45","51","[1, 1, 1, 1, 3, 3, 3, 6, 7, 7, 15, 15, 10, 10, 7, 2, 2, 1, 1, 8, 9, 16, 16, 16, 12, 12, 12, 9, 9, 9, 49, 49, 10, 10, 10]","[1, 1, 1, 1, 1, 1, 1, 1, 2, 2, 2, 4, 5, 5, 5, 6, 7, 7, 7, 7, 7, 7, 8, 8, 8, 9, 9, 9, 11, 11, 12, 12, 12, 37, 37]","[1, 1, 1, 1, 2, 2, 2, 4, 5, 5, 11, 11, 7, 7, 5, 1, 1, 1, 1, 6, 7, 12, 12, 12, 9, 9, 9, 7, 7, 7, 37, 37, 8, 8, 8]","15","12","15"
"550","95","107","35","True","True","95","107","35","True","True","95","107","35","True","True","0.0","0.0","13","13","13","46","46","46","[1, 1, 1, 1, 2, 2, 2, 5, 8, 8, 2, 2, 2, 2, 2, 2, 4, 13, 14, 14, 15, 15, 18, 18, 18, 15, 6, 6, 6, 6, 2, 2, 2, 2, 1]","[1, 1, 1, 1, 2, 2, 2, 5, 8, 8, 2, 2, 2, 2, 2, 2, 4, 13, 14, 14, 15, 15, 18, 18, 18, 15, 6, 6, 6, 6, 2, 2, 2, 2, 1]","[1, 1, 1, 1, 2, 2, 2, 5, 8, 8, 2, 2, 2, 2, 2, 2, 4, 13, 14, 14, 15, 15, 18, 18, 18, 15, 6, 6, 6, 6, 2, 2, 2, 2, 1]","13","13","13"
"551","108","126","35","True","False","91","101","35","True","True","100","113","35","True","True","0.035030171283097045","0.08673461956088069","19","11","13","53","44","47","[1, 1, 1, 1, 1, 1, 1, 1, 1, 3, 3, 19, 1, 2, 2, 2, 2, 2, 13, 13, 13, 14, 28, 29, 29, 28, 28, 11, 3, 13, 13, 13, 13, 1, 1]","[1, 1, 1, 1, 1, 1, 1, 1, 1, 1, 1, 1, 2, 2, 2, 2, 2, 2, 2, 3, 10, 12, 12, 12, 12, 12, 12, 12, 13, 17, 26, 26, 26, 27, 27]","[1, 1, 1, 1, 1, 1, 1, 1, 1, 2, 2, 11, 1, 1, 1, 1, 1, 1, 7, 7, 7, 7, 15, 16, 16, 15, 15, 5, 1, 7, 7, 7, 7, 1, 1]","19","11","13"
"552","108","126","35","True","False","83","89","35","True","True","98","108","35","True","True","0.050230100362526175","0.13092598970393565","19","7","11","53","40","44","[1, 1, 1, 1, 1, 1, 2, 2, 2, 2, 1, 3, 4, 4, 1, 5, 5, 2, 8, 2, 1, 2, 9, 10, 10, 9, 1, 1, 2, 4, 4, 10, 10, 10, 1]","[1, 1, 1, 1, 1, 1, 1, 1, 1, 1, 1, 1, 2, 2, 2, 2, 2, 2, 2, 2, 3, 4, 4, 4, 4, 5, 5, 8, 9, 9, 10, 10, 10, 10, 10]","[1, 1, 1, 1, 1, 1, 2, 2, 2, 2, 1, 3, 4, 4, 1, 1, 1, 1, 4, 1, 1, 1, 4, 4, 4, 4, 1, 1, 1, 2, 2, 5, 5, 5, 1]","19","7","11"
"553","102","120","35","True","False","85","92","35","True","True","101","120","35","True","False","0.0","0.10180616685054733","15","8","15","51","41","51","[1, 1, 1, 1, 1, 1, 2, 2, 1, 2, 4, 4, 2, 1, 2, 2, 1, 3, 3, 3, 3, 7, 7, 7, 10, 10, 7, 7, 7, 26, 26, 23, 5, 1, 1]","[1, 1, 1, 1, 1, 1, 1, 1, 1, 1, 1, 2, 2, 2, 2, 2, 2, 3, 3, 3, 3, 3, 3, 5, 7, 7, 7, 7, 7, 7, 10, 10, 23, 26, 26]","[1, 1, 1, 1, 1, 1, 2, 2, 1, 2, 3, 3, 2, 1, 2, 2, 1, 3, 3, 3, 3, 7, 7, 7, 10, 10, 7, 7, 7, 26, 26, 23, 5, 1, 1]","15","8","15"
"554","95","108","35","True","True","95","108","35","True","True","95","108","35","True","True","0.0","0.0","13","13","13","47","47","47","[1, 1, 1, 1, 1, 1, 1, 1, 1, 1, 3, 3, 5, 5, 3, 8, 9, 9, 8, 2, 6, 6, 12, 12, 12, 25, 25, 25, 25, 25, 12, 12, 1, 1, 1]","[1, 1, 1, 1, 1, 1, 1, 1, 1, 1, 3, 3, 5, 5, 3, 8, 9, 9, 8, 2, 6, 6, 12, 12, 12, 25, 25, 25, 25, 25, 12, 12, 1, 1, 1]","[1, 1, 1, 1, 1, 1, 1, 1, 1, 1, 3, 3, 5, 5, 3, 8, 9, 9, 8, 2, 6, 6, 12, 12, 12, 25, 25, 25, 25, 25, 12, 12, 1, 1, 1]","13","13","13"
"555","95","107","35","True","True","95","107","35","True","True","95","107","35","True","True","0.0","0.0","13","13","13","46","46","46","[1, 1, 1, 1, 1, 1, 1, 1, 2, 2, 5, 8, 8, 8, 9, 9, 9, 26, 26, 53, 53, 35, 22, 22, 17, 8, 8, 16, 16, 16, 8, 5, 2, 2, 2]","[1, 1, 1, 1, 1, 1, 1, 1, 2, 2, 5, 8, 8, 8, 9, 9, 9, 26, 26, 53, 53, 35, 22, 22, 17, 8, 8, 16, 16, 16, 8, 5, 2, 2, 2]","[1, 1, 1, 1, 1, 1, 1, 1, 2, 2, 5, 8, 8, 8, 9, 9, 9, 26, 26, 53, 53, 35, 22, 22, 17, 8, 8, 16, 16, 16, 8, 5, 2, 2, 2]","13","13","13"
"556","95","107","35","True","True","95","107","35","True","True","95","107","35","True","True","0.0","0.0","13","13","13","46","46","46","[1, 1, 1, 1, 1, 1, 1, 2, 2, 2, 3, 3, 5, 5, 6, 6, 5, 5, 8, 8, 8, 15, 15, 23, 23, 23, 28, 28, 37, 37, 37, 37, 16, 10, 1]","[1, 1, 1, 1, 1, 1, 1, 2, 2, 2, 3, 3, 5, 5, 6, 6, 5, 5, 8, 8, 8, 15, 15, 23, 23, 23, 28, 28, 37, 37, 37, 37, 16, 10, 1]","[1, 1, 1, 1, 1, 1, 1, 2, 2, 2, 3, 3, 5, 5, 6, 6, 5, 5, 8, 8, 8, 15, 15, 23, 23, 23, 28, 28, 37, 37, 37, 37, 16, 10, 1]","13","13","13"
"557","95","107","35","True","True","95","107","35","True","True","95","107","35","True","True","0.0","0.0","13","13","13","46","46","46","[1, 1, 1, 2, 2, 2, 6, 6, 4, 3, 3, 3, 4, 10, 10, 6, 3, 3, 1, 1, 3, 3, 1, 8, 8, 1, 2, 2, 2, 2, 2, 2, 1, 1, 1]","[1, 1, 1, 2, 2, 2, 6, 6, 4, 3, 3, 3, 4, 10, 10, 6, 3, 3, 1, 1, 3, 3, 1, 8, 8, 1, 2, 2, 2, 2, 2, 2, 1, 1, 1]","[1, 1, 1, 2, 2, 2, 6, 6, 4, 3, 3, 3, 4, 10, 10, 6, 3, 3, 1, 1, 3, 3, 1, 8, 8, 1, 2, 2, 2, 2, 2, 2, 1, 1, 1]","13","13","13"
"558","95","107","35","True","True","95","107","35","True","True","95","107","35","True","True","0.0","0.0","13","13","13","46","46","46","[1, 1, 1, 1, 1, 1, 1, 2, 2, 2, 3, 3, 1, 1, 1, 1, 1, 2, 2, 3, 3, 2, 8, 8, 7, 9, 11, 11, 11, 11, 11, 11, 9, 8, 2]","[1, 1, 1, 1, 1, 1, 1, 2, 2, 2, 3, 3, 1, 1, 1, 1, 1, 2, 2, 3, 3, 2, 8, 8, 7, 9, 11, 11, 11, 11, 11, 11, 9, 8, 2]","[1, 1, 1, 1, 1, 1, 1, 2, 2, 2, 3, 3, 1, 1, 1, 1, 1, 2, 2, 3, 3, 2, 8, 8, 7, 9, 11, 11, 11, 11, 11, 11, 9, 8, 2]","13","13","13"
"559","95","107","35","True","True","95","107","35","True","True","95","107","35","True","True","0.0","0.0","13","13","13","46","46","46","[1, 1, 1, 1, 1, 1, 2, 3, 3, 3, 6, 6, 7, 7, 9, 9, 7, 4, 5, 5, 2, 2, 2, 4, 11, 16, 16, 16, 16, 11, 1, 1, 4, 4, 4]","[1, 1, 1, 1, 1, 1, 2, 3, 3, 3, 6, 6, 7, 7, 9, 9, 7, 4, 5, 5, 2, 2, 2, 4, 11, 16, 16, 16, 16, 11, 1, 1, 4, 4, 4]","[1, 1, 1, 1, 1, 1, 2, 3, 3, 3, 6, 6, 7, 7, 9, 9, 7, 4, 5, 5, 2, 2, 2, 4, 11, 16, 16, 16, 16, 11, 1, 1, 4, 4, 4]","13","13","13"
"560","108","126","35","True","False","83","89","35","True","True","98","108","35","True","True","0.04524293508600474","0.13092598970393565","19","7","10","53","40","44","[1, 1, 8, 1, 1, 1, 1, 1, 1, 2, 2, 2, 2, 2, 4, 6, 6, 11, 12, 12, 8, 9, 9, 9, 2, 2, 2, 2, 2, 3, 3, 1, 2, 2, 2]","[1, 1, 1, 1, 1, 1, 1, 1, 1, 2, 2, 2, 2, 2, 2, 2, 2, 2, 2, 2, 2, 2, 3, 3, 4, 6, 6, 8, 8, 8, 8, 8, 11, 12, 12]","[1, 1, 3, 1, 1, 1, 1, 1, 1, 1, 1, 1, 1, 1, 2, 3, 3, 4, 5, 5, 5, 5, 5, 5, 1, 1, 1, 1, 1, 1, 1, 1, 1, 1, 1]","19","7","10"
"561","95","107","35","True","True","95","107","35","True","True","95","107","35","True","True","0.0","0.0","13","13","13","46","46","46","[1, 1, 1, 1, 1, 1, 1, 2, 2, 2, 3, 5, 5, 4, 3, 3, 5, 10, 10, 12, 24, 24, 24, 12, 12, 1, 1, 12, 12, 12, 2, 1, 25, 25, 25]","[1, 1, 1, 1, 1, 1, 1, 2, 2, 2, 3, 5, 5, 4, 3, 3, 5, 10, 10, 12, 24, 24, 24, 12, 12, 1, 1, 12, 12, 12, 2, 1, 25, 25, 25]","[1, 1, 1, 1, 1, 1, 1, 2, 2, 2, 3, 5, 5, 4, 3, 3, 5, 10, 10, 12, 24, 24, 24, 12, 12, 1, 1, 12, 12, 12, 2, 1, 25, 25, 25]","13","13","13"
"562","95","108","35","True","True","95","108","35","True","True","95","108","35","True","True","0.0","0.0","13","13","13","47","47","47","[1, 1, 1, 1, 1, 1, 2, 2, 2, 3, 3, 3, 3, 4, 4, 4, 4, 5, 7, 7, 5, 2, 2, 8, 8, 12, 12, 1, 1, 1, 1, 1, 3, 3, 3]","[1, 1, 1, 1, 1, 1, 2, 2, 2, 3, 3, 3, 3, 4, 4, 4, 4, 5, 7, 7, 5, 2, 2, 8, 8, 12, 12, 1, 1, 1, 1, 1, 3, 3, 3]","[1, 1, 1, 1, 1, 1, 2, 2, 2, 3, 3, 3, 3, 4, 4, 4, 4, 5, 7, 7, 5, 2, 2, 8, 8, 12, 12, 1, 1, 1, 1, 1, 3, 3, 3]","13","13","13"
"563","108","126","35","True","False","85","92","35","True","True","99","110","35","True","True","0.03971102879235966","0.11967015255291091","19","8","11","53","41","45","[1, 1, 1, 1, 27, 1, 1, 1, 1, 1, 2, 2, 2, 4, 4, 4, 4, 10, 10, 10, 7, 4, 5, 10, 10, 12, 12, 5, 13, 13, 13, 1, 1, 1, 1]","[1, 1, 1, 1, 1, 1, 1, 1, 1, 1, 1, 1, 1, 2, 2, 2, 4, 4, 4, 4, 4, 4, 4, 7, 9, 9, 9, 9, 9, 10, 10, 12, 12, 12, 24]","[1, 1, 1, 1, 4, 1, 1, 1, 1, 1, 2, 2, 2, 4, 4, 4, 4, 8, 8, 8, 6, 4, 1, 2, 2, 2, 2, 1, 11, 11, 11, 1, 1, 1, 1]","19","8","11"
"564","95","107","35","True","True","95","107","35","True","True","95","107","35","True","True","0.0","0.0","13","13","13","46","46","46","[1, 1, 1, 1, 1, 1, 1, 1, 1, 2, 2, 1, 1, 1, 1, 1, 1, 1, 1, 2, 4, 9, 9, 5, 2, 7, 7, 5, 5, 5, 9, 9, 1, 1, 1]","[1, 1, 1, 1, 1, 1, 1, 1, 1, 2, 2, 1, 1, 1, 1, 1, 1, 1, 1, 2, 4, 9, 9, 5, 2, 7, 7, 5, 5, 5, 9, 9, 1, 1, 1]","[1, 1, 1, 1, 1, 1, 1, 1, 1, 2, 2, 1, 1, 1, 1, 1, 1, 1, 1, 2, 4, 9, 9, 5, 2, 7, 7, 5, 5, 5, 9, 9, 1, 1, 1]","13","13","13"
"565","95","107","35","True","True","95","107","35","True","True","95","107","35","True","True","0.0","0.0","13","13","13","46","46","46","[1, 1, 1, 2, 3, 6, 6, 6, 4, 4, 9, 9, 9, 9, 2, 2, 3, 12, 12, 5, 5, 3, 2, 6, 6, 12, 12, 12, 12, 2, 1, 1, 10, 10, 10]","[1, 1, 1, 2, 3, 6, 6, 6, 4, 4, 9, 9, 9, 9, 2, 2, 3, 12, 12, 5, 5, 3, 2, 6, 6, 12, 12, 12, 12, 2, 1, 1, 10, 10, 10]","[1, 1, 1, 2, 3, 6, 6, 6, 4, 4, 9, 9, 9, 9, 2, 2, 3, 12, 12, 5, 5, 3, 2, 6, 6, 12, 12, 12, 12, 2, 1, 1, 10, 10, 10]","13","13","13"
"566","102","120","35","True","False","93","104","35","True","True","101","119","35","True","False","0.004391355390180762","0.057267146216458675","15","12","15","51","45","50","[1, 1, 1, 1, 1, 1, 3, 3, 3, 3, 4, 6, 9, 9, 9, 6, 6, 18, 18, 1, 1, 7, 20, 20, 14, 14, 20, 20, 44, 44, 44, 14, 7, 1, 1]","[1, 1, 1, 1, 1, 1, 1, 1, 1, 1, 3, 3, 3, 3, 4, 6, 6, 6, 7, 7, 9, 9, 9, 14, 14, 14, 18, 18, 20, 20, 20, 20, 44, 44, 44]","[1, 1, 1, 1, 1, 1, 3, 3, 3, 3, 4, 6, 9, 9, 9, 6, 6, 18, 18, 1, 1, 7, 20, 20, 14, 14, 20, 20, 44, 44, 44, 14, 7, 1, 1]","15","12","15"
"567","108","126","35","True","False","83","89","35","True","True","106","124","35","True","False","0.0051015303267168965","0.13092598970393565","19","7","18","53","40","52","[2, 2, 1, 1, 1, 2, 2, 1, 1, 13, 13, 12, 1, 2, 2, 2, 3, 3, 3, 13, 13, 2, 5, 5, 1, 1, 1, 1, 1, 2, 4, 6, 6, 6, 1]","[1, 1, 1, 1, 1, 1, 1, 1, 1, 1, 1, 1, 1, 1, 1, 1, 2, 2, 2, 2, 2, 3, 3, 3, 4, 5, 5, 6, 6, 6, 12, 13, 13, 13, 13]","[1, 1, 1, 1, 1, 1, 1, 1, 1, 13, 13, 12, 1, 2, 2, 2, 3, 3, 3, 13, 13, 2, 5, 5, 1, 1, 1, 1, 1, 2, 4, 6, 6, 6, 1]","19","7","18"
"568","108","126","35","True","False","91","101","35","True","True","101","113","35","True","True","0.0342467939550789","0.08673461956088069","19","11","13","53","44","46","[1, 1, 1, 1, 2, 2, 2, 3, 3, 13, 13, 6, 4, 2, 2, 4, 4, 4, 15, 12, 12, 12, 14, 14, 12, 16, 18, 18, 20, 20, 18, 12, 2, 1, 1]","[1, 1, 1, 1, 1, 1, 2, 2, 2, 2, 2, 2, 3, 3, 4, 4, 4, 4, 6, 12, 12, 12, 12, 12, 13, 13, 14, 14, 15, 16, 18, 18, 18, 20, 20]","[1, 1, 1, 1, 2, 2, 2, 2, 2, 12, 12, 6, 4, 2, 2, 2, 2, 2, 6, 8, 8, 8, 8, 8, 8, 12, 12, 12, 14, 14, 12, 8, 2, 1, 1]","19","11","13"
"569","100","118","35","True","True","100","118","35","True","True","100","118","35","True","True","0.0","0.0","13","13","13","51","51","51","[1, 1, 1, 1, 1, 2, 2, 3, 4, 4, 4, 4, 4, 4, 4, 2, 2, 2, 3, 3, 10, 10, 11, 11, 10, 16, 16, 27, 27, 6, 6, 2, 2, 2, 2]","[1, 1, 1, 1, 1, 2, 2, 3, 4, 4, 4, 4, 4, 4, 4, 2, 2, 2, 3, 3, 10, 10, 11, 11, 10, 16, 16, 27, 27, 6, 6, 2, 2, 2, 2]","[1, 1, 1, 1, 1, 2, 2, 3, 4, 4, 4, 4, 4, 4, 4, 2, 2, 2, 3, 3, 10, 10, 11, 11, 10, 16, 16, 27, 27, 6, 6, 2, 2, 2, 2]","13","13","13"
"570","95","107","35","True","True","95","107","35","True","True","95","107","35","True","True","0.0","0.0","13","13","13","46","46","46","[1, 1, 1, 1, 2, 2, 1, 1, 2, 4, 4, 1, 1, 5, 5, 1, 1, 1, 1, 1, 1, 3, 6, 6, 4, 3, 6, 9, 12, 12, 12, 12, 1, 1, 1]","[1, 1, 1, 1, 2, 2, 1, 1, 2, 4, 4, 1, 1, 5, 5, 1, 1, 1, 1, 1, 1, 3, 6, 6, 4, 3, 6, 9, 12, 12, 12, 12, 1, 1, 1]","[1, 1, 1, 1, 2, 2, 1, 1, 2, 4, 4, 1, 1, 5, 5, 1, 1, 1, 1, 1, 1, 3, 6, 6, 4, 3, 6, 9, 12, 12, 12, 12, 1, 1, 1]","13","13","13"
"571","95","108","35","True","True","95","108","35","True","True","95","108","35","True","True","0.0","0.0","13","13","13","47","47","47","[1, 1, 2, 3, 3, 1, 1, 1, 1, 1, 1, 2, 2, 1, 3, 4, 4, 8, 8, 12, 13, 13, 21, 24, 28, 28, 28, 21, 21, 21, 11, 11, 11, 4, 4]","[1, 1, 2, 3, 3, 1, 1, 1, 1, 1, 1, 2, 2, 1, 3, 4, 4, 8, 8, 12, 13, 13, 21, 24, 28, 28, 28, 21, 21, 21, 11, 11, 11, 4, 4]","[1, 1, 2, 3, 3, 1, 1, 1, 1, 1, 1, 2, 2, 1, 3, 4, 4, 8, 8, 12, 13, 13, 21, 24, 28, 28, 28, 21, 21, 21, 11, 11, 11, 4, 4]","13","13","13"
"572","108","126","35","True","False","93","104","35","True","True","103","117","35","True","False","0.024149103440086916","0.07601695900696281","19","12","15","53","45","48","[1, 1, 2, 2, 2, 2, 2, 2, 2, 6, 7, 7, 9, 9, 17, 18, 36, 36, 36, 36, 17, 9, 7, 7, 2, 2, 2, 2, 15, 2, 2, 46, 46, 46, 1]","[1, 1, 1, 2, 2, 2, 2, 2, 2, 2, 2, 2, 2, 2, 2, 2, 6, 7, 7, 7, 7, 9, 9, 9, 15, 17, 17, 18, 36, 36, 36, 36, 46, 46, 46]","[1, 1, 2, 2, 2, 2, 2, 2, 2, 4, 4, 4, 6, 6, 12, 12, 24, 24, 24, 24, 12, 6, 4, 4, 2, 2, 2, 2, 12, 2, 2, 30, 30, 30, 1]","19","12","15"
"573","102","120","35","True","False","85","92","35","True","True","101","119","35","True","False","0.003826957749403004","0.10180616685054733","15","8","15","51","41","50","[1, 1, 2, 2, 1, 1, 17, 2, 2, 2, 2, 2, 3, 3, 5, 5, 5, 5, 5, 5, 3, 6, 14, 14, 14, 14, 14, 11, 11, 8, 5, 2, 2, 1, 1]","[1, 1, 1, 1, 1, 1, 2, 2, 2, 2, 2, 2, 2, 2, 2, 3, 3, 3, 5, 5, 5, 5, 5, 5, 5, 6, 8, 11, 11, 14, 14, 14, 14, 14, 17]","[1, 1, 2, 2, 1, 1, 17, 2, 2, 2, 2, 2, 3, 3, 5, 5, 5, 5, 5, 5, 3, 6, 14, 14, 14, 14, 14, 11, 11, 8, 5, 2, 2, 1, 1]","15","8","15"
"574","95","107","35","True","True","95","107","35","True","True","95","107","35","True","True","0.0","0.0","13","13","13","46","46","46","[1, 1, 1, 1, 1, 1, 1, 1, 2, 2, 1, 2, 2, 4, 4, 2, 2, 4, 4, 4, 2, 2, 2, 3, 8, 18, 18, 9, 3, 3, 2, 3, 3, 3, 3]","[1, 1, 1, 1, 1, 1, 1, 1, 2, 2, 1, 2, 2, 4, 4, 2, 2, 4, 4, 4, 2, 2, 2, 3, 8, 18, 18, 9, 3, 3, 2, 3, 3, 3, 3]","[1, 1, 1, 1, 1, 1, 1, 1, 2, 2, 1, 2, 2, 4, 4, 2, 2, 4, 4, 4, 2, 2, 2, 3, 8, 18, 18, 9, 3, 3, 2, 3, 3, 3, 3]","13","13","13"
"575","108","126","35","True","False","97","110","35","True","True","95","102","35","True","True","0.06154466525933411","0.05494620792729299","19","14","7","53","47","41","[1, 1, 1, 2, 2, 2, 2, 2, 2, 2, 2, 35, 8, 9, 9, 10, 10, 12, 12, 12, 24, 24, 10, 19, 20, 45, 9, 6, 4, 4, 1, 1, 1, 1, 1]","[1, 1, 1, 1, 1, 1, 1, 1, 2, 2, 2, 2, 2, 2, 2, 2, 4, 4, 6, 8, 9, 9, 9, 10, 10, 10, 12, 12, 12, 18, 19, 24, 24, 35, 44]","[1, 1, 1, 2, 2, 2, 2, 2, 2, 1, 1, 4, 1, 1, 1, 1, 1, 1, 1, 1, 2, 2, 1, 2, 2, 5, 1, 1, 1, 1, 1, 1, 1, 1, 1]","19","14","7"
"576","95","107","35","True","True","95","107","35","True","True","95","107","35","True","True","0.0","0.0","13","13","13","46","46","46","[1, 1, 1, 1, 1, 1, 2, 2, 3, 3, 3, 3, 3, 3, 3, 3, 6, 6, 6, 6, 2, 2, 2, 4, 18, 18, 13, 22, 23, 25, 25, 25, 13, 5, 1]","[1, 1, 1, 1, 1, 1, 2, 2, 3, 3, 3, 3, 3, 3, 3, 3, 6, 6, 6, 6, 2, 2, 2, 4, 18, 18, 13, 22, 23, 25, 25, 25, 13, 5, 1]","[1, 1, 1, 1, 1, 1, 2, 2, 3, 3, 3, 3, 3, 3, 3, 3, 6, 6, 6, 6, 2, 2, 2, 4, 18, 18, 13, 22, 23, 25, 25, 25, 13, 5, 1]","13","13","13"
"577","100","118","35","True","True","100","118","35","True","True","100","118","35","True","True","0.0","0.0","13","13","13","51","51","51","[1, 1, 1, 1, 1, 1, 1, 1, 1, 1, 2, 2, 4, 4, 4, 2, 2, 3, 3, 2, 5, 13, 15, 21, 34, 34, 34, 34, 6, 5, 3, 3, 2, 1, 1]","[1, 1, 1, 1, 1, 1, 1, 1, 1, 1, 2, 2, 4, 4, 4, 2, 2, 3, 3, 2, 5, 13, 15, 21, 34, 34, 34, 34, 6, 5, 3, 3, 2, 1, 1]","[1, 1, 1, 1, 1, 1, 1, 1, 1, 1, 2, 2, 4, 4, 4, 2, 2, 3, 3, 2, 5, 13, 15, 21, 34, 34, 34, 34, 6, 5, 3, 3, 2, 1, 1]","13","13","13"
"578","108","126","35","True","False","87","95","35","True","True","98","107","35","True","True","0.05041295789373745","0.10855642621624872","19","9","10","53","42","44","[1, 1, 1, 1, 1, 1, 2, 3, 3, 3, 3, 4, 4, 4, 10, 4, 16, 16, 16, 3, 2, 1, 1, 5, 5, 8, 14, 5, 7, 8, 8, 7, 4, 4, 4]","[1, 1, 1, 1, 1, 1, 1, 1, 2, 2, 3, 3, 3, 3, 3, 4, 4, 4, 4, 4, 4, 4, 5, 5, 5, 7, 7, 8, 8, 8, 10, 14, 16, 16, 16]","[1, 1, 1, 1, 1, 1, 1, 1, 1, 1, 1, 1, 1, 1, 3, 1, 5, 5, 5, 1, 1, 1, 1, 1, 1, 2, 4, 1, 2, 2, 2, 2, 1, 1, 1]","19","9","10"
"579","95","107","35","True","True","95","107","35","True","True","95","107","35","True","True","0.0","0.0","13","13","13","46","46","46","[1, 1, 1, 1, 1, 1, 2, 2, 5, 7, 7, 8, 8, 10, 10, 9, 9, 9, 5, 5, 3, 2, 2, 9, 9, 9, 10, 10, 10, 10, 2, 15, 24, 24, 24]","[1, 1, 1, 1, 1, 1, 2, 2, 5, 7, 7, 8, 8, 10, 10, 9, 9, 9, 5, 5, 3, 2, 2, 9, 9, 9, 10, 10, 10, 10, 2, 15, 24, 24, 24]","[1, 1, 1, 1, 1, 1, 2, 2, 5, 7, 7, 8, 8, 10, 10, 9, 9, 9, 5, 5, 3, 2, 2, 9, 9, 9, 10, 10, 10, 10, 2, 15, 24, 24, 24]","13","13","13"
"580","95","108","35","True","True","95","108","35","True","True","95","108","35","True","True","0.0","0.0","13","13","13","47","47","47","[1, 1, 1, 1, 2, 2, 3, 3, 3, 3, 7, 7, 7, 7, 7, 7, 3, 3, 2, 1, 5, 7, 7, 1, 1, 8, 8, 8, 8, 16, 16, 2, 2, 2, 1]","[1, 1, 1, 1, 2, 2, 3, 3, 3, 3, 7, 7, 7, 7, 7, 7, 3, 3, 2, 1, 5, 7, 7, 1, 1, 8, 8, 8, 8, 16, 16, 2, 2, 2, 1]","[1, 1, 1, 1, 2, 2, 3, 3, 3, 3, 7, 7, 7, 7, 7, 7, 3, 3, 2, 1, 5, 7, 7, 1, 1, 8, 8, 8, 8, 16, 16, 2, 2, 2, 1]","13","13","13"
"581","95","108","35","True","True","95","108","35","True","True","95","108","35","True","True","0.0","0.0","13","13","13","47","47","47","[1, 1, 1, 1, 1, 1, 1, 3, 3, 4, 4, 4, 4, 12, 13, 15, 15, 13, 5, 2, 2, 16, 16, 2, 1, 1, 1, 1, 1, 1, 1, 5, 5, 1, 1]","[1, 1, 1, 1, 1, 1, 1, 3, 3, 4, 4, 4, 4, 12, 13, 15, 15, 13, 5, 2, 2, 16, 16, 2, 1, 1, 1, 1, 1, 1, 1, 5, 5, 1, 1]","[1, 1, 1, 1, 1, 1, 1, 3, 3, 4, 4, 4, 4, 12, 13, 15, 15, 13, 5, 2, 2, 16, 16, 2, 1, 1, 1, 1, 1, 1, 1, 5, 5, 1, 1]","13","13","13"
"582","108","126","35","True","False","91","101","35","True","True","98","107","35","True","True","0.05040464950449364","0.08673461956088069","19","11","10","53","44","43","[1, 1, 1, 1, 1, 1, 3, 3, 2, 2, 2, 3, 3, 8, 13, 13, 13, 10, 10, 3, 3, 9, 25, 9, 36, 36, 36, 36, 23, 2, 2, 2, 1, 1, 1]","[1, 1, 1, 1, 1, 1, 1, 1, 1, 2, 2, 2, 2, 2, 2, 3, 3, 3, 3, 3, 3, 8, 9, 9, 10, 10, 13, 13, 13, 23, 25, 36, 36, 36, 36]","[1, 1, 1, 1, 1, 1, 3, 3, 2, 2, 2, 2, 2, 4, 6, 6, 6, 4, 4, 2, 2, 4, 12, 4, 18, 18, 18, 18, 12, 2, 2, 2, 1, 1, 1]","19","11","10"
"583","95","108","35","True","True","95","108","35","True","True","95","108","35","True","True","0.0","0.0","13","13","13","47","47","47","[1, 1, 1, 1, 1, 1, 1, 1, 1, 2, 2, 1, 1, 3, 4, 4, 5, 5, 7, 12, 12, 7, 7, 7, 7, 7, 3, 3, 4, 4, 4, 1, 1, 1, 1]","[1, 1, 1, 1, 1, 1, 1, 1, 1, 2, 2, 1, 1, 3, 4, 4, 5, 5, 7, 12, 12, 7, 7, 7, 7, 7, 3, 3, 4, 4, 4, 1, 1, 1, 1]","[1, 1, 1, 1, 1, 1, 1, 1, 1, 2, 2, 1, 1, 3, 4, 4, 5, 5, 7, 12, 12, 7, 7, 7, 7, 7, 3, 3, 4, 4, 4, 1, 1, 1, 1]","13","13","13"
"584","108","126","35","True","False","91","101","35","True","True","101","113","35","True","True","0.035021995338498924","0.08673461956088069","19","11","12","53","44","47","[6, 2, 2, 10, 10, 1, 1, 1, 1, 2, 2, 2, 2, 4, 4, 4, 5, 5, 10, 10, 10, 10, 20, 21, 23, 28, 29, 29, 24, 10, 10, 5, 4, 1, 1]","[1, 1, 1, 1, 1, 1, 2, 2, 2, 2, 2, 2, 4, 4, 4, 4, 5, 5, 5, 6, 10, 10, 10, 10, 10, 10, 10, 10, 20, 21, 23, 24, 28, 29, 29]","[3, 2, 2, 3, 3, 1, 1, 1, 1, 1, 1, 1, 1, 2, 2, 2, 2, 2, 4, 4, 4, 4, 8, 9, 10, 13, 13, 13, 11, 4, 4, 2, 2, 1, 1]","19","11","12"
"585","108","126","35","True","False","81","86","35","True","True","98","108","35","True","False","0.045416572305755465","0.14232953272369675","19","6","9","53","39","45","[1, 1, 1, 1, 1, 11, 11, 2, 2, 1, 2, 2, 2, 2, 3, 5, 5, 6, 8, 8, 6, 1, 1, 1, 1, 1, 1, 1, 2, 2, 1, 9, 9, 9, 18]","[1, 1, 1, 1, 1, 1, 1, 1, 1, 1, 1, 1, 1, 1, 2, 2, 2, 2, 2, 2, 2, 2, 3, 5, 5, 5, 5, 7, 7, 7, 7, 7, 10, 10, 15]","[1, 1, 1, 1, 1, 6, 6, 1, 1, 1, 1, 1, 1, 1, 2, 4, 4, 4, 5, 5, 4, 1, 1, 1, 1, 1, 1, 1, 1, 1, 1, 4, 4, 4, 9]","19","6","9"
"586","100","118","35","True","True","100","118","35","True","True","100","118","35","True","True","0.0","0.0","13","13","13","51","51","51","[1, 1, 1, 1, 2, 2, 2, 1, 1, 1, 1, 4, 4, 4, 2, 2, 1, 2, 2, 2, 3, 3, 6, 6, 2, 2, 2, 9, 9, 12, 12, 11, 9, 9, 9]","[1, 1, 1, 1, 2, 2, 2, 1, 1, 1, 1, 4, 4, 4, 2, 2, 1, 2, 2, 2, 3, 3, 6, 6, 2, 2, 2, 9, 9, 12, 12, 11, 9, 9, 9]","[1, 1, 1, 1, 2, 2, 2, 1, 1, 1, 1, 4, 4, 4, 2, 2, 1, 2, 2, 2, 3, 3, 6, 6, 2, 2, 2, 9, 9, 12, 12, 11, 9, 9, 9]","13","13","13"
"587","100","118","35","True","True","100","118","35","True","True","100","118","35","True","True","0.0","0.0","13","13","13","51","51","51","[1, 1, 1, 1, 1, 1, 1, 1, 1, 1, 1, 1, 3, 3, 4, 4, 4, 4, 2, 3, 3, 6, 6, 5, 5, 9, 9, 9, 8, 9, 9, 9, 4, 1, 1]","[1, 1, 1, 1, 1, 1, 1, 1, 1, 1, 1, 1, 3, 3, 4, 4, 4, 4, 2, 3, 3, 6, 6, 5, 5, 9, 9, 9, 8, 9, 9, 9, 4, 1, 1]","[1, 1, 1, 1, 1, 1, 1, 1, 1, 1, 1, 1, 3, 3, 4, 4, 4, 4, 2, 3, 3, 6, 6, 5, 5, 9, 9, 9, 8, 9, 9, 9, 4, 1, 1]","13","13","13"
