"NETWORK NUMBER","V(N)","A(N)","L(N)","isBinary","isTreeBased","V(PN)","A(PN)","L(PN)","isBinary","isTreeBased","V(FN)","A(FN)","L(FN)","isBinary","isTreeBased","Measure1 FOLD","Measure1 PP","RV Input","RV PN","RV FN","TV Input","TV PN","TV FN","PL Input","PL PN","PL FN","HN Input","HN PN","HN FN","FOLD TIME","PP TIME"
"0","25","28","10","True","True","25","28","10","True","True","25","28","10","True","True","0.0","0.0","3","3","3","12","12","12","[1, 2, 3, 3, 3, 3, 1, 1, 1, 1]","[1, 2, 3, 3, 3, 3, 1, 1, 1, 1]","[1, 2, 3, 3, 3, 3, 1, 1, 1, 1]","3","3","3","0.0010058879852294922","0.0009970664978027344"
"1","25","27","10","True","True","25","27","10","True","True","25","27","10","True","True","0.0","0.0","3","3","3","11","11","11","[1, 1, 1, 2, 2, 2, 4, 4, 4, 4]","[1, 1, 1, 2, 2, 2, 4, 4, 4, 4]","[1, 1, 1, 2, 2, 2, 4, 4, 4, 4]","3","3","3","0.000997781753540039","0.0009996891021728516"
"2","25","28","10","True","True","25","28","10","True","True","25","28","10","True","True","0.0","0.0","3","3","3","12","12","12","[1, 1, 1, 1, 1, 1, 1, 2, 2, 2]","[1, 1, 1, 1, 1, 1, 1, 2, 2, 2]","[1, 1, 1, 1, 1, 1, 1, 2, 2, 2]","3","3","3","0.002003908157348633","0.000997304916381836"
"3","25","27","10","True","True","25","27","10","True","True","25","27","10","True","True","0.0","0.0","3","3","3","11","11","11","[1, 1, 1, 2, 6, 6, 3, 3, 3, 1]","[1, 1, 1, 2, 6, 6, 3, 3, 3, 1]","[1, 1, 1, 2, 6, 6, 3, 3, 3, 1]","3","3","3","0.001005411148071289","0.0009968280792236328"
"4","32","40","10","True","False","31","40","10","True","False","31","40","10","True","False","0.0","0.0","5","5","5","16","16","16","[1, 1, 2, 2, 2, 3, 3, 1, 7, 1]","[1, 1, 1, 1, 2, 3, 3, 1, 6, 1]","[1, 1, 1, 1, 2, 3, 3, 1, 6, 1]","5","5","5","0.2516031265258789","0.022458314895629883"
"5","25","27","10","True","True","25","27","10","True","True","25","27","10","True","True","0.0","0.0","3","3","3","11","11","11","[1, 2, 2, 2, 4, 8, 8, 8, 4, 1]","[1, 2, 2, 2, 4, 8, 8, 8, 4, 1]","[1, 2, 2, 2, 4, 8, 8, 8, 4, 1]","3","3","3","0.0009984970092773438","0.0009999275207519531"
"6","38","46","10","True","False","30","35","10","True","True","33","38","10","True","True","0.05588843448841807","0.11740103114402578","9","5","5","18","13","14","[1, 2, 2, 10, 4, 4, 8, 3, 1, 1]","[2, 2, 2, 2, 2, 3, 4, 4, 7, 10]","[1, 2, 2, 0, 0, 0, 0, 3, 1, 1]","9","5","5","1.705305814743042","0.08631682395935059"
"7","38","46","10","True","False","32","37","10","False","True","36","44","10","True","False","0.012903977681324341","0.08632313304637185","9","5","8","18","14","17","[27, 27, 5, 5, 5, 10, 10, 11, 11, 11]","[3, 3, 3, 6, 6, 7, 7, 7, 17, 17]","[14, 14, 3, 3, 3, 6, 6, 6, 6, 6]","9","6","8","20.74937915802002","0.13064074516296387"
"8","25","27","10","True","True","25","27","10","True","True","25","27","10","True","True","0.0","0.0","3","3","3","11","11","11","[1, 1, 1, 1, 1, 4, 4, 2, 2, 2]","[1, 1, 1, 1, 1, 4, 4, 2, 2, 2]","[1, 1, 1, 1, 1, 4, 4, 2, 2, 2]","3","3","3","0.0010008811950683594","0.0010004043579101562"
"9","25","28","10","True","True","25","28","10","True","True","25","28","10","True","True","0.0","0.0","3","3","3","12","12","12","[1, 1, 1, 2, 2, 4, 4, 1, 1, 1]","[1, 1, 1, 2, 2, 4, 4, 1, 1, 1]","[1, 1, 1, 2, 2, 4, 4, 1, 1, 1]","3","3","3","0.0010008811950683594","0.0009987354278564453"
"10","38","46","10","True","False","28","32","10","True","True","36","44","10","True","False","0.012903977681324341","0.13261749127560163","9","4","8","18","13","17","[1, 1, 1, 1, 1, 2, 2, 6, 9, 6]","[]","[1, 1, 1, 1, 1, 2, 2, 5, 8, 5]","9","4","8","9.410906553268433","0.07650208473205566"
"11","25","28","10","True","True","25","28","10","True","True","25","28","10","True","True","0.0","0.0","3","3","3","12","12","12","[1, 1, 1, 2, 2, 2, 1, 1, 1, 1]","[1, 1, 1, 2, 2, 2, 1, 1, 1, 1]","[1, 1, 1, 2, 2, 2, 1, 1, 1, 1]","3","3","3","0.0019237995147705078","0.0"
"12","38","46","10","True","False","29","33","10","True","True","33","38","10","True","True","0.05489916974662301","0.11972978026615899","9","3","5","18","12","14","[1, 2, 2, 6, 6, 3, 3, 3, 1, 4]","[1, 1, 1, 1, 2, 3, 3, 3, 5, 5]","[1, 1, 1, 5, 5, 3, 3, 3, 1, 2]","9","3","5","0.5357093811035156","0.0740044116973877"
"13","25","27","10","True","True","25","27","10","True","True","25","27","10","True","True","0.0","0.0","3","3","3","11","11","11","[1, 1, 1, 1, 1, 1, 3, 4, 4, 4]","[1, 1, 1, 1, 1, 1, 3, 4, 4, 4]","[1, 1, 1, 1, 1, 1, 3, 4, 4, 4]","3","3","3","0.001001119613647461","0.0009987354278564453"
"14","32","40","10","True","False","31","39","10","True","False","31","39","10","True","False","0.01170194183985307","0.01170194183985307","5","5","5","16","15","15","[1, 1, 2, 3, 4, 4, 2, 1, 1, 5]","[1, 1, 2, 3, 4, 4, 2, 1, 1, 5]","[1, 1, 2, 3, 4, 4, 2, 1, 1, 5]","5","5","5","0.21099090576171875","0.018564462661743164"
"15","25","27","10","True","True","25","27","10","True","True","25","27","10","True","True","0.0","0.0","3","3","3","11","11","11","[1, 1, 1, 1, 2, 2, 5, 5, 5, 1]","[1, 1, 1, 1, 2, 2, 5, 5, 5, 1]","[1, 1, 1, 1, 2, 2, 5, 5, 5, 1]","3","3","3","0.0009992122650146484","0.0010063648223876953"
"16","25","28","10","True","True","25","28","10","True","True","25","28","10","True","True","0.0","0.0","3","3","3","12","12","12","[1, 1, 1, 2, 2, 2, 4, 4, 4, 1]","[1, 1, 1, 2, 2, 2, 4, 4, 4, 1]","[1, 1, 1, 2, 2, 2, 4, 4, 4, 1]","3","3","3","0.0010008811950683594","0.00099945068359375"
"17","25","28","10","True","True","25","28","10","True","True","25","28","10","True","True","0.0","0.0","3","3","3","12","12","12","[1, 1, 1, 2, 2, 2, 4, 4, 4, 1]","[1, 1, 1, 2, 2, 2, 4, 4, 4, 1]","[1, 1, 1, 2, 2, 2, 4, 4, 4, 1]","3","3","3","0.0010008811950683594","0.0009989738464355469"
"18","30","37","10","True","True","30","37","10","True","True","30","37","10","True","True","0.0","0.0","3","3","3","15","15","15","[1, 1, 1, 1, 5, 5, 4, 4, 2, 2]","[1, 1, 1, 1, 5, 5, 4, 4, 2, 2]","[1, 1, 1, 1, 5, 5, 4, 4, 2, 2]","3","3","3","0.0009970664978027344","0.0010001659393310547"
"19","25","27","10","True","True","25","27","10","True","True","25","27","10","True","True","0.0","0.0","3","3","3","11","11","11","[1, 3, 3, 1, 2, 2, 2, 2, 1, 1]","[1, 3, 3, 1, 2, 2, 2, 2, 1, 1]","[1, 3, 3, 1, 2, 2, 2, 2, 1, 1]","3","3","3","0.0010001659393310547","0.00099945068359375"
"20","25","28","10","True","True","25","28","10","True","True","25","28","10","True","True","0.0","0.0","3","3","3","12","12","12","[1, 1, 2, 2, 2, 1, 1, 3, 3, 3]","[1, 1, 2, 2, 2, 1, 1, 3, 3, 3]","[1, 1, 2, 2, 2, 1, 1, 3, 3, 3]","3","3","3","0.0010004043579101562","0.0009996891021728516"
"21","32","40","10","True","False","31","39","10","True","False","31","39","10","True","False","0.013435656625464087","0.013435656625464087","5","5","5","16","15","15","[1, 1, 1, 4, 4, 3, 3, 10, 10, 10]","[1, 1, 1, 4, 4, 3, 3, 10, 10, 10]","[1, 1, 1, 4, 4, 3, 3, 10, 10, 10]","5","5","5","0.2121279239654541","0.01900649070739746"
"22","38","46","10","True","False","30","35","9","True","True","36","43","10","True","True","0.02451807456409949","0.11341141316311354","9","5","8","18","14","16","[1, 8, 2, 3, 3, 7, 4, 4, 2, 2]","[1, 2, 2, 3, 3, 4, 4, 6, 8]","[1, 8, 2, 3, 3, 6, 4, 4, 2, 2]","9","5","8","1.2597918510437012","0.0799415111541748"
"23","25","28","10","True","True","25","28","10","True","True","25","28","10","True","True","0.0","0.0","3","3","3","12","12","12","[1, 2, 2, 1, 1, 2, 2, 1, 1, 1]","[1, 2, 2, 1, 1, 2, 2, 1, 1, 1]","[1, 2, 2, 1, 1, 2, 2, 1, 1, 1]","3","3","3","0.0009989738464355469","0.0009987354278564453"
"24","25","27","10","True","True","25","27","10","True","True","25","27","10","True","True","0.0","0.0","3","3","3","11","11","11","[1, 1, 1, 2, 2, 2, 2, 2, 2, 2]","[1, 1, 1, 2, 2, 2, 2, 2, 2, 2]","[1, 1, 1, 2, 2, 2, 2, 2, 2, 2]","3","3","3","0.0010008811950683594","0.0009984970092773438"
"25","25","28","10","True","True","25","28","10","True","True","25","28","10","True","True","0.0","0.0","3","3","3","12","12","12","[1, 1, 1, 2, 2, 2, 4, 4, 1, 1]","[1, 1, 1, 2, 2, 2, 4, 4, 1, 1]","[1, 1, 1, 2, 2, 2, 4, 4, 1, 1]","3","3","3","0.0010001659393310547","0.0010001659393310547"
"26","25","27","10","True","True","25","27","10","True","True","25","27","10","True","True","0.0","0.0","3","3","3","11","11","11","[1, 1, 3, 3, 1, 2, 2, 2, 2, 1]","[1, 1, 3, 3, 1, 2, 2, 2, 2, 1]","[1, 1, 3, 3, 1, 2, 2, 2, 2, 1]","3","3","3","0.0009999275207519531","0.0009989738464355469"
"27","32","40","10","True","False","31","40","10","True","False","31","40","10","True","False","0.0","0.0","5","5","5","16","16","16","[1, 2, 2, 4, 4, 4, 9, 1, 1, 1]","[1, 2, 2, 3, 3, 3, 8, 1, 1, 1]","[1, 2, 2, 3, 3, 3, 8, 1, 1, 1]","5","5","5","0.21294784545898438","0.0162656307220459"
"28","30","38","10","True","True","30","38","10","True","True","30","38","10","True","True","0.0","0.0","3","3","3","16","16","16","[1, 1, 1, 1, 1, 1, 3, 3, 3, 1]","[1, 1, 1, 1, 1, 1, 3, 3, 3, 1]","[1, 1, 1, 1, 1, 1, 3, 3, 3, 1]","3","3","3","0.0010006427764892578","0.0009987354278564453"
"29","25","28","10","True","True","25","28","10","True","True","25","28","10","True","True","0.0","0.0","3","3","3","12","12","12","[1, 1, 1, 1, 2, 3, 3, 3, 1, 1]","[1, 1, 1, 1, 2, 3, 3, 3, 1, 1]","[1, 1, 1, 1, 2, 3, 3, 3, 1, 1]","3","3","3","0.0010023117065429688","0.0009980201721191406"
"30","30","37","10","True","True","30","37","10","True","True","30","37","10","True","True","0.0","0.0","3","3","3","15","15","15","[1, 1, 1, 1, 2, 2, 3, 4, 4, 4]","[1, 1, 1, 1, 2, 2, 3, 4, 4, 4]","[1, 1, 1, 1, 2, 2, 3, 4, 4, 4]","3","3","3","0.0010006427764892578","0.0009992122650146484"
"31","25","28","10","True","True","25","28","10","True","True","25","28","10","True","True","0.0","0.0","3","3","3","12","12","12","[1, 1, 1, 1, 1, 2, 3, 3, 1, 1]","[1, 1, 1, 1, 1, 2, 3, 3, 1, 1]","[1, 1, 1, 1, 1, 2, 3, 3, 1, 1]","3","3","3","0.0009996891021728516","0.0009999275207519531"
"32","25","27","10","True","True","25","27","10","True","True","25","27","10","True","True","0.0","0.0","3","3","3","11","11","11","[1, 1, 2, 2, 4, 6, 6, 6, 4, 2]","[1, 1, 2, 2, 4, 6, 6, 6, 4, 2]","[1, 1, 2, 2, 4, 6, 6, 6, 4, 2]","3","3","3","0.0011031627655029297","0.0010025501251220703"
"33","30","37","10","True","True","30","37","10","True","True","30","37","10","True","True","0.0","0.0","3","3","3","15","15","15","[1, 1, 2, 2, 1, 1, 3, 3, 1, 1]","[1, 1, 2, 2, 1, 1, 3, 3, 1, 1]","[1, 1, 2, 2, 1, 1, 3, 3, 1, 1]","3","3","3","0.00099945068359375","0.0010001659393310547"
"34","38","46","10","True","False","30","34","10","True","True","32","35","11","True","True","0.08639710286787894","0.12289335528128142","9","3","4","18","10","13","[1, 1, 1, 1, 5, 2, 4, 4, 11, 4]","[0, 0, 0, 0, 0, 0, 1, 1, 0, 0]","[1, 1, 1, 1, 2, 2, 1, 1, 3, 1, 1]","9","3","4","0.353715181350708","0.06171464920043945"
"35","25","27","10","True","True","25","27","10","True","True","25","27","10","True","True","0.0","0.0","3","3","3","11","11","11","[1, 1, 2, 2, 6, 6, 4, 1, 1, 1]","[1, 1, 2, 2, 6, 6, 4, 1, 1, 1]","[1, 1, 2, 2, 6, 6, 4, 1, 1, 1]","3","3","3","0.0009999275207519531","0.0009999275207519531"
"36","25","27","10","True","True","25","27","10","True","True","25","27","10","True","True","0.0","0.0","3","3","3","11","11","11","[1, 2, 2, 2, 3, 5, 5, 5, 3, 1]","[1, 2, 2, 2, 3, 5, 5, 5, 3, 1]","[1, 2, 2, 2, 3, 5, 5, 5, 3, 1]","3","3","3","0.0010006427764892578","0.0009999275207519531"
"37","38","46","10","True","False","26","29","10","False","True","34","39","10","True","True","0.05388743479615221","0.1820429216082723","9","2","6","18","9","14","[1, 1, 1, 1, 3, 3, 7, 2, 7, 2]","[0, 0, 1, 1, 1, 1, 3, 2, 5, 5]","[1, 1, 1, 1, 2, 2, 4, 1, 4, 1]","9","3","6","0.6000986099243164","0.0659182071685791"
"38","30","37","10","True","True","30","37","10","True","True","30","37","10","True","True","0.0","0.0","3","3","3","15","15","15","[1, 1, 1, 1, 1, 4, 4, 4, 3, 1]","[1, 1, 1, 1, 1, 4, 4, 4, 3, 1]","[1, 1, 1, 1, 1, 4, 4, 4, 3, 1]","3","3","3","0.0010008811950683594","0.0011110305786132812"
"39","38","46","10","True","False","29","33","10","True","True","32","36","10","True","True","0.08755223230789078","0.1395458685926355","9","3","5","18","10","14","[6, 2, 11, 11, 2, 2, 4, 4, 3, 3]","[0, 0, 0, 0, 1, 1, 1, 0, 0, 0]","[4, 2, 8, 8, 2, 2, 2, 2, 2, 2]","9","3","5","1.0134451389312744","0.08324861526489258"
"40","25","28","10","True","True","25","28","10","True","True","25","28","10","True","True","0.0","0.0","3","3","3","12","12","12","[2, 2, 1, 1, 1, 1, 1, 1, 1, 1]","[2, 2, 1, 1, 1, 1, 1, 1, 1, 1]","[2, 2, 1, 1, 1, 1, 1, 1, 1, 1]","3","3","3","0.0010023117065429688","0.0009980201721191406"
"41","25","28","10","True","True","25","28","10","True","True","25","28","10","True","True","0.0","0.0","3","3","3","12","12","12","[1, 1, 1, 3, 3, 2, 1, 1, 1, 1]","[1, 1, 1, 3, 3, 2, 1, 1, 1, 1]","[1, 1, 1, 3, 3, 2, 1, 1, 1, 1]","3","3","3","0.0009996891021728516","0.0010001659393310547"
"42","25","27","10","True","True","25","27","10","True","True","25","27","10","True","True","0.0","0.0","3","3","3","11","11","11","[1, 1, 1, 2, 3, 4, 4, 4, 1, 1]","[1, 1, 1, 2, 3, 4, 4, 4, 1, 1]","[1, 1, 1, 2, 3, 4, 4, 4, 1, 1]","3","3","3","0.002003192901611328","0.0009942054748535156"
"43","30","38","10","True","True","30","38","10","True","True","30","38","10","True","True","0.0","0.0","3","3","3","16","16","16","[1, 2, 2, 2, 4, 4, 1, 1, 1, 1]","[1, 2, 2, 2, 4, 4, 1, 1, 1, 1]","[1, 2, 2, 2, 4, 4, 1, 1, 1, 1]","3","3","3","0.000993490219116211","0.0009999275207519531"
"44","32","40","10","True","False","31","40","10","True","False","31","40","10","True","False","0.0","0.0","5","5","5","16","16","16","[2, 2, 2, 2, 4, 4, 14, 4, 4, 1]","[1, 1, 1, 1, 2, 2, 7, 2, 2, 1]","[1, 1, 1, 1, 2, 2, 7, 2, 2, 1]","5","5","5","0.23886561393737793","0.02643728256225586"
"45","32","40","10","True","False","31","40","10","True","False","31","40","10","True","False","0.0","0.0","5","5","5","16","16","16","[1, 1, 1, 6, 6, 1, 1, 3, 3, 3]","[1, 1, 1, 6, 6, 1, 1, 2, 2, 2]","[1, 1, 1, 6, 6, 1, 1, 2, 2, 2]","5","5","5","0.2239668369293213","0.016365528106689453"
"46","38","46","10","True","False","29","34","10","True","True","37","46","10","True","False","0.0","0.1179603981885623","9","5","9","18","14","18","[1, 1, 1, 7, 1, 3, 4, 4, 4, 10]","[]","[1, 1, 1, 6, 1, 3, 4, 4, 4, 9]","9","5","9","11.317999601364136","0.08722257614135742"
"47","30","38","10","True","True","30","38","10","True","True","30","38","10","True","True","0.0","0.0","3","3","3","16","16","16","[1, 1, 3, 3, 2, 1, 1, 1, 1, 1]","[1, 1, 3, 3, 2, 1, 1, 1, 1, 1]","[1, 1, 3, 3, 2, 1, 1, 1, 1, 1]","3","3","3","0.0009958744049072266","0.000995635986328125"
"48","25","28","10","True","True","25","28","10","True","True","25","28","10","True","True","0.0","0.0","3","3","3","12","12","12","[1, 1, 1, 2, 2, 3, 3, 3, 3, 1]","[1, 1, 1, 2, 2, 3, 3, 3, 3, 1]","[1, 1, 1, 2, 2, 3, 3, 3, 3, 1]","3","3","3","0.0010018348693847656","0.0009999275207519531"
"49","25","27","10","True","True","25","27","10","True","True","25","27","10","True","True","0.0","0.0","3","3","3","11","11","11","[1, 1, 2, 4, 4, 4, 4, 3, 3, 3]","[1, 1, 2, 4, 4, 4, 4, 3, 3, 3]","[1, 1, 2, 4, 4, 4, 4, 3, 3, 3]","3","3","3","0.0020003318786621094","0.0009989738464355469"
"50","25","28","10","True","True","25","28","10","True","True","25","28","10","True","True","0.0","0.0","3","3","3","12","12","12","[1, 1, 1, 1, 1, 2, 2, 3, 3, 3]","[1, 1, 1, 1, 1, 2, 2, 3, 3, 3]","[1, 1, 1, 1, 1, 2, 2, 3, 3, 3]","3","3","3","0.0010018348693847656","0.000997304916381836"
"51","25","27","10","True","True","25","27","10","True","True","25","27","10","True","True","0.0","0.0","3","3","3","11","11","11","[1, 1, 1, 1, 2, 4, 4, 4, 4, 4]","[1, 1, 1, 1, 2, 4, 4, 4, 4, 4]","[1, 1, 1, 1, 2, 4, 4, 4, 4, 4]","3","3","3","0.0009989738464355469","0.0010018348693847656"
"52","38","46","10","True","False","29","33","10","True","True","35","42","10","True","True","0.02706228890395479","0.12233498653750219","9","4","7","18","12","16","[1, 1, 12, 2, 4, 11, 5, 5, 5, 2]","[1, 1, 1, 1, 2, 3, 3, 3, 6, 7]","[1, 1, 7, 1, 2, 6, 3, 3, 3, 1]","9","4","7","1.243715524673462","0.08499360084533691"
"53","25","28","10","True","True","25","28","10","True","True","25","28","10","True","True","0.0","0.0","3","3","3","12","12","12","[1, 1, 2, 2, 1, 2, 2, 1, 1, 1]","[1, 1, 2, 2, 1, 2, 2, 1, 1, 1]","[1, 1, 2, 2, 1, 2, 2, 1, 1, 1]","3","3","3","0.0009996891021728516","0.0010001659393310547"
"54","25","27","10","True","True","25","27","10","True","True","25","27","10","True","True","0.0","0.0","3","3","3","11","11","11","[1, 1, 1, 2, 2, 2, 4, 4, 1, 1]","[1, 1, 1, 2, 2, 2, 4, 4, 1, 1]","[1, 1, 1, 2, 2, 2, 4, 4, 1, 1]","3","3","3","0.0009996891021728516","0.00099945068359375"
"55","38","46","10","True","False","31","36","10","False","True","32","37","10","True","True","0.07019875987680235","0.0908408723502997","9","4","5","18","13","14","[1, 1, 2, 4, 22, 5, 12, 12, 4, 1]","[0, 0, 0, 0, 1, 1, 1, 3, 3, 5]","[1, 1, 2, 2, 10, 2, 6, 6, 2, 1]","9","5","5","0.43441104888916016","0.0710148811340332"
"56","32","40","10","True","False","31","40","10","True","False","31","40","10","True","False","0.0","0.0","5","5","5","16","16","16","[2, 4, 4, 9, 9, 2, 2, 1, 1, 1]","[1, 2, 2, 5, 5, 1, 1, 1, 1, 1]","[1, 2, 2, 5, 5, 1, 1, 1, 1, 1]","5","5","5","0.20099806785583496","0.021997451782226562"
"57","30","38","10","True","True","30","38","10","True","True","30","38","10","True","True","0.0","0.0","3","3","3","16","16","16","[1, 1, 1, 1, 1, 2, 3, 3, 3, 1]","[1, 1, 1, 1, 1, 2, 3, 3, 3, 1]","[1, 1, 1, 1, 1, 2, 3, 3, 3, 1]","3","3","3","0.0010006427764892578","0.0019986629486083984"
"58","25","28","10","True","True","25","28","10","True","True","25","28","10","True","True","0.0","0.0","3","3","3","12","12","12","[1, 1, 1, 2, 2, 4, 4, 4, 2, 1]","[1, 1, 1, 2, 2, 4, 4, 4, 2, 1]","[1, 1, 1, 2, 2, 4, 4, 4, 2, 1]","3","3","3","0.0009999275207519531","0.0009996891021728516"
"59","38","46","10","True","False","28","34","10","False","True","34","40","10","True","True","0.04081707618217245","0.1368929237142188","9","3","6","18","13","15","[1, 1, 6, 6, 1, 2, 6, 4, 4, 4]","[1, 1, 2, 2, 2, 2, 2, 5, 6, 6]","[1, 1, 5, 5, 1, 1, 4, 2, 2, 2]","9","4","6","0.6236672401428223","0.0670008659362793"
"60","25","28","10","True","True","25","28","10","True","True","25","28","10","True","True","0.0","0.0","3","3","3","12","12","12","[1, 1, 1, 1, 2, 3, 3, 3, 2, 2]","[1, 1, 1, 1, 2, 3, 3, 3, 2, 2]","[1, 1, 1, 1, 2, 3, 3, 3, 2, 2]","3","3","3","0.0009970664978027344","0.0009963512420654297"
"61","38","46","10","True","False","29","34","10","True","True","37","46","10","True","False","0.0","0.1179603981885623","9","5","9","18","14","18","[1, 2, 2, 2, 2, 2, 5, 9, 10, 1]","[]","[1, 1, 1, 1, 1, 1, 3, 5, 6, 1]","9","5","9","11.072508573532104","0.08909463882446289"
"62","30","38","10","True","True","30","38","10","True","True","30","38","10","True","True","0.0","0.0","3","3","3","16","16","16","[1, 1, 1, 1, 1, 3, 3, 1, 1, 1]","[1, 1, 1, 1, 1, 3, 3, 1, 1, 1]","[1, 1, 1, 1, 1, 3, 3, 1, 1, 1]","3","3","3","0.0009975433349609375","0.0009992122650146484"
"63","25","28","10","True","True","25","28","10","True","True","25","28","10","True","True","0.0","0.0","3","3","3","12","12","12","[1, 1, 3, 3, 3, 1, 1, 1, 1, 1]","[1, 1, 3, 3, 3, 1, 1, 1, 1, 1]","[1, 1, 3, 3, 3, 1, 1, 1, 1, 1]","3","3","3","0.0009999275207519531","0.0010027885437011719"
"64","25","27","10","True","True","25","27","10","True","True","25","27","10","True","True","0.0","0.0","3","3","3","11","11","11","[1, 1, 1, 4, 4, 3, 3, 2, 1, 1]","[1, 1, 1, 4, 4, 3, 3, 2, 1, 1]","[1, 1, 1, 4, 4, 3, 3, 2, 1, 1]","3","3","3","0.0009949207305908203","0.00099945068359375"
"65","38","46","10","True","False","28","31","10","True","True","36","44","10","True","False","0.012903977681324341","0.15000451533281678","9","4","8","18","13","17","[1, 2, 2, 2, 2, 5, 5, 5, 7, 9]","[1, 1, 1, 1, 1, 3, 3, 3, 4, 6]","[1, 1, 1, 1, 1, 2, 2, 2, 3, 4]","9","4","8","9.600767850875854","0.08321309089660645"
"66","38","46","10","True","False","30","35","10","False","True","36","43","10","True","False","0.02451807456409949","0.11433852814157541","9","5","8","18","14","16","[1, 1, 1, 2, 3, 11, 4, 4, 4, 4]","[1, 1, 1, 2, 2, 4, 4, 4, 5, 11]","[1, 1, 1, 2, 2, 9, 3, 3, 3, 4]","9","6","8","11.661602020263672","0.0969853401184082"
"67","32","40","10","True","False","31","40","10","True","False","31","40","10","True","False","0.0","0.0","5","5","5","16","16","16","[1, 2, 3, 4, 4, 4, 4, 15, 15, 1]","[1, 1, 2, 3, 3, 3, 3, 10, 10, 1]","[1, 1, 2, 3, 3, 3, 3, 10, 10, 1]","5","5","5","0.25772547721862793","0.018007516860961914"
"68","38","46","10","True","False","31","37","10","False","True","33","38","10","True","True","0.058621472115227835","0.0936132107142873","9","3","5","18","14","14","[1, 7, 2, 2, 2, 2, 3, 3, 3, 6]","[0, 0, 0, 0, 1, 1, 1, 1, 2, 2]","[1, 4, 2, 2, 2, 2, 2, 2, 2, 4]","9","3","5","0.2701292037963867","0.06315922737121582"
"69","38","46","10","True","False","31","34","10","True","True","33","38","10","True","True","0.05750179965986557","0.0884694652704553","9","4","5","18","12","14","[1, 2, 2, 4, 13, 8, 8, 2, 15, 15]","[0, 0, 0, 0, 0, 1, 1, 2, 2, 3]","[1, 1, 1, 2, 6, 2, 2, 1, 4, 4]","9","4","5","0.3559999465942383","0.06299948692321777"
"70","32","40","10","True","False","31","40","10","True","False","31","40","10","True","False","0.0","0.0","5","5","5","16","16","16","[1, 1, 1, 1, 2, 2, 13, 4, 4, 4]","[1, 1, 1, 1, 2, 2, 10, 3, 3, 3]","[1, 1, 1, 1, 2, 2, 10, 3, 3, 3]","5","5","5","0.20200085639953613","0.016000986099243164"
"71","38","46","10","True","False","29","35","10","False","True","31","34","10","True","False","0.0989580014100424","0.13644889858965326","9","3","4","18","14","12","[1, 1, 10, 6, 6, 2, 2, 1, 1, 1]","[1, 1, 1, 1, 2, 2, 2, 5, 5, 9]","[1, 1, 5, 3, 3, 1, 1, 1, 1, 1]","9","6","4","6.123265027999878","0.06399059295654297"
"72","38","46","10","True","False","30","34","10","False","True","34","40","10","True","False","0.04081707618217245","0.10432560828148563","9","4","6","18","13","15","[1, 16, 3, 3, 3, 13, 13, 2, 1, 1]","[0, 1, 1, 1, 1, 1, 1, 5, 5, 7]","[1, 7, 1, 1, 1, 5, 5, 1, 1, 1]","9","5","6","7.621492862701416","0.07299613952636719"
"73","32","40","10","True","False","31","40","10","True","False","31","40","10","True","False","0.0","0.0","5","5","5","16","16","16","[1, 1, 2, 2, 2, 8, 14, 8, 4, 4]","[1, 1, 2, 2, 2, 8, 13, 8, 4, 4]","[1, 1, 2, 2, 2, 8, 13, 8, 4, 4]","5","5","5","0.1923079490661621","0.020144939422607422"
"74","30","38","10","True","True","30","38","10","True","True","30","38","10","True","True","0.0","0.0","3","3","3","16","16","16","[1, 2, 3, 3, 3, 3, 3, 2, 1, 1]","[1, 2, 3, 3, 3, 3, 3, 2, 1, 1]","[1, 2, 3, 3, 3, 3, 3, 2, 1, 1]","3","3","3","0.0009992122650146484","0.0010075569152832031"
"75","25","28","10","True","True","25","28","10","True","True","25","28","10","True","True","0.0","0.0","3","3","3","12","12","12","[1, 1, 1, 1, 1, 1, 2, 2, 2, 1]","[1, 1, 1, 1, 1, 1, 2, 2, 2, 1]","[1, 1, 1, 1, 1, 1, 2, 2, 2, 1]","3","3","3","0.0009996891021728516","0.0010063648223876953"
"76","38","46","10","True","False","29","33","10","True","True","33","38","10","True","True","0.05539367261320105","0.11767093443054688","9","3","5","18","12","14","[10, 1, 2, 3, 6, 6, 10, 3, 2, 1]","[1, 2, 1, 4, 4, 4, 4, 4, 8, 8]","[6, 1, 2, 2, 4, 4, 6, 2, 2, 1]","9","3","5","0.4179995059967041","0.0690004825592041"
"77","30","37","10","True","True","30","37","10","True","True","30","37","10","True","True","0.0","0.0","3","3","3","15","15","15","[1, 1, 1, 1, 1, 1, 1, 4, 4, 4]","[1, 1, 1, 1, 1, 1, 1, 4, 4, 4]","[1, 1, 1, 1, 1, 1, 1, 4, 4, 4]","3","3","3","0.0010023117065429688","0.0009968280792236328"
"78","25","27","10","True","True","25","27","10","True","True","25","27","10","True","True","0.0","0.0","3","3","3","11","11","11","[1, 1, 2, 2, 3, 5, 5, 5, 1, 1]","[1, 1, 2, 2, 3, 5, 5, 5, 1, 1]","[1, 1, 2, 2, 3, 5, 5, 5, 1, 1]","3","3","3","0.0010013580322265625","0.0009987354278564453"
"79","38","46","10","True","False","30","35","10","False","True","31","34","10","True","True","0.09830629230407173","0.12231484901448009","9","2","3","18","12","13","[1, 1, 1, 4, 1, 2, 6, 3, 3, 3]","[0, 0, 0, 1, 1, 1, 2, 2, 0, 1]","[1, 1, 1, 2, 1, 1, 3, 1, 1, 1]","9","4","3","0.34900331497192383","0.6508688926696777"
"80","25","28","10","True","True","25","28","10","True","True","25","28","10","True","True","0.0","0.0","3","3","3","12","12","12","[1, 1, 2, 2, 2, 2, 2, 2, 1, 1]","[1, 1, 2, 2, 2, 2, 2, 2, 1, 1]","[1, 1, 2, 2, 2, 2, 2, 2, 1, 1]","3","3","3","0.0009992122650146484","0.0010004043579101562"
"81","32","40","10","True","False","31","39","10","True","False","31","39","10","True","False","0.01170194183985307","0.01170194183985307","5","5","5","16","15","15","[1, 1, 2, 13, 5, 3, 2, 1, 1, 1]","[1, 1, 2, 13, 5, 3, 2, 1, 1, 1]","[1, 1, 2, 13, 5, 3, 2, 1, 1, 1]","5","5","5","0.19019103050231934","0.01800060272216797"
"82","38","46","10","True","False","30","35","10","True","True","34","40","10","True","True","0.042405048647718435","0.103093713114907","9","3","5","18","14","16","[1, 1, 1, 8, 6, 14, 6, 3, 1, 1]","[1, 1, 1, 1, 1, 1, 3, 2, 3, 6]","[1, 1, 1, 3, 2, 5, 2, 1, 1, 1]","9","3","5","0.9913356304168701","0.0650031566619873"
"83","25","27","10","True","True","25","27","10","True","True","25","27","10","True","True","0.0","0.0","3","3","3","11","11","11","[1, 2, 4, 4, 4, 5, 5, 2, 1, 1]","[1, 2, 4, 4, 4, 5, 5, 2, 1, 1]","[1, 2, 4, 4, 4, 5, 5, 2, 1, 1]","3","3","3","0.0009999275207519531","0.0009987354278564453"
"84","25","28","10","True","True","25","28","10","True","True","25","28","10","True","True","0.0","0.0","3","3","3","12","12","12","[1, 1, 1, 1, 1, 2, 2, 4, 4, 4]","[1, 1, 1, 1, 1, 2, 2, 4, 4, 4]","[1, 1, 1, 1, 1, 2, 2, 4, 4, 4]","3","3","3","0.0009982585906982422","0.0009980201721191406"
"85","25","28","10","True","True","25","28","10","True","True","25","28","10","True","True","0.0","0.0","3","3","3","12","12","12","[1, 1, 2, 2, 1, 1, 2, 2, 1, 1]","[1, 1, 2, 2, 1, 1, 2, 2, 1, 1]","[1, 1, 2, 2, 1, 1, 2, 2, 1, 1]","3","3","3","0.0010001659393310547","0.0009965896606445312"
"86","25","28","10","True","True","25","28","10","True","True","25","28","10","True","True","0.0","0.0","3","3","3","12","12","12","[1, 1, 1, 1, 2, 2, 2, 2, 2, 1]","[1, 1, 1, 1, 2, 2, 2, 2, 2, 1]","[1, 1, 1, 1, 2, 2, 2, 2, 2, 1]","3","3","3","0.0010046958923339844","0.000997304916381836"
"87","25","28","10","True","True","25","28","10","True","True","25","28","10","True","True","0.0","0.0","3","3","3","12","12","12","[1, 1, 2, 2, 2, 2, 2, 1, 1, 1]","[1, 1, 2, 2, 2, 2, 2, 1, 1, 1]","[1, 1, 2, 2, 2, 2, 2, 1, 1, 1]","3","3","3","0.00099945068359375","0.0010027885437011719"
"88","32","40","10","True","False","31","40","10","True","False","31","40","10","True","False","0.0","0.0","5","5","5","16","16","16","[1, 1, 1, 5, 2, 4, 4, 1, 1, 1]","[1, 1, 1, 4, 2, 4, 4, 1, 1, 1]","[1, 1, 1, 4, 2, 4, 4, 1, 1, 1]","5","5","5","0.20928740501403809","0.014988422393798828"
"89","32","40","10","True","False","31","40","10","True","False","31","40","10","True","False","0.0","0.0","5","5","5","16","16","16","[3, 3, 3, 3, 3, 1, 2, 2, 9, 1]","[2, 2, 2, 2, 2, 1, 2, 2, 8, 1]","[2, 2, 2, 2, 2, 1, 2, 2, 8, 1]","5","5","5","0.19100403785705566","0.01599431037902832"
"90","25","27","10","True","True","25","27","10","True","True","25","27","10","True","True","0.0","0.0","3","3","3","11","11","11","[1, 1, 2, 3, 3, 4, 4, 1, 1, 1]","[1, 1, 2, 3, 3, 4, 4, 1, 1, 1]","[1, 1, 2, 3, 3, 4, 4, 1, 1, 1]","3","3","3","0.0010027885437011719","0.0009937286376953125"
"91","38","46","10","True","False","30","36","10","True","True","36","44","10","True","True","0.014446974136341217","0.1037489033878064","9","5","8","18","14","17","[11, 2, 2, 2, 2, 6, 16, 2, 2, 1]","[1, 1, 1, 1, 1, 1, 1, 3, 5, 8]","[5, 1, 1, 1, 1, 3, 8, 1, 1, 1]","9","5","8","0.6596665382385254","0.07599878311157227"
"92","38","46","10","True","False","33","39","10","True","True","35","42","10","True","True","0.027542636376090224","0.058477902607439236","9","5","7","18","14","16","[1, 1, 1, 1, 1, 7, 7, 7, 16, 2]","[1, 1, 1, 1, 1, 1, 4, 4, 4, 9]","[1, 1, 1, 1, 1, 5, 5, 5, 11, 1]","9","5","7","1.2203540802001953","0.08622884750366211"
"93","32","40","10","True","False","31","39","10","True","False","31","39","10","True","False","0.01170194183985307","0.01170194183985307","5","5","5","16","15","15","[1, 1, 2, 2, 6, 6, 1, 12, 1, 1]","[1, 1, 2, 2, 6, 6, 1, 12, 1, 1]","[1, 1, 2, 2, 6, 6, 1, 12, 1, 1]","5","5","5","0.19500136375427246","0.016000747680664062"
"94","25","27","10","True","True","25","27","10","True","True","25","27","10","True","True","0.0","0.0","3","3","3","11","11","11","[1, 1, 1, 3, 3, 3, 6, 6, 1, 1]","[1, 1, 1, 3, 3, 3, 6, 6, 1, 1]","[1, 1, 1, 3, 3, 3, 6, 6, 1, 1]","3","3","3","0.0010004043579101562","0.001001596450805664"
"95","38","46","10","True","False","33","39","10","True","False","33","37","10","True","False","0.07019875987680235","0.07318641605232568","9","5","5","18","14","14","[1, 1, 1, 3, 3, 1, 6, 20, 20, 20]","[1, 1, 1, 2, 2, 2, 7, 22, 22, 22]","[1, 1, 1, 1, 1, 1, 3, 10, 10, 10]","9","5","5","7.521006345748901","0.07499837875366211"
"96","30","38","10","True","True","30","38","10","True","True","30","38","10","True","True","0.0","0.0","3","3","3","16","16","16","[1, 1, 1, 1, 1, 2, 3, 3, 1, 1]","[1, 1, 1, 1, 1, 2, 3, 3, 1, 1]","[1, 1, 1, 1, 1, 2, 3, 3, 1, 1]","3","3","3","0.0010018348693847656","0.000997304916381836"
"97","38","46","10","True","False","31","34","10","True","False","32","36","10","True","False","0.08535052597227877","0.10479214873546439","9","4","5","18","11","13","[8, 9, 9, 8, 8, 8, 1, 3, 3, 15]","[0, 1, 1, 2, 2, 2, 2, 2, 2, 4]","[6, 6, 6, 6, 6, 6, 1, 3, 3, 12]","9","4","5","0.5279989242553711","0.07799935340881348"
"98","38","46","10","True","False","28","33","10","True","True","36","44","10","True","False","0.012903977681324341","0.13631601099112667","9","4","8","18","13","17","[1, 1, 1, 2, 4, 7, 5, 2, 1, 1]","[1, 1, 1, 1, 1, 2, 2, 4, 5, 6]","[1, 1, 1, 2, 4, 6, 5, 2, 1, 1]","9","4","8","9.85226058959961","0.07200407981872559"
"99","32","40","10","True","False","31","40","10","True","False","31","40","10","True","False","0.0","0.0","5","5","5","16","16","16","[2, 2, 2, 3, 5, 5, 3, 3, 13, 1]","[1, 1, 1, 2, 3, 3, 2, 2, 8, 1]","[1, 1, 1, 2, 3, 3, 2, 2, 8, 1]","5","5","5","0.20900774002075195","0.017001628875732422"
"100","39","44","15","True","True","39","44","15","True","True","39","44","15","True","True","0.0","0.0","5","5","5","19","19","19","[1, 1, 1, 1, 2, 2, 2, 1, 1, 4, 4, 4, 4, 1, 1]","[1, 1, 1, 1, 2, 2, 2, 1, 1, 4, 4, 4, 4, 1, 1]","[1, 1, 1, 1, 2, 2, 2, 1, 1, 4, 4, 4, 4, 1, 1]","5","5","5","0.001007080078125","0.0010004043579101562"
"101","39","43","15","True","True","39","43","15","True","True","39","43","15","True","True","0.0","0.0","5","5","5","18","18","18","[1, 1, 1, 1, 1, 2, 2, 5, 5, 2, 3, 4, 4, 3, 3]","[1, 1, 1, 1, 1, 2, 2, 5, 5, 2, 3, 4, 4, 3, 3]","[1, 1, 1, 1, 1, 2, 2, 5, 5, 2, 3, 4, 4, 3, 3]","5","5","5","0.0009992122650146484","0.0010035037994384766"
"102","39","44","15","True","True","39","44","15","True","True","39","44","15","True","True","0.0","0.0","5","5","5","19","19","19","[1, 1, 1, 1, 1, 1, 1, 3, 4, 4, 3, 3, 3, 2, 1]","[1, 1, 1, 1, 1, 1, 1, 3, 4, 4, 3, 3, 3, 2, 1]","[1, 1, 1, 1, 1, 1, 1, 3, 4, 4, 3, 3, 3, 2, 1]","5","5","5","0.0010001659393310547","0.001003265380859375"
"103","39","44","15","True","True","39","44","15","True","True","39","44","15","True","True","0.0","0.0","5","5","5","19","19","19","[1, 1, 1, 1, 1, 1, 1, 1, 1, 1, 4, 4, 1, 1, 1]","[1, 1, 1, 1, 1, 1, 1, 1, 1, 1, 4, 4, 1, 1, 1]","[1, 1, 1, 1, 1, 1, 1, 1, 1, 1, 4, 4, 1, 1, 1]","5","5","5","0.0010008811950683594","0.0009999275207519531"
"104","52","62","15","True","False","44","50","15","True","True","48","56","15","True","True","0.029762650556166115","0.07265780904394814","11","6","8","25","20","22","[1, 1, 6, 6, 6, 30, 1, 2, 2, 8, 9, 13, 13, 13, 2]","[1, 1, 1, 2, 2, 2, 4, 4, 4, 6, 6, 10, 10, 10, 22]","[1, 1, 4, 4, 4, 22, 1, 2, 2, 6, 6, 10, 10, 10, 2]","11","6","8","0.7275872230529785","0.1119999885559082"
"105","39","43","15","True","True","39","43","15","True","True","39","43","15","True","True","0.0","0.0","5","5","5","18","18","18","[1, 1, 1, 1, 1, 1, 2, 2, 4, 4, 5, 10, 10, 10, 9]","[1, 1, 1, 1, 1, 1, 2, 2, 4, 4, 5, 10, 10, 10, 9]","[1, 1, 1, 1, 1, 1, 2, 2, 4, 4, 5, 10, 10, 10, 9]","5","5","5","0.00099945068359375","0.0010006427764892578"
"106","52","62","15","True","False","40","43","15","True","True","46","52","15","True","True","0.05096784738793847","0.12197837434611303","11","3","6","25","16","20","[1, 1, 2, 2, 9, 3, 4, 4, 6, 19, 6, 3, 5, 5, 5]","[0, 1, 1, 1, 1, 1, 1, 1, 1, 1, 1, 2, 2, 3, 6]","[1, 1, 1, 1, 3, 1, 1, 1, 2, 6, 2, 1, 1, 1, 1]","11","3","6","0.5961368083953857","0.7106072902679443"
"107","52","62","15","True","False","45","52","15","True","True","49","57","15","True","True","0.02753879927978209","0.07322936792853951","11","7","9","25","20","22","[1, 1, 1, 1, 1, 2, 15, 3, 5, 5, 6, 6, 3, 9, 1]","[1, 1, 1, 1, 2, 2, 2, 3, 3, 5, 5, 6, 6, 7, 15]","[1, 1, 1, 1, 1, 2, 15, 3, 5, 5, 6, 6, 3, 7, 1]","11","7","9","0.9803922176361084","0.1159965991973877"
"108","39","43","15","True","True","39","43","15","True","True","39","43","15","True","True","0.0","0.0","5","5","5","18","18","18","[1, 1, 1, 2, 2, 2, 1, 8, 9, 9, 8, 8, 4, 4, 3]","[1, 1, 1, 2, 2, 2, 1, 8, 9, 9, 8, 8, 4, 4, 3]","[1, 1, 1, 2, 2, 2, 1, 8, 9, 9, 8, 8, 4, 4, 3]","5","5","5","0.0009980201721191406","0.0009999275207519531"
"109","46","56","15","True","False","45","55","15","True","False","45","55","15","True","False","0.009515869481628192","0.009515869481628192","7","7","7","23","22","22","[8, 8, 1, 2, 3, 3, 1, 2, 2, 2, 3, 3, 1, 1, 1]","[8, 8, 1, 2, 3, 3, 1, 2, 2, 2, 3, 3, 1, 1, 1]","[8, 8, 1, 2, 3, 3, 1, 2, 2, 2, 3, 3, 1, 1, 1]","7","7","7","0.18900132179260254","0.016004323959350586"
"110","39","43","15","True","True","39","43","15","True","True","39","43","15","True","True","0.0","0.0","5","5","5","18","18","18","[1, 3, 3, 4, 4, 2, 3, 3, 3, 3, 2, 1, 1, 1, 1]","[1, 3, 3, 4, 4, 2, 3, 3, 3, 3, 2, 1, 1, 1, 1]","[1, 3, 3, 4, 4, 2, 3, 3, 3, 3, 2, 1, 1, 1, 1]","5","5","5","0.0010030269622802734","0.000997781753540039"
"111","39","43","15","True","True","39","43","15","True","True","39","43","15","True","True","0.0","0.0","5","5","5","18","18","18","[1, 1, 1, 1, 1, 1, 1, 1, 4, 6, 6, 6, 3, 3, 3]","[1, 1, 1, 1, 1, 1, 1, 1, 4, 6, 6, 6, 3, 3, 3]","[1, 1, 1, 1, 1, 1, 1, 1, 4, 6, 6, 6, 3, 3, 3]","5","5","5","0.0009999275207519531","0.0010018348693847656"
"112","39","44","15","True","True","39","44","15","True","True","39","44","15","True","True","0.0","0.0","5","5","5","19","19","19","[1, 1, 1, 2, 2, 2, 1, 3, 3, 2, 2, 2, 2, 2, 1]","[1, 1, 1, 2, 2, 2, 1, 3, 3, 2, 2, 2, 2, 2, 1]","[1, 1, 1, 2, 2, 2, 1, 3, 3, 2, 2, 2, 2, 2, 1]","5","5","5","0.0010001659393310547","0.00099945068359375"
"113","46","56","15","True","False","45","55","15","True","False","45","55","15","True","False","0.009515869481628192","0.009515869481628192","7","7","7","23","22","22","[1, 1, 1, 1, 1, 2, 2, 2, 7, 7, 1, 9, 9, 9, 9]","[1, 1, 1, 1, 1, 2, 2, 2, 7, 7, 1, 9, 9, 9, 9]","[1, 1, 1, 1, 1, 2, 2, 2, 7, 7, 1, 9, 9, 9, 9]","7","7","7","0.19647622108459473","0.016000986099243164"
"114","46","56","15","True","False","45","56","15","True","False","45","56","15","True","False","0.0","0.0","7","7","7","23","23","23","[1, 1, 1, 1, 11, 1, 3, 3, 3, 2, 3, 3, 7, 7, 7]","[1, 1, 1, 1, 10, 1, 3, 3, 3, 2, 3, 3, 7, 7, 7]","[1, 1, 1, 1, 10, 1, 3, 3, 3, 2, 3, 3, 7, 7, 7]","7","7","7","0.19000649452209473","0.016997814178466797"
"115","39","43","15","True","True","39","43","15","True","True","39","43","15","True","True","0.0","0.0","5","5","5","18","18","18","[2, 2, 2, 2, 4, 5, 9, 9, 5, 5, 4, 2, 1, 1, 1]","[2, 2, 2, 2, 4, 5, 9, 9, 5, 5, 4, 2, 1, 1, 1]","[2, 2, 2, 2, 4, 5, 9, 9, 5, 5, 4, 2, 1, 1, 1]","5","5","5","0.0009982585906982422","0.0009982585906982422"
"116","39","44","15","True","True","39","44","15","True","True","39","44","15","True","True","0.0","0.0","5","5","5","19","19","19","[1, 1, 1, 1, 1, 2, 3, 4, 4, 3, 4, 4, 4, 4, 1]","[1, 1, 1, 1, 1, 2, 3, 4, 4, 3, 4, 4, 4, 4, 1]","[1, 1, 1, 1, 1, 2, 3, 4, 4, 3, 4, 4, 4, 4, 1]","5","5","5","0.0020003318786621094","0.00099945068359375"
"117","39","43","15","True","True","39","43","15","True","True","39","43","15","True","True","0.0","0.0","5","5","5","18","18","18","[1, 1, 1, 3, 3, 3, 1, 1, 1, 1, 1, 4, 8, 8, 8]","[1, 1, 1, 3, 3, 3, 1, 1, 1, 1, 1, 4, 8, 8, 8]","[1, 1, 1, 3, 3, 3, 1, 1, 1, 1, 1, 4, 8, 8, 8]","5","5","5","0.000997781753540039","0.0009989738464355469"
"118","52","62","15","True","False","45","51","15","True","True","47","54","15","True","True","0.04182774420436308","0.06330603492272557","11","5","6","25","21","22","[1, 1, 2, 3, 3, 15, 15, 15, 5, 10, 10, 5, 5, 19, 1]","[1, 1, 2, 3, 3, 1, 5, 5, 5, 10, 10, 10, 10, 10, 15]","[1, 1, 2, 3, 3, 10, 10, 10, 5, 10, 10, 5, 5, 15, 1]","11","5","6","0.35932064056396484","0.08100128173828125"
"119","39","43","15","True","True","39","43","15","True","True","39","43","15","True","True","0.0","0.0","5","5","5","18","18","18","[1, 1, 1, 1, 2, 2, 2, 3, 3, 3, 4, 7, 7, 1, 1]","[1, 1, 1, 1, 2, 2, 2, 3, 3, 3, 4, 7, 7, 1, 1]","[1, 1, 1, 1, 2, 2, 2, 3, 3, 3, 4, 7, 7, 1, 1]","5","5","5","0.00099945068359375","0.0010001659393310547"
"120","46","56","15","True","False","45","56","15","True","False","45","56","15","True","False","0.0","0.0","7","7","7","23","23","23","[19, 3, 10, 10, 10, 6, 6, 6, 6, 6, 6, 3, 3, 3, 1]","[13, 2, 7, 7, 7, 4, 4, 4, 4, 4, 4, 2, 2, 2, 1]","[13, 2, 7, 7, 7, 4, 4, 4, 4, 4, 4, 2, 2, 2, 1]","7","7","7","0.1990041732788086","0.01600050926208496"
"121","39","43","15","True","True","39","43","15","True","True","39","43","15","True","True","0.0","0.0","5","5","5","18","18","18","[1, 1, 1, 1, 1, 1, 2, 3, 3, 3, 6, 6, 4, 4, 1]","[1, 1, 1, 1, 1, 1, 2, 3, 3, 3, 6, 6, 4, 4, 1]","[1, 1, 1, 1, 1, 1, 2, 3, 3, 3, 6, 6, 4, 4, 1]","5","5","5","0.0009989738464355469","0.0009982585906982422"
"122","39","43","15","True","True","39","43","15","True","True","39","43","15","True","True","0.0","0.0","5","5","5","18","18","18","[1, 1, 1, 3, 3, 3, 2, 2, 1, 1, 4, 5, 5, 5, 5]","[1, 1, 1, 3, 3, 3, 2, 2, 1, 1, 4, 5, 5, 5, 5]","[1, 1, 1, 3, 3, 3, 2, 2, 1, 1, 4, 5, 5, 5, 5]","5","5","5","0.0009951591491699219","0.00099945068359375"
"123","46","56","15","True","False","45","55","15","True","False","45","55","15","True","False","0.009515869481628192","0.009515869481628192","7","7","7","23","22","22","[1, 1, 1, 1, 4, 4, 14, 14, 14, 4, 4, 4, 4, 1, 1]","[1, 1, 1, 1, 4, 4, 14, 14, 14, 4, 4, 4, 4, 1, 1]","[1, 1, 1, 1, 4, 4, 14, 14, 14, 4, 4, 4, 4, 1, 1]","7","7","7","0.2050020694732666","0.014994144439697266"
"124","39","43","15","True","True","39","43","15","True","True","39","43","15","True","True","0.0","0.0","5","5","5","18","18","18","[1, 1, 1, 1, 2, 2, 2, 6, 6, 3, 2, 1, 3, 3, 3]","[1, 1, 1, 1, 2, 2, 2, 6, 6, 3, 2, 1, 3, 3, 3]","[1, 1, 1, 1, 2, 2, 2, 6, 6, 3, 2, 1, 3, 3, 3]","5","5","5","0.0010027885437011719","0.0009965896606445312"
"125","46","56","15","True","False","45","56","15","True","False","45","56","15","True","False","0.0","0.0","7","7","7","23","23","23","[1, 1, 1, 1, 2, 2, 2, 2, 1, 1, 2, 8, 4, 4, 4]","[1, 1, 1, 1, 2, 2, 1, 1, 1, 1, 1, 5, 3, 3, 3]","[1, 1, 1, 1, 2, 2, 1, 1, 1, 1, 1, 5, 3, 3, 3]","7","7","7","0.8626186847686768","0.01699972152709961"
"126","52","62","15","True","False","42","47","15","True","True","46","51","15","True","True","0.06100273862880834","0.10706712071608293","11","4","6","25","17","19","[1, 6, 1, 2, 16, 7, 7, 7, 6, 6, 2, 2, 2, 2, 1]","[1, 1, 2, 1, 2, 3, 3, 3, 4, 4, 4, 4, 4, 5, 14]","[1, 4, 1, 2, 12, 4, 4, 4, 4, 4, 2, 2, 2, 2, 1]","11","4","6","0.5169970989227295","0.10199522972106934"
"127","39","43","15","True","True","39","43","15","True","True","39","43","15","True","True","0.0","0.0","5","5","5","18","18","18","[1, 1, 1, 2, 3, 4, 4, 4, 4, 4, 5, 5, 5, 5, 1]","[1, 1, 1, 2, 3, 4, 4, 4, 4, 4, 5, 5, 5, 5, 1]","[1, 1, 1, 2, 3, 4, 4, 4, 4, 4, 5, 5, 5, 5, 1]","5","5","5","0.0010001659393310547","0.0009996891021728516"
"128","39","44","15","True","True","39","44","15","True","True","39","44","15","True","True","0.0","0.0","5","5","5","19","19","19","[1, 2, 2, 1, 1, 1, 2, 2, 3, 3, 2, 2, 2, 1, 1]","[1, 2, 2, 1, 1, 1, 2, 2, 3, 3, 2, 2, 2, 1, 1]","[1, 2, 2, 1, 1, 1, 2, 2, 3, 3, 2, 2, 2, 1, 1]","5","5","5","0.0009887218475341797","0.0009996891021728516"
"129","39","44","15","True","True","39","44","15","True","True","39","44","15","True","True","0.0","0.0","5","5","5","19","19","19","[1, 1, 1, 1, 1, 1, 2, 5, 5, 4, 3, 1, 1, 1, 1]","[1, 1, 1, 1, 1, 1, 2, 5, 5, 4, 3, 1, 1, 1, 1]","[1, 1, 1, 1, 1, 1, 2, 5, 5, 4, 3, 1, 1, 1, 1]","5","5","5","0.0009946823120117188","0.0009992122650146484"
"130","39","44","15","True","True","39","44","15","True","True","39","44","15","True","True","0.0","0.0","5","5","5","19","19","19","[1, 1, 1, 1, 1, 1, 1, 2, 2, 2, 2, 2, 2, 1, 1]","[1, 1, 1, 1, 1, 1, 1, 2, 2, 2, 2, 2, 2, 1, 1]","[1, 1, 1, 1, 1, 1, 1, 2, 2, 2, 2, 2, 2, 1, 1]","5","5","5","0.0009937286376953125","0.0009968280792236328"
"131","52","62","15","True","False","44","48","15","False","True","44","47","16","True","True","0.08528851726466602","0.08739612415997466","11","4","4","25","18","18","[1, 1, 1, 2, 4, 4, 4, 8, 8, 1, 2, 2, 12, 1, 1]","[0, 0, 0, 0, 0, 0, 0, 0, 0, 0, 0, 0, 1, 1, 1]","[1, 1, 1, 1, 2, 2, 2, 3, 3, 1, 2, 2, 4, 1, 1, 1]","11","6","4","0.3730001449584961","0.06900620460510254"
"132","39","43","15","True","True","39","43","15","True","True","39","43","15","True","True","0.0","0.0","5","5","5","18","18","18","[1, 2, 2, 2, 4, 4, 4, 4, 5, 5, 1, 5, 5, 5, 5]","[1, 2, 2, 2, 4, 4, 4, 4, 5, 5, 1, 5, 5, 5, 5]","[1, 2, 2, 2, 4, 4, 4, 4, 5, 5, 1, 5, 5, 5, 5]","5","5","5","0.0010008811950683594","0.0010068416595458984"
"133","39","43","15","True","True","39","43","15","True","True","39","43","15","True","True","0.0","0.0","5","5","5","18","18","18","[1, 1, 1, 1, 1, 2, 8, 10, 10, 5, 5, 1, 1, 1, 1]","[1, 1, 1, 1, 1, 2, 8, 10, 10, 5, 5, 1, 1, 1, 1]","[1, 1, 1, 1, 1, 2, 8, 10, 10, 5, 5, 1, 1, 1, 1]","5","5","5","0.0010008811950683594","0.0009996891021728516"
"134","39","44","15","True","True","39","44","15","True","True","39","44","15","True","True","0.0","0.0","5","5","5","19","19","19","[1, 1, 1, 1, 1, 2, 2, 3, 3, 6, 6, 6, 6, 1, 1]","[1, 1, 1, 1, 1, 2, 2, 3, 3, 6, 6, 6, 6, 1, 1]","[1, 1, 1, 1, 1, 2, 2, 3, 3, 6, 6, 6, 6, 1, 1]","5","5","5","0.0010006427764892578","0.001001119613647461"
"135","44","54","15","True","True","44","54","15","True","True","44","54","15","True","True","0.0","0.0","5","5","5","23","23","23","[1, 1, 2, 2, 1, 1, 1, 1, 1, 2, 2, 2, 2, 2, 2]","[1, 1, 2, 2, 1, 1, 1, 1, 1, 2, 2, 2, 2, 2, 2]","[1, 1, 2, 2, 1, 1, 1, 1, 1, 2, 2, 2, 2, 2, 2]","5","5","5","0.0010046958923339844","0.0009930133819580078"
"136","44","53","15","True","True","44","53","15","True","True","44","53","15","True","True","0.0","0.0","5","5","5","22","22","22","[1, 1, 1, 1, 1, 3, 3, 4, 4, 3, 5, 5, 5, 5, 5]","[1, 1, 1, 1, 1, 3, 3, 4, 4, 3, 5, 5, 5, 5, 5]","[1, 1, 1, 1, 1, 3, 3, 4, 4, 3, 5, 5, 5, 5, 5]","5","5","5","0.0010006427764892578","0.0010006427764892578"
"137","39","44","15","True","True","39","44","15","True","True","39","44","15","True","True","0.0","0.0","5","5","5","19","19","19","[3, 3, 3, 3, 3, 4, 4, 1, 2, 2, 1, 1, 1, 1, 1]","[3, 3, 3, 3, 3, 4, 4, 1, 2, 2, 1, 1, 1, 1, 1]","[3, 3, 3, 3, 3, 4, 4, 1, 2, 2, 1, 1, 1, 1, 1]","5","5","5","0.0010046958923339844","0.0010035037994384766"
"138","39","44","15","True","True","39","44","15","True","True","39","44","15","True","True","0.0","0.0","5","5","5","19","19","19","[1, 1, 1, 3, 3, 2, 2, 4, 4, 4, 2, 2, 1, 1, 1]","[1, 1, 1, 3, 3, 2, 2, 4, 4, 4, 2, 2, 1, 1, 1]","[1, 1, 1, 3, 3, 2, 2, 4, 4, 4, 2, 2, 1, 1, 1]","5","5","5","0.0009963512420654297","0.0010013580322265625"
"139","44","54","15","True","True","44","54","15","True","True","44","54","15","True","True","0.0","0.0","5","5","5","23","23","23","[1, 1, 1, 2, 2, 2, 5, 5, 1, 1, 1, 2, 2, 2, 1]","[1, 1, 1, 2, 2, 2, 5, 5, 1, 1, 1, 2, 2, 2, 1]","[1, 1, 1, 2, 2, 2, 5, 5, 1, 1, 1, 2, 2, 2, 1]","5","5","5","0.0010056495666503906","0.001992940902709961"
"140","52","62","15","True","False","43","49","15","False","True","47","53","15","True","True","0.0494150018935241","0.09623958439810265","11","4","7","25","19","20","[1, 1, 1, 1, 1, 1, 2, 14, 3, 7, 7, 7, 7, 22, 3]","[0, 0, 0, 0, 0, 0, 0, 1, 1, 1, 1, 3, 3, 6, 9]","[1, 1, 1, 1, 1, 1, 2, 12, 3, 3, 3, 6, 6, 18, 3]","11","6","7","0.5112948417663574","0.07799649238586426"
"141","39","44","15","True","True","39","44","15","True","True","39","44","15","True","True","0.0","0.0","5","5","5","19","19","19","[1, 1, 1, 1, 1, 2, 2, 2, 4, 4, 4, 4, 4, 4, 1]","[1, 1, 1, 1, 1, 2, 2, 2, 4, 4, 4, 4, 4, 4, 1]","[1, 1, 1, 1, 1, 2, 2, 2, 4, 4, 4, 4, 4, 4, 1]","5","5","5","0.001004934310913086","0.0010030269622802734"
"142","46","56","15","True","False","45","56","15","True","False","45","56","15","True","False","0.0","0.0","7","7","7","23","23","23","[1, 1, 1, 2, 2, 5, 5, 2, 1, 10, 10, 1, 2, 2, 2]","[1, 1, 1, 2, 2, 5, 5, 2, 1, 10, 10, 1, 1, 1, 1]","[1, 1, 1, 2, 2, 5, 5, 2, 1, 10, 10, 1, 1, 1, 1]","7","7","7","0.18899917602539062","0.020000934600830078"
"143","39","44","15","True","True","39","44","15","True","True","39","44","15","True","True","0.0","0.0","5","5","5","19","19","19","[1, 2, 2, 2, 2, 2, 4, 4, 4, 8, 8, 8, 4, 2, 1]","[1, 2, 2, 2, 2, 2, 4, 4, 4, 8, 8, 8, 4, 2, 1]","[1, 2, 2, 2, 2, 2, 4, 4, 4, 8, 8, 8, 4, 2, 1]","5","5","5","0.0009999275207519531","0.0010008811950683594"
"144","46","56","15","True","False","45","56","15","True","False","45","56","15","True","False","0.0","0.0","7","7","7","23","23","23","[1, 1, 12, 1, 1, 2, 2, 5, 5, 3, 3, 3, 1, 1, 1]","[1, 1, 11, 1, 1, 2, 2, 5, 5, 3, 3, 3, 1, 1, 1]","[1, 1, 11, 1, 1, 2, 2, 5, 5, 3, 3, 3, 1, 1, 1]","7","7","7","0.18900060653686523","0.016999244689941406"
"145","39","44","15","True","True","39","44","15","True","True","39","44","15","True","True","0.0","0.0","5","5","5","19","19","19","[1, 1, 1, 1, 1, 2, 2, 2, 1, 3, 4, 4, 1, 1, 1]","[1, 1, 1, 1, 1, 2, 2, 2, 1, 3, 4, 4, 1, 1, 1]","[1, 1, 1, 1, 1, 2, 2, 2, 1, 3, 4, 4, 1, 1, 1]","5","5","5","0.0009946823120117188","0.001001596450805664"
"146","39","44","15","True","True","39","44","15","True","True","39","44","15","True","True","0.0","0.0","5","5","5","19","19","19","[1, 1, 1, 1, 1, 5, 5, 5, 5, 4, 4, 4, 1, 1, 1]","[1, 1, 1, 1, 1, 5, 5, 5, 5, 4, 4, 4, 1, 1, 1]","[1, 1, 1, 1, 1, 5, 5, 5, 5, 4, 4, 4, 1, 1, 1]","5","5","5","0.0009884834289550781","0.0009992122650146484"
"147","39","43","15","True","True","39","43","15","True","True","39","43","15","True","True","0.0","0.0","5","5","5","18","18","18","[1, 1, 1, 1, 2, 2, 1, 2, 6, 7, 7, 7, 7, 4, 1]","[1, 1, 1, 1, 2, 2, 1, 2, 6, 7, 7, 7, 7, 4, 1]","[1, 1, 1, 1, 2, 2, 1, 2, 6, 7, 7, 7, 7, 4, 1]","5","5","5","0.0019948482513427734","0.000997304916381836"
"148","52","62","15","True","False","42","48","15","True","True","42","44","15","True","True","0.09391608180769473","0.09737684565771454","11","4","2","25","18","16","[1, 1, 1, 1, 1, 1, 1, 3, 4, 9, 11, 11, 3, 18, 1]","[1, 1, 1, 1, 2, 2, 2, 2, 2, 2, 2, 5, 7, 8, 13]","[1, 1, 1, 1, 1, 1, 1, 1, 1, 2, 2, 2, 1, 3, 1]","11","4","2","1.5882453918457031","0.10500907897949219"
"149","39","44","15","True","True","39","44","15","True","True","39","44","15","True","True","0.0","0.0","5","5","5","19","19","19","[1, 1, 1, 2, 2, 2, 2, 2, 3, 3, 6, 6, 6, 6, 1]","[1, 1, 1, 2, 2, 2, 2, 2, 3, 3, 6, 6, 6, 6, 1]","[1, 1, 1, 2, 2, 2, 2, 2, 3, 3, 6, 6, 6, 6, 1]","5","5","5","0.0010006427764892578","0.0010089874267578125"
"150","39","43","15","True","True","39","43","15","True","True","39","43","15","True","True","0.0","0.0","5","5","5","18","18","18","[1, 2, 3, 3, 3, 3, 8, 11, 11, 8, 2, 2, 2, 1, 1]","[1, 2, 3, 3, 3, 3, 8, 11, 11, 8, 2, 2, 2, 1, 1]","[1, 2, 3, 3, 3, 3, 8, 11, 11, 8, 2, 2, 2, 1, 1]","5","5","5","0.0019981861114501953","0.001995563507080078"
"151","44","54","15","True","True","44","54","15","True","True","44","54","15","True","True","0.0","0.0","5","5","5","23","23","23","[1, 1, 1, 1, 1, 2, 2, 2, 2, 2, 1, 3, 3, 3, 3]","[1, 1, 1, 1, 1, 2, 2, 2, 2, 2, 1, 3, 3, 3, 3]","[1, 1, 1, 1, 1, 2, 2, 2, 2, 2, 1, 3, 3, 3, 3]","5","5","5","0.0020036697387695312","0.0009932518005371094"
"152","46","56","15","True","False","45","56","15","True","False","45","56","15","True","False","0.0","0.0","7","7","7","23","23","23","[2, 2, 2, 2, 6, 6, 2, 4, 13, 6, 6, 6, 4, 2, 1]","[1, 1, 1, 1, 3, 3, 1, 2, 6, 3, 3, 3, 2, 1, 1]","[1, 1, 1, 1, 3, 3, 1, 2, 6, 3, 3, 3, 2, 1, 1]","7","7","7","0.24706006050109863","0.017000913619995117"
"153","39","44","15","True","True","39","44","15","True","True","39","44","15","True","True","0.0","0.0","5","5","5","19","19","19","[1, 1, 2, 2, 1, 1, 1, 1, 1, 2, 4, 4, 3, 2, 2]","[1, 1, 2, 2, 1, 1, 1, 1, 1, 2, 4, 4, 3, 2, 2]","[1, 1, 2, 2, 1, 1, 1, 1, 1, 2, 4, 4, 3, 2, 2]","5","5","5","0.0010006427764892578","0.0010039806365966797"
"154","39","44","15","True","True","39","44","15","True","True","39","44","15","True","True","0.0","0.0","5","5","5","19","19","19","[1, 1, 1, 1, 1, 1, 1, 2, 3, 4, 5, 5, 5, 5, 1]","[1, 1, 1, 1, 1, 1, 1, 2, 3, 4, 5, 5, 5, 5, 1]","[1, 1, 1, 1, 1, 1, 1, 2, 3, 4, 5, 5, 5, 5, 1]","5","5","5","0.000995635986328125","0.001005411148071289"
"155","52","62","15","True","False","41","44","15","True","True","49","57","15","True","True","0.02983668888751878","0.11812412643467052","11","5","9","25","17","22","[1, 1, 1, 1, 7, 7, 3, 3, 3, 17, 17, 3, 3, 1, 1]","[0, 0, 0, 1, 1, 1, 2, 2, 2, 2, 2, 6, 6, 14, 14]","[1, 1, 1, 1, 6, 6, 2, 2, 2, 14, 14, 2, 2, 1, 1]","11","5","9","1.0947329998016357","0.10603952407836914"
"156","52","62","15","True","False","39","44","15","True","True","51","62","15","True","False","0.0","0.13062719468911255","11","5","11","25","19","25","[1, 1, 5, 2, 2, 6, 7, 7, 2, 2, 2, 1, 1, 1, 1]","[]","[1, 1, 4, 2, 2, 4, 5, 5, 2, 2, 2, 1, 1, 1, 1]","11","5","11","13.85484504699707","0.11300134658813477"
"157","39","43","15","True","True","39","43","15","True","True","39","43","15","True","True","0.0","0.0","5","5","5","18","18","18","[1, 1, 3, 4, 4, 3, 3, 3, 9, 9, 9, 3, 3, 1, 1]","[1, 1, 3, 4, 4, 3, 3, 3, 9, 9, 9, 3, 3, 1, 1]","[1, 1, 3, 4, 4, 3, 3, 3, 9, 9, 9, 3, 3, 1, 1]","5","5","5","0.0010004043579101562","0.000997304916381836"
"158","39","44","15","True","True","39","44","15","True","True","39","44","15","True","True","0.0","0.0","5","5","5","19","19","19","[1, 1, 1, 1, 1, 2, 2, 1, 1, 2, 2, 3, 3, 3, 1]","[1, 1, 1, 1, 1, 2, 2, 1, 1, 2, 2, 3, 3, 3, 1]","[1, 1, 1, 1, 1, 2, 2, 1, 1, 2, 2, 3, 3, 3, 1]","5","5","5","0.0010030269622802734","0.0009987354278564453"
"159","44","54","15","True","True","44","54","15","True","True","44","54","15","True","True","0.0","0.0","5","5","5","23","23","23","[1, 1, 1, 1, 1, 2, 2, 2, 1, 4, 4, 4, 1, 1, 1]","[1, 1, 1, 1, 1, 2, 2, 2, 1, 4, 4, 4, 1, 1, 1]","[1, 1, 1, 1, 1, 2, 2, 2, 1, 4, 4, 4, 1, 1, 1]","5","5","5","0.0009989738464355469","0.0010006427764892578"
"160","39","44","15","True","True","39","44","15","True","True","39","44","15","True","True","0.0","0.0","5","5","5","19","19","19","[1, 1, 1, 1, 2, 2, 2, 5, 5, 1, 2, 2, 2, 2, 2]","[1, 1, 1, 1, 2, 2, 2, 5, 5, 1, 2, 2, 2, 2, 2]","[1, 1, 1, 1, 2, 2, 2, 5, 5, 1, 2, 2, 2, 2, 2]","5","5","5","0.0009992122650146484","0.001007080078125"
"161","39","43","15","True","True","39","43","15","True","True","39","43","15","True","True","0.0","0.0","5","5","5","18","18","18","[1, 1, 1, 1, 1, 2, 4, 4, 2, 4, 4, 3, 3, 3, 1]","[1, 1, 1, 1, 1, 2, 4, 4, 2, 4, 4, 3, 3, 3, 1]","[1, 1, 1, 1, 1, 2, 4, 4, 2, 4, 4, 3, 3, 3, 1]","5","5","5","0.0010023117065429688","0.0020024776458740234"
"162","39","43","15","True","True","39","43","15","True","True","39","43","15","True","True","0.0","0.0","5","5","5","18","18","18","[1, 1, 1, 1, 1, 1, 3, 3, 4, 5, 5, 4, 2, 2, 2]","[1, 1, 1, 1, 1, 1, 3, 3, 4, 5, 5, 4, 2, 2, 2]","[1, 1, 1, 1, 1, 1, 3, 3, 4, 5, 5, 4, 2, 2, 2]","5","5","5","0.0010008811950683594","0.0010013580322265625"
"163","52","62","15","True","False","40","45","15","True","True","46","52","16","True","True","0.05406394716094187","0.12096669382338054","11","3","6","25","17","21","[1, 1, 1, 2, 2, 1, 6, 6, 6, 10, 10, 10, 10, 6, 1]","[1, 1, 1, 1, 2, 3, 3, 3, 3, 3, 5, 11, 11, 10, 10]","[1, 1, 1, 2, 2, 1, 2, 2, 2, 6, 6, 6, 6, 3, 1, 1]","11","3","6","0.6622684001922607","0.08700108528137207"
"164","46","56","15","True","False","45","56","15","True","False","45","56","15","True","False","0.0","0.0","7","7","7","23","23","23","[1, 3, 3, 8, 23, 8, 8, 8, 8, 4, 4, 3, 2, 2, 2]","[1, 1, 1, 3, 8, 3, 3, 3, 3, 1, 1, 1, 1, 1, 1]","[1, 1, 1, 3, 8, 3, 3, 3, 3, 1, 1, 1, 1, 1, 1]","7","7","7","0.9185857772827148","0.01600193977355957"
"165","52","62","15","True","False","41","48","15","False","True","45","49","15","True","True","0.07116359147735407","0.12198558455694208","11","3","5","25","17","18","[7, 4, 1, 1, 1, 1, 1, 4, 4, 5, 6, 6, 6, 2, 1]","[1, 2, 3, 4, 4, 5, 5, 3, 5, 5, 7, 7, 7, 7, 7]","[4, 2, 1, 1, 1, 1, 1, 3, 3, 4, 4, 4, 4, 1, 1]","11","4","5","0.5383415222167969","0.09099960327148438"
"166","46","56","15","True","False","45","56","15","True","False","45","56","15","True","False","0.0","0.0","7","7","7","23","23","23","[1, 1, 1, 1, 1, 12, 3, 3, 1, 1, 2, 3, 4, 4, 4]","[1, 1, 1, 1, 1, 10, 3, 3, 1, 1, 2, 2, 3, 3, 3]","[1, 1, 1, 1, 1, 10, 3, 3, 1, 1, 2, 2, 3, 3, 3]","7","7","7","0.1999983787536621","0.017005443572998047"
"167","52","62","15","True","False","42","46","15","True","False","46","51","15","True","True","0.062097997769815616","0.10643331659362565","11","4","6","25","17","19","[1, 1, 1, 1, 1, 1, 2, 4, 4, 15, 8, 8, 18, 8, 4]","[1, 1, 1, 1, 1, 1, 2, 4, 4, 4, 2, 2, 2, 6, 6]","[1, 1, 1, 1, 1, 1, 2, 4, 4, 3, 1, 1, 3, 1, 4]","11","4","6","0.8064389228820801","0.06699633598327637"
"168","39","43","15","True","True","39","43","15","True","True","39","43","15","True","True","0.0","0.0","5","5","5","18","18","18","[1, 1, 1, 1, 1, 1, 1, 2, 4, 5, 7, 7, 7, 2, 1]","[1, 1, 1, 1, 1, 1, 1, 2, 4, 5, 7, 7, 7, 2, 1]","[1, 1, 1, 1, 1, 1, 1, 2, 4, 5, 7, 7, 7, 2, 1]","5","5","5","0.0010042190551757812","0.0009963512420654297"
"169","46","56","15","True","False","45","56","15","True","False","45","56","15","True","False","0.0","0.0","7","7","7","23","23","23","[1, 1, 1, 1, 3, 15, 3, 4, 4, 2, 3, 3, 3, 1, 1]","[1, 1, 1, 1, 3, 13, 3, 3, 3, 2, 3, 3, 3, 1, 1]","[1, 1, 1, 1, 3, 13, 3, 3, 3, 2, 3, 3, 3, 1, 1]","7","7","7","0.20899629592895508","0.015999794006347656"
"170","44","54","15","True","True","44","54","15","True","True","44","54","15","True","True","0.0","0.0","5","5","5","23","23","23","[1, 1, 1, 2, 5, 5, 6, 6, 2, 2, 2, 2, 2, 1, 1]","[1, 1, 1, 2, 5, 5, 6, 6, 2, 2, 2, 2, 2, 1, 1]","[1, 1, 1, 2, 5, 5, 6, 6, 2, 2, 2, 2, 2, 1, 1]","5","5","5","0.001001119613647461","0.0009989738464355469"
"171","39","43","15","True","True","39","43","15","True","True","39","43","15","True","True","0.0","0.0","5","5","5","18","18","18","[1, 1, 2, 2, 2, 2, 1, 1, 3, 3, 4, 4, 3, 3, 3]","[1, 1, 2, 2, 2, 2, 1, 1, 3, 3, 4, 4, 3, 3, 3]","[1, 1, 2, 2, 2, 2, 1, 1, 3, 3, 4, 4, 3, 3, 3]","5","5","5","0.0010001659393310547","0.0009992122650146484"
"172","39","44","15","True","True","39","44","15","True","True","39","44","15","True","True","0.0","0.0","5","5","5","19","19","19","[1, 1, 1, 2, 2, 2, 3, 3, 3, 3, 3, 3, 2, 1, 1]","[1, 1, 1, 2, 2, 2, 3, 3, 3, 3, 3, 3, 2, 1, 1]","[1, 1, 1, 2, 2, 2, 3, 3, 3, 3, 3, 3, 2, 1, 1]","5","5","5","0.0009987354278564453","0.0010001659393310547"
"173","52","62","15","True","False","45","51","14","True","True","47","54","15","True","True","0.04075562923115972","0.06220936489672957","11","6","7","25","20","21","[1, 2, 2, 7, 8, 13, 15, 15, 8, 8, 2, 2, 3, 3, 3]","[1, 2, 2, 2, 2, 3, 3, 3, 5, 5, 5, 5, 11, 11]","[1, 2, 2, 4, 4, 8, 10, 10, 4, 4, 2, 2, 3, 3, 3]","11","6","7","1.0595626831054688","0.1589977741241455"
"174","44","54","15","True","True","44","54","15","True","True","44","54","15","True","True","0.0","0.0","5","5","5","23","23","23","[1, 1, 1, 1, 1, 1, 1, 1, 3, 4, 4, 1, 1, 1, 1]","[1, 1, 1, 1, 1, 1, 1, 1, 3, 4, 4, 1, 1, 1, 1]","[1, 1, 1, 1, 1, 1, 1, 1, 3, 4, 4, 1, 1, 1, 1]","5","5","5","0.0019998550415039062","0.00099945068359375"
"175","46","56","15","True","False","45","55","15","True","False","45","55","15","True","False","0.009515869481628192","0.009515869481628192","7","7","7","23","22","22","[1, 1, 1, 1, 2, 3, 3, 6, 18, 18, 1, 1, 1, 1, 1]","[1, 1, 1, 1, 2, 3, 3, 6, 18, 18, 1, 1, 1, 1, 1]","[1, 1, 1, 1, 2, 3, 3, 6, 18, 18, 1, 1, 1, 1, 1]","7","7","7","0.9614129066467285","0.014999628067016602"
"176","39","43","15","True","True","39","43","15","True","True","39","43","15","True","True","0.0","0.0","5","5","5","18","18","18","[1, 1, 2, 2, 2, 2, 6, 6, 2, 5, 5, 5, 5, 5, 1]","[1, 1, 2, 2, 2, 2, 6, 6, 2, 5, 5, 5, 5, 5, 1]","[1, 1, 2, 2, 2, 2, 6, 6, 2, 5, 5, 5, 5, 5, 1]","5","5","5","0.0010013580322265625","0.00099945068359375"
"177","39","44","15","True","True","39","44","15","True","True","39","44","15","True","True","0.0","0.0","5","5","5","19","19","19","[1, 1, 1, 1, 1, 1, 1, 1, 1, 3, 4, 4, 1, 1, 1]","[1, 1, 1, 1, 1, 1, 1, 1, 1, 3, 4, 4, 1, 1, 1]","[1, 1, 1, 1, 1, 1, 1, 1, 1, 3, 4, 4, 1, 1, 1]","5","5","5","0.00099945068359375","0.0010001659393310547"
"178","46","56","15","True","False","45","56","15","True","False","45","56","15","True","False","0.0","0.0","7","7","7","23","23","23","[1, 1, 1, 1, 1, 1, 10, 1, 1, 2, 5, 6, 6, 6, 3]","[1, 1, 1, 1, 1, 1, 9, 1, 1, 2, 5, 5, 5, 5, 3]","[1, 1, 1, 1, 1, 1, 9, 1, 1, 2, 5, 5, 5, 5, 3]","7","7","7","0.20196747779846191","0.017004966735839844"
"179","39","44","15","True","True","39","44","15","True","True","39","44","15","True","True","0.0","0.0","5","5","5","19","19","19","[1, 1, 1, 1, 1, 1, 1, 1, 2, 2, 2, 2, 1, 1, 1]","[1, 1, 1, 1, 1, 1, 1, 1, 2, 2, 2, 2, 1, 1, 1]","[1, 1, 1, 1, 1, 1, 1, 1, 2, 2, 2, 2, 1, 1, 1]","5","5","5","0.0019981861114501953","0.0009992122650146484"
"180","52","62","15","True","False","38","41","15","True","True","45","51","15","True","False","0.0629403356399395","0.14427115920453215","11","2","6","25","16","20","[1, 1, 1, 2, 2, 2, 9, 9, 9, 2, 3, 3, 3, 1, 1]","[1, 1, 1, 2, 2, 1, 1, 1, 1, 1, 1, 1, 2, 2, 2]","[1, 1, 1, 2, 2, 1, 4, 3, 3, 1, 1, 1, 1, 1, 1]","11","2","6","6.07481050491333","0.07410287857055664"
"181","52","62","15","True","False","39","43","15","True","True","51","61","15","True","True","0.007612708419648007","0.13939462521762713","11","5","11","25","18","24","[1, 5, 1, 1, 2, 8, 2, 4, 8, 8, 3, 4, 4, 4, 1]","[1, 1, 1, 1, 2, 2, 3, 4, 4, 4, 4, 5, 8, 8, 8]","[1, 5, 1, 1, 2, 8, 2, 4, 8, 8, 3, 4, 4, 4, 1]","11","5","11","1.9610114097595215","0.12399697303771973"
"182","39","44","15","True","True","39","44","15","True","True","39","44","15","True","True","0.0","0.0","5","5","5","19","19","19","[1, 1, 1, 2, 2, 1, 1, 1, 3, 3, 3, 3, 3, 1, 1]","[1, 1, 1, 2, 2, 1, 1, 1, 3, 3, 3, 3, 3, 1, 1]","[1, 1, 1, 2, 2, 1, 1, 1, 3, 3, 3, 3, 3, 1, 1]","5","5","5","0.0009999275207519531","0.0010004043579101562"
"183","39","44","15","True","True","39","44","15","True","True","39","44","15","True","True","0.0","0.0","5","5","5","19","19","19","[1, 1, 2, 2, 4, 4, 8, 8, 8, 9, 9, 2, 1, 1, 1]","[1, 1, 2, 2, 4, 4, 8, 8, 8, 9, 9, 2, 1, 1, 1]","[1, 1, 2, 2, 4, 4, 8, 8, 8, 9, 9, 2, 1, 1, 1]","5","5","5","0.0009999275207519531","0.001007080078125"
"184","52","62","15","True","False","40","45","15","True","True","48","56","15","True","True","0.03056007082673673","0.11878900217092636","11","4","8","25","18","22","[1, 1, 1, 3, 3, 19, 3, 6, 9, 9, 3, 6, 6, 3, 11]","[1, 1, 1, 1, 1, 1, 1, 1, 2, 2, 2, 3, 3, 4, 7]","[1, 1, 1, 1, 1, 7, 1, 2, 3, 3, 1, 2, 2, 1, 4]","11","4","8","1.5094115734100342","0.08999252319335938"
"185","44","53","15","True","True","44","53","15","True","True","44","53","15","True","True","0.0","0.0","5","5","5","22","22","22","[1, 3, 6, 6, 6, 3, 3, 1, 1, 1, 3, 3, 3, 2, 1]","[1, 3, 6, 6, 6, 3, 3, 1, 1, 1, 3, 3, 3, 2, 1]","[1, 3, 6, 6, 6, 3, 3, 1, 1, 1, 3, 3, 3, 2, 1]","5","5","5","0.0010006427764892578","0.0009999275207519531"
"186","44","54","15","True","True","44","54","15","True","True","44","54","15","True","True","0.0","0.0","5","5","5","23","23","23","[1, 1, 1, 1, 1, 2, 2, 5, 6, 6, 2, 2, 2, 2, 1]","[1, 1, 1, 1, 1, 2, 2, 5, 6, 6, 2, 2, 2, 2, 1]","[1, 1, 1, 1, 1, 2, 2, 5, 6, 6, 2, 2, 2, 2, 1]","5","5","5","0.0009961128234863281","0.0009963512420654297"
"187","39","43","15","True","True","39","43","15","True","True","39","43","15","True","True","0.0","0.0","5","5","5","18","18","18","[1, 1, 1, 1, 1, 2, 2, 2, 1, 3, 5, 5, 5, 5, 1]","[1, 1, 1, 1, 1, 2, 2, 2, 1, 3, 5, 5, 5, 5, 1]","[1, 1, 1, 1, 1, 2, 2, 2, 1, 3, 5, 5, 5, 5, 1]","5","5","5","0.0009965896606445312","0.0009965896606445312"
"188","52","62","15","True","False","43","49","15","True","True","45","50","15","True","True","0.06330603492272557","0.08901043315460855","11","4","5","25","17","19","[1, 1, 13, 2, 6, 6, 5, 5, 4, 4, 4, 9, 3, 3, 3]","[0, 0, 0, 0, 0, 1, 1, 1, 1, 1, 1, 1, 1, 2, 3]","[1, 1, 3, 1, 1, 1, 1, 1, 1, 1, 1, 2, 2, 2, 2]","11","4","5","0.3505070209503174","0.07499814033508301"
"189","46","56","15","True","False","45","56","15","True","False","45","56","15","True","False","0.0","0.0","7","7","7","23","23","23","[1, 2, 2, 4, 4, 4, 9, 9, 4, 1, 1, 1, 1, 17, 1]","[1, 2, 2, 3, 3, 3, 7, 7, 3, 1, 1, 1, 1, 13, 1]","[1, 2, 2, 3, 3, 3, 7, 7, 3, 1, 1, 1, 1, 13, 1]","7","7","7","0.19600415229797363","0.015995502471923828"
"190","39","43","15","True","True","39","43","15","True","True","39","43","15","True","True","0.0","0.0","5","5","5","18","18","18","[1, 1, 1, 1, 1, 2, 2, 1, 1, 4, 4, 3, 2, 2, 2]","[1, 1, 1, 1, 1, 2, 2, 1, 1, 4, 4, 3, 2, 2, 2]","[1, 1, 1, 1, 1, 2, 2, 1, 1, 4, 4, 3, 2, 2, 2]","5","5","5","0.0010001659393310547","0.0010037422180175781"
"191","39","44","15","True","True","39","44","15","True","True","39","44","15","True","True","0.0","0.0","5","5","5","19","19","19","[1, 1, 1, 1, 1, 3, 3, 3, 3, 1, 1, 1, 1, 1, 1]","[1, 1, 1, 1, 1, 3, 3, 3, 3, 1, 1, 1, 1, 1, 1]","[1, 1, 1, 1, 1, 3, 3, 3, 3, 1, 1, 1, 1, 1, 1]","5","5","5","0.001009225845336914","0.0009975433349609375"
"192","52","62","15","True","False","39","44","15","True","True","49","58","15","True","True","0.019771327487294155","0.13130163984705212","11","4","9","25","18","23","[1, 2, 2, 1, 1, 2, 2, 9, 9, 9, 1, 1, 4, 4, 4]","[1, 1, 1, 1, 1, 1, 1, 2, 2, 3, 3, 3, 6, 6, 7]","[1, 1, 1, 1, 1, 2, 2, 7, 6, 6, 1, 1, 3, 3, 3]","11","4","9","1.6475861072540283","0.1041107177734375"
"193","52","62","15","True","False","44","52","15","False","True","46","52","15","True","True","0.05286769792391721","0.07973422740739822","11","4","6","25","20","20","[1, 1, 1, 1, 2, 12, 12, 7, 7, 3, 2, 2, 1, 1, 1]","[0, 0, 0, 0, 0, 0, 0, 0, 1, 1, 1, 4, 4, 5, 5]","[1, 1, 1, 1, 2, 4, 4, 3, 3, 1, 1, 1, 1, 1, 1]","11","4","6","0.4323296546936035","0.0680091381072998"
"194","52","62","15","True","False","41","46","15","True","True","49","58","16","True","True","0.022418049397556428","0.11121391714578222","11","5","9","25","18","24","[1, 1, 1, 1, 1, 1, 1, 10, 10, 15, 10, 3, 5, 5, 5]","[0, 0, 0, 0, 0, 1, 1, 0, 0, 0, 0, 0, 0, 0, 0]","[1, 1, 1, 1, 1, 1, 1, 5, 5, 6, 5, 1, 2, 2, 2, 0]","11","5","9","0.9997134208679199","0.12116026878356934"
"195","44","53","15","True","True","44","53","15","True","True","44","53","15","True","True","0.0","0.0","5","5","5","22","22","22","[1, 1, 1, 2, 3, 3, 3, 3, 1, 1, 1, 7, 7, 7, 4]","[1, 1, 1, 2, 3, 3, 3, 3, 1, 1, 1, 7, 7, 7, 4]","[1, 1, 1, 2, 3, 3, 3, 3, 1, 1, 1, 7, 7, 7, 4]","5","5","5","0.0009970664978027344","0.0009963512420654297"
"196","39","43","15","True","True","39","43","15","True","True","39","43","15","True","True","0.0","0.0","5","5","5","18","18","18","[1, 1, 1, 1, 1, 1, 1, 2, 2, 2, 7, 7, 4, 4, 1]","[1, 1, 1, 1, 1, 1, 1, 2, 2, 2, 7, 7, 4, 4, 1]","[1, 1, 1, 1, 1, 1, 1, 2, 2, 2, 7, 7, 4, 4, 1]","5","5","5","0.0020036697387695312","0.0009953975677490234"
"197","46","56","15","True","False","45","56","15","True","False","45","56","15","True","False","0.0","0.0","7","7","7","23","23","23","[1, 1, 3, 3, 3, 3, 3, 3, 1, 6, 6, 15, 1, 1, 1]","[1, 1, 3, 3, 3, 3, 3, 3, 1, 5, 5, 15, 1, 1, 1]","[1, 1, 3, 3, 3, 3, 3, 3, 1, 5, 5, 15, 1, 1, 1]","7","7","7","0.19500017166137695","0.015999317169189453"
"198","52","62","15","True","False","44","49","15","True","True","46","52","15","True","True","0.05132893143456707","0.07302734195189586","11","5","6","25","19","20","[1, 1, 1, 2, 18, 6, 5, 6, 6, 2, 14, 14, 1, 1, 1]","[1, 1, 1, 2, 5, 4, 2, 1, 1, 1, 4, 4, 8, 8, 8]","[1, 1, 1, 2, 8, 5, 4, 4, 4, 2, 8, 8, 1, 1, 1]","11","5","6","0.265120267868042","0.06515955924987793"
"199","39","44","15","True","True","39","44","15","True","True","39","44","15","True","True","0.0","0.0","5","5","5","19","19","19","[1, 1, 1, 2, 2, 4, 4, 4, 4, 2, 3, 3, 2, 1, 1]","[1, 1, 1, 2, 2, 4, 4, 4, 4, 2, 3, 3, 2, 1, 1]","[1, 1, 1, 2, 2, 4, 4, 4, 4, 2, 3, 3, 2, 1, 1]","5","5","5","0.0009996891021728516","0.0010046958923339844"
"200","60","72","20","True","False","59","71","20","True","False","59","71","20","True","False","0.006418660462958692","0.006418660462958692","9","9","9","30","29","29","[1, 1, 2, 3, 6, 6, 12, 12, 12, 40, 40, 41, 42, 42, 42, 3, 3, 1, 1, 1]","[1, 1, 2, 3, 6, 6, 12, 12, 12, 40, 40, 41, 42, 42, 42, 3, 3, 1, 1, 1]","[1, 1, 2, 3, 6, 6, 12, 12, 12, 40, 40, 41, 42, 42, 42, 3, 3, 1, 1, 1]","9","9","9","0.19816255569458008","0.017005443572998047"
"201","66","78","20","True","False","53","56","20","True","False","55","58","20","True","True","0.09196017494827868","0.10973956965202769","13","3","4","32","21","22","[1, 1, 1, 1, 1, 2, 2, 4, 4, 5, 6, 6, 18, 18, 10, 1, 1, 1, 1, 1]","[1, 1, 1, 1, 1, 1, 1, 1, 1, 1, 2, 2, 2, 2, 2, 2, 2, 6, 8, 8]","[1, 1, 1, 1, 1, 1, 1, 1, 1, 1, 1, 1, 3, 3, 3, 1, 1, 1, 1, 1]","13","3","4","1.7225260734558105","0.07999849319458008"
"202","53","60","20","True","True","53","60","20","True","True","53","60","20","True","True","0.0","0.0","7","7","7","26","26","26","[1, 1, 1, 1, 1, 1, 1, 1, 1, 1, 1, 2, 3, 3, 3, 3, 4, 7, 7, 7]","[1, 1, 1, 1, 1, 1, 1, 1, 1, 1, 1, 2, 3, 3, 3, 3, 4, 7, 7, 7]","[1, 1, 1, 1, 1, 1, 1, 1, 1, 1, 1, 2, 3, 3, 3, 3, 4, 7, 7, 7]","7","7","7","0.0009992122650146484","0.0009999275207519531"
"203","53","59","20","True","True","53","59","20","True","True","53","59","20","True","True","0.0","0.0","7","7","7","25","25","25","[1, 1, 1, 1, 2, 2, 2, 2, 2, 2, 2, 7, 7, 10, 10, 10, 10, 4, 1, 1]","[1, 1, 1, 1, 2, 2, 2, 2, 2, 2, 2, 7, 7, 10, 10, 10, 10, 4, 1, 1]","[1, 1, 1, 1, 2, 2, 2, 2, 2, 2, 2, 7, 7, 10, 10, 10, 10, 4, 1, 1]","7","7","7","0.0019953250885009766","0.00099945068359375"
"204","66","78","20","True","False","58","67","20","False","True","58","63","20","True","True","0.06572527931780991","0.06676676492703049","13","6","6","32","26","24","[1, 1, 16, 1, 1, 1, 1, 1, 2, 3, 3, 2, 2, 1, 3, 4, 4, 11, 11, 11]","[1, 1, 1, 1, 1, 1, 1, 2, 3, 3, 2, 2, 1, 5, 5, 5, 17, 17, 17, 22]","[1, 1, 8, 1, 1, 1, 1, 1, 2, 3, 3, 2, 2, 1, 2, 2, 2, 6, 6, 6]","13","7","6","0.36299991607666016","0.08222222328186035"
"205","53","59","20","True","True","53","59","20","True","True","53","59","20","True","True","0.0","0.0","7","7","7","25","25","25","[1, 1, 1, 1, 1, 1, 1, 3, 3, 4, 4, 1, 2, 5, 5, 5, 5, 4, 1, 1]","[1, 1, 1, 1, 1, 1, 1, 3, 3, 4, 4, 1, 2, 5, 5, 5, 5, 4, 1, 1]","[1, 1, 1, 1, 1, 1, 1, 3, 3, 4, 4, 1, 2, 5, 5, 5, 5, 4, 1, 1]","7","7","7","0.0010020732879638672","0.0009984970092773438"
"206","53","60","20","True","True","53","60","20","True","True","53","60","20","True","True","0.0","0.0","7","7","7","26","26","26","[1, 1, 1, 1, 3, 3, 4, 4, 4, 8, 9, 9, 12, 12, 12, 12, 12, 12, 12, 1]","[1, 1, 1, 1, 3, 3, 4, 4, 4, 8, 9, 9, 12, 12, 12, 12, 12, 12, 12, 1]","[1, 1, 1, 1, 3, 3, 4, 4, 4, 8, 9, 9, 12, 12, 12, 12, 12, 12, 12, 1]","7","7","7","0.00099945068359375","0.0009996891021728516"
"207","53","60","20","True","True","53","60","20","True","True","53","60","20","True","True","0.0","0.0","7","7","7","26","26","26","[1, 1, 1, 1, 1, 2, 5, 6, 6, 6, 6, 2, 2, 2, 4, 4, 4, 4, 4, 2]","[1, 1, 1, 1, 1, 2, 5, 6, 6, 6, 6, 2, 2, 2, 4, 4, 4, 4, 4, 2]","[1, 1, 1, 1, 1, 2, 5, 6, 6, 6, 6, 2, 2, 2, 4, 4, 4, 4, 4, 2]","7","7","7","0.0010020732879638672","0.001998424530029297"
"208","53","59","20","True","True","53","59","20","True","True","53","59","20","True","True","0.0","0.0","7","7","7","25","25","25","[1, 1, 1, 1, 1, 1, 1, 2, 2, 2, 1, 2, 2, 5, 6, 12, 12, 12, 6, 6]","[1, 1, 1, 1, 1, 1, 1, 2, 2, 2, 1, 2, 2, 5, 6, 12, 12, 12, 6, 6]","[1, 1, 1, 1, 1, 1, 1, 2, 2, 2, 1, 2, 2, 5, 6, 12, 12, 12, 6, 6]","7","7","7","0.0009992122650146484","0.0010001659393310547"
"209","53","60","20","True","True","53","60","20","True","True","53","60","20","True","True","0.0","0.0","7","7","7","26","26","26","[1, 1, 1, 3, 3, 2, 1, 1, 2, 2, 4, 4, 4, 4, 4, 4, 4, 2, 2, 1]","[1, 1, 1, 3, 3, 2, 1, 1, 2, 2, 4, 4, 4, 4, 4, 4, 4, 2, 2, 1]","[1, 1, 1, 3, 3, 2, 1, 1, 2, 2, 4, 4, 4, 4, 4, 4, 4, 2, 2, 1]","7","7","7","0.0009999275207519531","0.0010004043579101562"
"210","53","60","20","True","True","53","60","20","True","True","53","60","20","True","True","0.0","0.0","7","7","7","26","26","26","[1, 1, 1, 1, 1, 1, 1, 1, 3, 3, 4, 5, 5, 1, 4, 4, 4, 4, 1, 1]","[1, 1, 1, 1, 1, 1, 1, 1, 3, 3, 4, 5, 5, 1, 4, 4, 4, 4, 1, 1]","[1, 1, 1, 1, 1, 1, 1, 1, 3, 3, 4, 5, 5, 1, 4, 4, 4, 4, 1, 1]","7","7","7","0.0009999275207519531","0.002000570297241211"
"211","66","78","20","True","False","56","62","20","True","True","57","63","20","True","True","0.06508579511891044","0.07794715213501657","13","5","6","32","23","25","[19, 1, 1, 2, 3, 3, 3, 3, 5, 5, 14, 14, 14, 14, 5, 4, 3, 3, 22, 1]","[0, 0, 0, 0, 0, 0, 0, 0, 0, 0, 1, 1, 1, 1, 0, 0, 0, 0, 0, 0]","[12, 1, 1, 2, 3, 3, 3, 3, 3, 3, 9, 9, 9, 9, 3, 3, 3, 3, 12, 1]","13","5","6","0.4692404270172119","0.10500550270080566"
"212","53","60","20","True","True","53","60","20","True","True","53","60","20","True","True","0.0","0.0","7","7","7","26","26","26","[1, 1, 1, 2, 2, 1, 1, 1, 1, 1, 1, 3, 4, 4, 5, 6, 6, 6, 4, 1]","[1, 1, 1, 2, 2, 1, 1, 1, 1, 1, 1, 3, 4, 4, 5, 6, 6, 6, 4, 1]","[1, 1, 1, 2, 2, 1, 1, 1, 1, 1, 1, 3, 4, 4, 5, 6, 6, 6, 4, 1]","7","7","7","0.0019969940185546875","0.0009937286376953125"
"213","60","72","20","True","False","59","71","20","True","False","59","71","20","True","False","0.006418660462958692","0.006418660462958692","9","9","9","30","29","29","[1, 1, 13, 3, 3, 6, 6, 7, 7, 7, 7, 3, 7, 7, 7, 7, 7, 7, 1, 1]","[1, 1, 13, 3, 3, 6, 6, 7, 7, 7, 7, 3, 7, 7, 7, 7, 7, 7, 1, 1]","[1, 1, 13, 3, 3, 6, 6, 7, 7, 7, 7, 3, 7, 7, 7, 7, 7, 7, 1, 1]","9","9","9","0.20600008964538574","0.021001577377319336"
"214","58","70","20","True","True","58","70","20","True","True","58","70","20","True","True","0.0","0.0","7","7","7","30","30","30","[1, 1, 1, 1, 1, 2, 2, 3, 3, 2, 2, 6, 6, 5, 1, 1, 1, 1, 1, 1]","[1, 1, 1, 1, 1, 2, 2, 3, 3, 2, 2, 6, 6, 5, 1, 1, 1, 1, 1, 1]","[1, 1, 1, 1, 1, 2, 2, 3, 3, 2, 2, 6, 6, 5, 1, 1, 1, 1, 1, 1]","7","7","7","0.00099945068359375","0.001990795135498047"
"215","66","78","20","True","False","54","59","20","True","True","56","60","21","True","True","0.077836659285353","0.09532160678405432","13","3","4","32","22","24","[1, 1, 2, 2, 2, 2, 18, 4, 4, 4, 4, 4, 10, 16, 16, 8, 8, 8, 8, 14]","[1, 1, 1, 1, 1, 1, 2, 2, 2, 2, 5, 5, 5, 5, 5, 5, 5, 5, 6, 6]","[1, 1, 1, 1, 1, 1, 4, 2, 2, 2, 2, 2, 2, 2, 2, 2, 2, 2, 2, 4, 1]","13","3","4","0.2889997959136963","0.08400225639343262"
"216","53","59","20","True","True","53","59","20","True","True","53","59","20","True","True","0.0","0.0","7","7","7","25","25","25","[1, 1, 1, 2, 2, 1, 2, 2, 8, 8, 7, 7, 4, 4, 5, 5, 1, 1, 1, 1]","[1, 1, 1, 2, 2, 1, 2, 2, 8, 8, 7, 7, 4, 4, 5, 5, 1, 1, 1, 1]","[1, 1, 1, 2, 2, 1, 2, 2, 8, 8, 7, 7, 4, 4, 5, 5, 1, 1, 1, 1]","7","7","7","0.0020062923431396484","0.00099945068359375"
"217","53","60","20","True","True","53","60","20","True","True","53","60","20","True","True","0.0","0.0","7","7","7","26","26","26","[1, 1, 1, 1, 1, 2, 5, 6, 6, 2, 2, 2, 2, 6, 6, 6, 6, 6, 6, 2]","[1, 1, 1, 1, 1, 2, 5, 6, 6, 2, 2, 2, 2, 6, 6, 6, 6, 6, 6, 2]","[1, 1, 1, 1, 1, 2, 5, 6, 6, 2, 2, 2, 2, 6, 6, 6, 6, 6, 6, 2]","7","7","7","0.001005411148071289","0.000993967056274414"
"218","66","78","20","True","False","48","52","20","True","True","64","76","20","True","False","0.007449510849664276","0.1565494700100154","13","4","12","32","22","31","[1, 1, 1, 5, 1, 2, 3, 3, 3, 3, 2, 3, 3, 7, 7, 6, 1, 1, 1, 1]","[1, 1, 2, 2, 2, 2, 2, 2, 2, 2, 3, 3, 3, 3, 3, 3, 5, 6, 6, 6]","[1, 1, 1, 5, 1, 2, 3, 3, 3, 3, 2, 3, 3, 6, 6, 6, 1, 1, 1, 1]","13","4","12","15.839760541915894","0.16028070449829102"
"219","53","60","20","True","True","53","60","20","True","True","53","60","20","True","True","0.0","0.0","7","7","7","26","26","26","[1, 1, 1, 1, 2, 2, 2, 2, 3, 5, 6, 6, 7, 7, 7, 12, 12, 12, 6, 3]","[1, 1, 1, 1, 2, 2, 2, 2, 3, 5, 6, 6, 7, 7, 7, 12, 12, 12, 6, 3]","[1, 1, 1, 1, 2, 2, 2, 2, 3, 5, 6, 6, 7, 7, 7, 12, 12, 12, 6, 3]","7","7","7","0.00099945068359375","0.00099945068359375"
"220","60","72","20","True","False","59","71","20","True","False","59","71","20","True","False","0.007366701759173866","0.007366701759173866","9","9","9","30","29","29","[1, 1, 1, 2, 2, 2, 4, 6, 6, 6, 2, 16, 4, 1, 1, 3, 4, 6, 6, 6]","[1, 1, 1, 2, 2, 2, 4, 6, 6, 6, 2, 16, 4, 1, 1, 3, 4, 6, 6, 6]","[1, 1, 1, 2, 2, 2, 4, 6, 6, 6, 2, 16, 4, 1, 1, 3, 4, 6, 6, 6]","9","9","9","0.20336151123046875","0.01699995994567871"
"221","53","60","20","True","True","53","60","20","True","True","53","60","20","True","True","0.0","0.0","7","7","7","26","26","26","[1, 1, 1, 2, 3, 3, 1, 1, 2, 3, 4, 4, 4, 2, 2, 2, 1, 1, 1, 1]","[1, 1, 1, 2, 3, 3, 1, 1, 2, 3, 4, 4, 4, 2, 2, 2, 1, 1, 1, 1]","[1, 1, 1, 2, 3, 3, 1, 1, 2, 3, 4, 4, 4, 2, 2, 2, 1, 1, 1, 1]","7","7","7","0.0009975433349609375","0.0010044574737548828"
"222","60","72","20","True","False","59","71","20","True","False","59","71","20","True","False","0.007366701759173866","0.007366701759173866","9","9","9","30","29","29","[9, 1, 1, 1, 1, 1, 1, 3, 3, 1, 1, 1, 1, 1, 1, 5, 6, 6, 6, 4]","[9, 1, 1, 1, 1, 1, 1, 3, 3, 1, 1, 1, 1, 1, 1, 5, 6, 6, 6, 4]","[9, 1, 1, 1, 1, 1, 1, 3, 3, 1, 1, 1, 1, 1, 1, 5, 6, 6, 6, 4]","9","9","9","0.19900035858154297","0.017000675201416016"
"223","53","60","20","True","True","53","60","20","True","True","53","60","20","True","True","0.0","0.0","7","7","7","26","26","26","[1, 1, 1, 1, 1, 3, 3, 4, 4, 7, 7, 3, 1, 5, 5, 5, 1, 1, 1, 1]","[1, 1, 1, 1, 1, 3, 3, 4, 4, 7, 7, 3, 1, 5, 5, 5, 1, 1, 1, 1]","[1, 1, 1, 1, 1, 3, 3, 4, 4, 7, 7, 3, 1, 5, 5, 5, 1, 1, 1, 1]","7","7","7","0.0020034313201904297","0.000997781753540039"
"224","66","78","20","True","False","57","62","20","True","True","59","66","20","True","True","0.04926828994630972","0.06691160284027764","13","6","7","32","24","26","[1, 1, 1, 2, 2, 2, 28, 2, 4, 4, 13, 40, 19, 19, 7, 7, 6, 6, 6, 2]","[0, 0, 0, 0, 0, 0, 0, 0, 0, 0, 0, 0, 1, 1, 1, 1, 1, 1, 2, 3]","[1, 1, 1, 2, 2, 2, 10, 1, 3, 3, 5, 15, 5, 5, 5, 5, 5, 5, 5, 1]","13","6","7","0.3464951515197754","0.08600115776062012"
"225","53","60","20","True","True","53","60","20","True","True","53","60","20","True","True","0.0","0.0","7","7","7","26","26","26","[1, 2, 2, 2, 2, 2, 2, 2, 4, 4, 4, 4, 4, 4, 4, 11, 11, 5, 5, 5]","[1, 2, 2, 2, 2, 2, 2, 2, 4, 4, 4, 4, 4, 4, 4, 11, 11, 5, 5, 5]","[1, 2, 2, 2, 2, 2, 2, 2, 4, 4, 4, 4, 4, 4, 4, 11, 11, 5, 5, 5]","7","7","7","0.0019998550415039062","0.0009980201721191406"
"226","53","59","20","True","True","53","59","20","True","True","53","59","20","True","True","0.0","0.0","7","7","7","25","25","25","[1, 1, 1, 1, 1, 1, 1, 1, 3, 5, 6, 6, 6, 6, 6, 2, 3, 3, 2, 2]","[1, 1, 1, 1, 1, 1, 1, 1, 3, 5, 6, 6, 6, 6, 6, 2, 3, 3, 2, 2]","[1, 1, 1, 1, 1, 1, 1, 1, 3, 5, 6, 6, 6, 6, 6, 2, 3, 3, 2, 2]","7","7","7","0.0020008087158203125","0.002006053924560547"
"227","66","78","20","True","False","57","67","20","False","True","59","65","20","True","True","0.05566014617873738","0.07572757665220164","13","6","6","32","25","26","[7, 1, 1, 3, 3, 1, 1, 1, 3, 11, 3, 3, 3, 3, 6, 6, 3, 3, 1, 1]","[1, 1, 1, 1, 1, 3, 3, 1, 1, 6, 6, 7, 10, 10, 10, 10, 10, 10, 8, 13]","[4, 1, 1, 2, 2, 1, 1, 1, 2, 6, 2, 2, 2, 2, 2, 2, 3, 3, 1, 1]","13","7","6","1.4422671794891357","0.07416582107543945"
"228","60","72","20","True","False","59","71","20","True","False","59","71","20","True","False","0.006418660462958692","0.006418660462958692","9","9","9","30","29","29","[1, 1, 1, 1, 1, 1, 1, 1, 1, 2, 6, 1, 1, 2, 2, 3, 4, 6, 6, 6]","[1, 1, 1, 1, 1, 1, 1, 1, 1, 2, 6, 1, 1, 2, 2, 3, 4, 6, 6, 6]","[1, 1, 1, 1, 1, 1, 1, 1, 1, 2, 6, 1, 1, 2, 2, 3, 4, 6, 6, 6]","9","9","9","0.21000027656555176","0.017003536224365234"
"229","66","78","20","True","False","50","57","20","False","True","62","72","20","True","False","0.02314363521073115","0.13185468217363172","13","4","10","32","24","29","[2, 2, 2, 5, 6, 6, 6, 4, 2, 9, 9, 2, 2, 3, 3, 1, 1, 1, 5, 5]","[1, 1, 1, 2, 2, 2, 2, 2, 2, 2, 2, 4, 4, 4, 5, 6, 6, 5, 9, 9]","[2, 2, 2, 5, 5, 5, 5, 4, 2, 9, 9, 2, 2, 2, 2, 1, 1, 1, 4, 4]","13","5","10","15.612423419952393","0.1781907081604004"
"230","60","72","20","True","False","59","72","20","True","False","59","72","20","True","False","0.0","0.0","9","9","9","30","30","30","[1, 1, 2, 3, 3, 3, 3, 19, 19, 1, 6, 6, 6, 6, 15, 18, 18, 18, 18, 18]","[1, 1, 2, 2, 2, 2, 2, 14, 14, 1, 5, 5, 5, 5, 12, 14, 14, 14, 14, 14]","[1, 1, 2, 2, 2, 2, 2, 14, 14, 1, 5, 5, 5, 5, 12, 14, 14, 14, 14, 14]","9","9","9","0.20499897003173828","0.017002105712890625"
"231","53","59","20","True","True","53","59","20","True","True","53","59","20","True","True","0.0","0.0","7","7","7","25","25","25","[1, 1, 1, 1, 1, 1, 1, 1, 1, 1, 1, 2, 3, 8, 8, 7, 7, 6, 6, 3]","[1, 1, 1, 1, 1, 1, 1, 1, 1, 1, 1, 2, 3, 8, 8, 7, 7, 6, 6, 3]","[1, 1, 1, 1, 1, 1, 1, 1, 1, 1, 1, 2, 3, 8, 8, 7, 7, 6, 6, 3]","7","7","7","0.0009999275207519531","0.001004934310913086"
"232","66","78","20","True","False","55","60","20","True","True","57","62","20","True","True","0.07275259970070169","0.09112540073905073","13","5","6","32","23","24","[1, 13, 13, 1, 1, 2, 6, 6, 8, 24, 24, 2, 6, 6, 6, 4, 4, 4, 2, 1]","[1, 1, 1, 2, 2, 4, 4, 4, 2, 1, 6, 6, 6, 6, 6, 6, 12, 12, 18, 18]","[1, 8, 8, 1, 1, 2, 4, 4, 4, 12, 12, 2, 4, 4, 4, 4, 4, 4, 2, 1]","13","5","6","0.3641188144683838","0.09100127220153809"
"233","58","70","20","True","True","58","70","20","True","True","58","70","20","True","True","0.0","0.0","7","7","7","30","30","30","[1, 1, 2, 2, 2, 2, 6, 6, 6, 6, 6, 6, 6, 12, 14, 14, 14, 14, 12, 1]","[1, 1, 2, 2, 2, 2, 6, 6, 6, 6, 6, 6, 6, 12, 14, 14, 14, 14, 12, 1]","[1, 1, 2, 2, 2, 2, 6, 6, 6, 6, 6, 6, 6, 12, 14, 14, 14, 14, 12, 1]","7","7","7","0.0010066032409667969","0.0009918212890625"
"234","53","59","20","True","True","53","59","20","True","True","53","59","20","True","True","0.0","0.0","7","7","7","25","25","25","[1, 1, 1, 1, 1, 3, 3, 2, 2, 2, 2, 2, 2, 2, 9, 9, 8, 8, 8, 1]","[1, 1, 1, 1, 1, 3, 3, 2, 2, 2, 2, 2, 2, 2, 9, 9, 8, 8, 8, 1]","[1, 1, 1, 1, 1, 3, 3, 2, 2, 2, 2, 2, 2, 2, 9, 9, 8, 8, 8, 1]","7","7","7","0.00101470947265625","0.0019850730895996094"
"235","58","69","20","True","True","58","69","20","True","True","58","69","20","True","True","0.0","0.0","7","7","7","29","29","29","[1, 1, 1, 1, 2, 2, 2, 3, 3, 4, 4, 3, 3, 2, 5, 10, 10, 5, 5, 1]","[1, 1, 1, 1, 2, 2, 2, 3, 3, 4, 4, 3, 3, 2, 5, 10, 10, 5, 5, 1]","[1, 1, 1, 1, 2, 2, 2, 3, 3, 4, 4, 3, 3, 2, 5, 10, 10, 5, 5, 1]","7","7","7","0.001996755599975586","0.000997304916381836"
"236","53","59","20","True","True","53","59","20","True","True","53","59","20","True","True","0.0","0.0","7","7","7","25","25","25","[1, 1, 1, 2, 3, 5, 5, 5, 5, 2, 4, 4, 4, 4, 2, 6, 7, 7, 7, 1]","[1, 1, 1, 2, 3, 5, 5, 5, 5, 2, 4, 4, 4, 4, 2, 6, 7, 7, 7, 1]","[1, 1, 1, 2, 3, 5, 5, 5, 5, 2, 4, 4, 4, 4, 2, 6, 7, 7, 7, 1]","7","7","7","0.0010008811950683594","0.0019991397857666016"
"237","66","78","20","True","False","54","60","20","False","True","55","59","20","True","True","0.08280030570033081","0.09844873480115057","13","3","4","32","22","23","[1, 9, 9, 9, 6, 1, 2, 2, 2, 3, 3, 12, 12, 4, 5, 5, 5, 1, 1, 1]","[0, 0, 0, 0, 0, 0, 0, 0, 0, 0, 0, 0, 0, 0, 1, 1, 1, 1, 2, 2]","[1, 3, 3, 3, 2, 1, 1, 1, 1, 1, 1, 5, 5, 2, 2, 2, 2, 1, 1, 1]","13","3","4","1.3529527187347412","0.10599708557128906"
"238","66","78","20","True","False","55","62","20","True","False","59","65","20","True","False","0.055946607187857045","0.09112771630044059","13","5","7","32","23","25","[1, 1, 1, 1, 1, 1, 3, 4, 4, 4, 6, 6, 6, 9, 9, 9, 24, 5, 15, 1]","[1, 3, 4, 4, 4, 1, 6, 6, 7, 7, 7, 7, 7, 7, 7, 7, 7, 7, 8, 16]","[1, 1, 1, 1, 1, 1, 3, 4, 4, 4, 1, 1, 1, 1, 1, 1, 4, 1, 2, 1]","13","5","7","0.5924160480499268","0.08300018310546875"
"239","53","60","20","True","True","53","60","20","True","True","53","60","20","True","True","0.0","0.0","7","7","7","26","26","26","[1, 1, 1, 1, 1, 1, 1, 2, 2, 2, 1, 1, 2, 3, 6, 6, 6, 6, 5, 1]","[1, 1, 1, 1, 1, 1, 1, 2, 2, 2, 1, 1, 2, 3, 6, 6, 6, 6, 5, 1]","[1, 1, 1, 1, 1, 1, 1, 2, 2, 2, 1, 1, 2, 3, 6, 6, 6, 6, 5, 1]","7","7","7","0.0010013580322265625","0.0009980201721191406"
"240","66","78","20","True","False","55","62","21","False","True","61","69","21","True","True","0.04092950568838016","0.0929766902639243","13","6","9","32","26","28","[1, 1, 1, 1, 1, 2, 2, 2, 2, 3, 3, 13, 2, 2, 8, 17, 17, 2, 2, 1]","[1, 1, 1, 1, 1, 2, 2, 2, 2, 1, 6, 2, 3, 3, 3, 3, 3, 3, 7, 11, 11]","[1, 1, 1, 1, 1, 2, 2, 2, 2, 2, 2, 6, 2, 2, 2, 10, 10, 2, 2, 1, 6]","13","7","9","0.5899641513824463","0.07800006866455078"
"241","53","60","20","True","True","53","60","20","True","True","53","60","20","True","True","0.0","0.0","7","7","7","26","26","26","[1, 1, 1, 1, 1, 1, 2, 2, 2, 2, 2, 6, 6, 6, 12, 18, 18, 1, 1, 1]","[1, 1, 1, 1, 1, 1, 2, 2, 2, 2, 2, 6, 6, 6, 12, 18, 18, 1, 1, 1]","[1, 1, 1, 1, 1, 1, 2, 2, 2, 2, 2, 6, 6, 6, 12, 18, 18, 1, 1, 1]","7","7","7","0.0009987354278564453","0.00152587890625"
"242","53","60","20","True","True","53","60","20","True","True","53","60","20","True","True","0.0","0.0","7","7","7","26","26","26","[1, 1, 1, 1, 1, 1, 2, 2, 3, 3, 3, 4, 7, 7, 7, 3, 3, 3, 1, 1]","[1, 1, 1, 1, 1, 1, 2, 2, 3, 3, 3, 4, 7, 7, 7, 3, 3, 3, 1, 1]","[1, 1, 1, 1, 1, 1, 2, 2, 3, 3, 3, 4, 7, 7, 7, 3, 3, 3, 1, 1]","7","7","7","0.0009989738464355469","0.0009999275207519531"
"243","66","78","20","True","False","56","63","21","True","True","62","72","20","True","False","0.024045931774526186","0.07781700756137422","13","7","10","32","25","29","[1, 24, 1, 1, 2, 2, 2, 3, 3, 3, 4, 9, 36, 21, 21, 21, 21, 21, 4, 1]","[0, 0, 1, 1, 1, 1, 1, 1, 2, 2, 2, 2, 2, 5, 13, 13, 12, 12, 12, 14, 21]","[1, 14, 1, 1, 1, 1, 1, 2, 2, 2, 2, 5, 21, 12, 12, 12, 12, 12, 2, 1]","13","7","10","47.9092173576355","0.28322911262512207"
"244","60","72","20","True","False","59","72","20","True","False","59","72","20","True","False","0.0","0.0","9","9","9","30","30","30","[1, 1, 2, 4, 4, 3, 3, 26, 8, 8, 6, 6, 2, 3, 3, 2, 2, 2, 1, 1]","[1, 1, 2, 4, 4, 2, 2, 20, 6, 6, 4, 4, 2, 3, 3, 2, 2, 2, 1, 1]","[1, 1, 2, 4, 4, 2, 2, 20, 6, 6, 4, 4, 2, 3, 3, 2, 2, 2, 1, 1]","9","9","9","0.23737502098083496","0.024007081985473633"
"245","53","59","20","True","True","53","59","20","True","True","53","59","20","True","True","0.0","0.0","7","7","7","25","25","25","[1, 1, 1, 1, 1, 1, 2, 2, 2, 2, 5, 6, 7, 7, 6, 5, 5, 5, 1, 1]","[1, 1, 1, 1, 1, 1, 2, 2, 2, 2, 5, 6, 7, 7, 6, 5, 5, 5, 1, 1]","[1, 1, 1, 1, 1, 1, 2, 2, 2, 2, 5, 6, 7, 7, 6, 5, 5, 5, 1, 1]","7","7","7","0.0010018348693847656","0.0019989013671875"
"246","53","59","20","True","True","53","59","20","True","True","53","59","20","True","True","0.0","0.0","7","7","7","25","25","25","[1, 1, 1, 1, 1, 1, 2, 4, 4, 4, 4, 3, 2, 2, 2, 4, 10, 10, 10, 2]","[1, 1, 1, 1, 1, 1, 2, 4, 4, 4, 4, 3, 2, 2, 2, 4, 10, 10, 10, 2]","[1, 1, 1, 1, 1, 1, 2, 4, 4, 4, 4, 3, 2, 2, 2, 4, 10, 10, 10, 2]","7","7","7","0.0009999275207519531","0.0009999275207519531"
"247","66","78","20","True","False","53","60","20","True","True","61","69","20","True","True","0.03915306805221308","0.11163940151004126","13","5","9","32","23","27","[1, 6, 1, 2, 2, 2, 1, 1, 1, 2, 3, 3, 12, 4, 4, 3, 7, 7, 1, 1]","[1, 1, 2, 2, 3, 3, 3, 3, 3, 3, 2, 3, 3, 3, 3, 3, 3, 6, 7, 12]","[1, 3, 1, 1, 1, 1, 1, 1, 1, 2, 3, 3, 11, 3, 3, 3, 6, 6, 1, 1]","13","5","9","0.9693129062652588","0.1509997844696045"
"248","53","59","20","True","True","53","59","20","True","True","53","59","20","True","True","0.0","0.0","7","7","7","25","25","25","[1, 1, 1, 2, 2, 2, 2, 1, 3, 3, 3, 5, 5, 5, 3, 3, 1, 1, 1, 1]","[1, 1, 1, 2, 2, 2, 2, 1, 3, 3, 3, 5, 5, 5, 3, 3, 1, 1, 1, 1]","[1, 1, 1, 2, 2, 2, 2, 1, 3, 3, 3, 5, 5, 5, 3, 3, 1, 1, 1, 1]","7","7","7","0.0010004043579101562","0.0010008811950683594"
"249","53","60","20","True","True","53","60","20","True","True","53","60","20","True","True","0.0","0.0","7","7","7","26","26","26","[1, 1, 1, 2, 2, 2, 2, 2, 6, 6, 4, 2, 2, 1, 2, 2, 2, 2, 1, 1]","[1, 1, 1, 2, 2, 2, 2, 2, 6, 6, 4, 2, 2, 1, 2, 2, 2, 2, 1, 1]","[1, 1, 1, 2, 2, 2, 2, 2, 6, 6, 4, 2, 2, 1, 2, 2, 2, 2, 1, 1]","7","7","7","0.0009996891021728516","0.00099945068359375"
"250","53","59","20","True","True","53","59","20","True","True","53","59","20","True","True","0.0","0.0","7","7","7","25","25","25","[1, 1, 2, 2, 2, 2, 2, 2, 6, 7, 7, 7, 9, 9, 8, 8, 6, 6, 2, 1]","[1, 1, 2, 2, 2, 2, 2, 2, 6, 7, 7, 7, 9, 9, 8, 8, 6, 6, 2, 1]","[1, 1, 2, 2, 2, 2, 2, 2, 6, 7, 7, 7, 9, 9, 8, 8, 6, 6, 2, 1]","7","7","7","0.0010013580322265625","0.0009982585906982422"
"251","53","59","20","True","True","53","59","20","True","True","53","59","20","True","True","0.0","0.0","7","7","7","25","25","25","[1, 1, 1, 1, 1, 1, 1, 1, 1, 5, 5, 2, 3, 3, 3, 2, 2, 1, 1, 1]","[1, 1, 1, 1, 1, 1, 1, 1, 1, 5, 5, 2, 3, 3, 3, 2, 2, 1, 1, 1]","[1, 1, 1, 1, 1, 1, 1, 1, 1, 5, 5, 2, 3, 3, 3, 2, 2, 1, 1, 1]","7","7","7","0.002000093460083008","0.0010008811950683594"
"252","60","72","20","True","False","59","71","20","True","False","59","71","20","True","False","0.006418660462958692","0.006418660462958692","9","9","9","30","29","29","[1, 1, 1, 1, 1, 1, 3, 4, 4, 22, 8, 11, 11, 11, 11, 11, 11, 11, 11, 1]","[1, 1, 1, 1, 1, 1, 3, 4, 4, 22, 8, 11, 11, 11, 11, 11, 11, 11, 11, 1]","[1, 1, 1, 1, 1, 1, 3, 4, 4, 22, 8, 11, 11, 11, 11, 11, 11, 11, 11, 1]","9","9","9","0.21109747886657715","0.01699995994567871"
"253","66","78","20","True","False","51","56","20","True","True","65","77","20","True","True","0.006004961756918559","0.1264315243152605","13","6","13","32","24","31","[1, 1, 1, 1, 1, 1, 3, 15, 15, 4, 3, 1, 1, 4, 4, 1, 1, 4, 7, 7]","[1, 1, 1, 1, 1, 1, 1, 1, 1, 1, 3, 3, 4, 4, 4, 4, 7, 7, 15, 15]","[1, 1, 1, 1, 1, 1, 3, 15, 15, 4, 3, 1, 1, 4, 4, 1, 1, 4, 7, 7]","13","6","13","1.4366540908813477","0.19211125373840332"
"254","66","78","20","True","False","53","61","19","False","True","56","60","21","True","True","0.07489977276693394","0.10115264135417301","13","5","4","32","26","24","[1, 1, 1, 1, 1, 1, 1, 1, 3, 5, 5, 6, 9, 14, 21, 21, 9, 9, 9, 5]","[1, 1, 1, 1, 1, 1, 1, 1, 1, 2, 2, 2, 4, 8, 8, 8, 8, 16, 16]","[1, 1, 1, 1, 1, 1, 1, 1, 1, 2, 2, 1, 2, 3, 4, 4, 2, 2, 2, 2, 1]","13","6","4","2.485684394836426","0.2180924415588379"
"255","53","60","20","True","True","53","60","20","True","True","53","60","20","True","True","0.0","0.0","7","7","7","26","26","26","[1, 1, 2, 2, 2, 1, 1, 1, 1, 1, 2, 3, 3, 3, 5, 8, 8, 1, 1, 1]","[1, 1, 2, 2, 2, 1, 1, 1, 1, 1, 2, 3, 3, 3, 5, 8, 8, 1, 1, 1]","[1, 1, 2, 2, 2, 1, 1, 1, 1, 1, 2, 3, 3, 3, 5, 8, 8, 1, 1, 1]","7","7","7","0.00101470947265625","0.000988006591796875"
"256","66","78","20","True","False","56","60","20","True","True","58","63","20","True","True","0.0660148273817519","0.0833762366821017","13","5","6","32","23","24","[1, 26, 2, 2, 3, 4, 4, 4, 31, 7, 14, 14, 14, 14, 14, 14, 1, 15, 15, 15]","[1, 2, 2, 3, 4, 4, 4, 7, 1, 7, 7, 7, 7, 7, 7, 7, 7, 7, 14, 14]","[1, 14, 2, 2, 3, 4, 4, 4, 14, 7, 7, 7, 7, 7, 7, 7, 1, 7, 7, 7]","13","5","6","0.31513476371765137","0.10111665725708008"
"257","58","70","20","True","True","58","70","20","True","True","58","70","20","True","True","0.0","0.0","7","7","7","30","30","30","[1, 1, 2, 2, 8, 8, 6, 7, 7, 7, 7, 7, 4, 2, 1, 1, 1, 1, 1, 1]","[1, 1, 2, 2, 8, 8, 6, 7, 7, 7, 7, 7, 4, 2, 1, 1, 1, 1, 1, 1]","[1, 1, 2, 2, 8, 8, 6, 7, 7, 7, 7, 7, 4, 2, 1, 1, 1, 1, 1, 1]","7","7","7","0.0019986629486083984","0.001001119613647461"
"258","60","72","20","True","False","56","57","20","True","True","58","60","20","True","True","0.05343465664395641","0.07174872708291091","9","4","5","30","23","24","[1, 1, 1, 2, 3, 3, 4, 5, 5, 4, 17, 17, 3, 9, 9, 1, 1, 1, 1, 1]","[1, 1, 1, 2, 3, 3, 3, 1, 1, 1, 1, 1, 3, 3, 3, 3, 6, 6, 6, 6]","[1, 1, 1, 2, 3, 3, 3, 3, 3, 3, 6, 6, 3, 6, 6, 1, 1, 1, 1, 1]","9","4","5","0.4153461456298828","0.08255934715270996"
"259","66","78","20","True","False","62","71","20","True","True","62","71","20","True","True","0.03322198021129774","0.03413125254631433","13","9","10","32","28","29","[51, 1, 2, 2, 4, 4, 4, 8, 8, 20, 23, 23, 23, 23, 12, 12, 39, 12, 2, 2]","[0, 2, 2, 2, 2, 2, 2, 2, 4, 4, 6, 6, 6, 10, 11, 11, 11, 11, 18, 24]","[48, 1, 2, 2, 4, 4, 4, 8, 8, 20, 22, 22, 22, 22, 12, 12, 36, 12, 2, 2]","13","9","10","3.3465492725372314","0.3802335262298584"
"260","66","78","20","True","False","51","57","20","False","True","63","74","20","True","False","0.015575353865652897","0.12050932149130267","13","5","11","32","23","30","[1, 2, 2, 2, 5, 6, 6, 4, 4, 2, 2, 5, 6, 6, 5, 1, 2, 10, 2, 10]","[1, 1, 2, 2, 2, 2, 2, 2, 2, 4, 4, 4, 5, 5, 5, 5, 5, 5, 10, 11]","[1, 2, 2, 2, 4, 5, 5, 4, 4, 2, 2, 5, 5, 5, 5, 1, 2, 8, 2, 9]","13","6","11","19.22828960418701","0.25639939308166504"
"261","60","72","20","True","False","59","71","20","True","False","59","71","20","True","False","0.007366701759173866","0.007366701759173866","9","9","9","30","29","29","[1, 1, 1, 1, 1, 1, 1, 1, 12, 12, 2, 3, 3, 14, 14, 2, 3, 5, 5, 5]","[1, 1, 1, 1, 1, 1, 1, 1, 12, 12, 2, 3, 3, 14, 14, 2, 3, 5, 5, 5]","[1, 1, 1, 1, 1, 1, 1, 1, 12, 12, 2, 3, 3, 14, 14, 2, 3, 5, 5, 5]","9","9","9","0.20700597763061523","0.019114255905151367"
"262","53","60","20","True","True","53","60","20","True","True","53","60","20","True","True","0.0","0.0","7","7","7","26","26","26","[1, 1, 1, 1, 2, 2, 2, 1, 1, 2, 2, 2, 2, 5, 9, 9, 9, 9, 2, 2]","[1, 1, 1, 1, 2, 2, 2, 1, 1, 2, 2, 2, 2, 5, 9, 9, 9, 9, 2, 2]","[1, 1, 1, 1, 2, 2, 2, 1, 1, 2, 2, 2, 2, 5, 9, 9, 9, 9, 2, 2]","7","7","7","0.0009996891021728516","0.0009989738464355469"
"263","53","59","20","True","True","53","59","20","True","True","53","59","20","True","True","0.0","0.0","7","7","7","25","25","25","[1, 1, 1, 2, 2, 4, 4, 4, 2, 2, 1, 2, 2, 8, 8, 3, 2, 2, 2, 1]","[1, 1, 1, 2, 2, 4, 4, 4, 2, 2, 1, 2, 2, 8, 8, 3, 2, 2, 2, 1]","[1, 1, 1, 2, 2, 4, 4, 4, 2, 2, 1, 2, 2, 8, 8, 3, 2, 2, 2, 1]","7","7","7","0.0010001659393310547","0.00099945068359375"
"264","66","78","20","True","False","57","63","20","True","True","61","70","20","True","True","0.03259067471159294","0.06698617594604506","13","7","9","32","25","28","[35, 35, 1, 2, 4, 5, 5, 5, 5, 22, 22, 22, 5, 2, 51, 51, 2, 2, 2, 2]","[0, 0, 0, 0, 0, 0, 0, 0, 0, 0, 1, 1, 1, 3, 3, 3, 5, 5, 7, 7]","[15, 15, 1, 1, 2, 3, 3, 3, 3, 9, 9, 9, 3, 1, 21, 21, 1, 1, 1, 1]","13","7","9","0.7259907722473145","0.11826276779174805"
"265","53","60","20","True","True","53","60","20","True","True","53","60","20","True","True","0.0","0.0","7","7","7","26","26","26","[1, 1, 1, 3, 3, 3, 3, 3, 3, 7, 7, 7, 4, 5, 5, 3, 4, 4, 1, 1]","[1, 1, 1, 3, 3, 3, 3, 3, 3, 7, 7, 7, 4, 5, 5, 3, 4, 4, 1, 1]","[1, 1, 1, 3, 3, 3, 3, 3, 3, 7, 7, 7, 4, 5, 5, 3, 4, 4, 1, 1]","7","7","7","0.001001596450805664","0.0009987354278564453"
"266","53","60","20","True","True","53","60","20","True","True","53","60","20","True","True","0.0","0.0","7","7","7","26","26","26","[1, 1, 1, 2, 2, 1, 1, 2, 2, 2, 2, 3, 6, 8, 8, 8, 2, 2, 1, 1]","[1, 1, 1, 2, 2, 1, 1, 2, 2, 2, 2, 3, 6, 8, 8, 8, 2, 2, 1, 1]","[1, 1, 1, 2, 2, 1, 1, 2, 2, 2, 2, 3, 6, 8, 8, 8, 2, 2, 1, 1]","7","7","7","0.0010004043579101562","0.0009999275207519531"
"267","53","60","20","True","True","53","60","20","True","True","53","60","20","True","True","0.0","0.0","7","7","7","26","26","26","[1, 1, 1, 2, 2, 2, 2, 2, 2, 4, 7, 7, 7, 7, 5, 5, 4, 4, 4, 4]","[1, 1, 1, 2, 2, 2, 2, 2, 2, 4, 7, 7, 7, 7, 5, 5, 4, 4, 4, 4]","[1, 1, 1, 2, 2, 2, 2, 2, 2, 4, 7, 7, 7, 7, 5, 5, 4, 4, 4, 4]","7","7","7","0.0009996891021728516","0.0010006427764892578"
"268","66","78","20","True","False","48","52","21","True","True","62","72","20","True","False","0.023768831515353583","0.15129555804863026","13","3","10","32","21","29","[8, 2, 1, 1, 1, 1, 2, 2, 2, 8, 2, 4, 4, 4, 4, 9, 9, 9, 1, 1]","[0, 1, 1, 1, 2, 2, 2, 2, 2, 2, 2, 2, 2, 2, 2, 2, 4, 4, 4, 4, 5]","[4, 1, 1, 1, 1, 1, 1, 1, 1, 3, 1, 2, 2, 2, 2, 4, 4, 4, 1, 1]","13","3","10","12.553844690322876","0.1360485553741455"
"269","58","69","20","True","True","58","69","20","True","True","58","69","20","True","True","0.0","0.0","7","7","7","29","29","29","[1, 1, 1, 1, 1, 1, 1, 1, 1, 1, 5, 5, 5, 6, 8, 8, 8, 8, 8, 1]","[1, 1, 1, 1, 1, 1, 1, 1, 1, 1, 5, 5, 5, 6, 8, 8, 8, 8, 8, 1]","[1, 1, 1, 1, 1, 1, 1, 1, 1, 1, 5, 5, 5, 6, 8, 8, 8, 8, 8, 1]","7","7","7","0.001997709274291992","0.001003265380859375"
"270","60","72","20","True","False","59","72","20","True","False","59","72","20","True","False","0.0","0.0","9","9","9","30","30","30","[1, 1, 1, 1, 1, 1, 4, 4, 4, 13, 13, 12, 5, 4, 4, 4, 12, 12, 12, 3]","[1, 1, 1, 1, 1, 1, 3, 3, 3, 11, 11, 10, 4, 3, 3, 3, 9, 9, 9, 2]","[1, 1, 1, 1, 1, 1, 3, 3, 3, 11, 11, 10, 4, 3, 3, 3, 9, 9, 9, 2]","9","9","9","0.20317482948303223","0.01699995994567871"
"271","53","59","20","True","True","53","59","20","True","True","53","59","20","True","True","0.0","0.0","7","7","7","25","25","25","[1, 1, 1, 1, 1, 2, 2, 4, 7, 7, 5, 5, 3, 2, 5, 5, 12, 12, 12, 12]","[1, 1, 1, 1, 1, 2, 2, 4, 7, 7, 5, 5, 3, 2, 5, 5, 12, 12, 12, 12]","[1, 1, 1, 1, 1, 2, 2, 4, 7, 7, 5, 5, 3, 2, 5, 5, 12, 12, 12, 12]","7","7","7","0.0010027885437011719","0.001005411148071289"
"272","66","78","20","True","False","56","63","20","True","True","61","69","20","True","False","0.039434606287302554","0.0834974429338301","13","7","9","32","24","27","[1, 2, 2, 2, 2, 2, 2, 2, 2, 4, 4, 15, 4, 12, 12, 8, 9, 28, 9, 1]","[0, 0, 0, 1, 1, 1, 1, 1, 1, 1, 2, 2, 2, 4, 4, 4, 5, 5, 7, 13]","[1, 2, 2, 2, 2, 2, 2, 2, 2, 4, 4, 12, 4, 10, 10, 8, 8, 26, 8, 1]","13","7","9","12.378835678100586","0.16636943817138672"
"273","58","69","20","True","True","58","69","20","True","True","58","69","20","True","True","0.0","0.0","7","7","7","29","29","29","[1, 1, 1, 1, 1, 1, 2, 2, 2, 3, 3, 6, 6, 6, 6, 5, 3, 1, 1, 1]","[1, 1, 1, 1, 1, 1, 2, 2, 2, 3, 3, 6, 6, 6, 6, 5, 3, 1, 1, 1]","[1, 1, 1, 1, 1, 1, 2, 2, 2, 3, 3, 6, 6, 6, 6, 5, 3, 1, 1, 1]","7","7","7","0.001988649368286133","0.0009996891021728516"
"274","66","78","20","True","False","54","59","21","True","True","62","72","20","True","False","0.023768831515353583","0.09416708680956354","13","6","10","32","25","29","[11, 11, 1, 1, 1, 2, 2, 2, 3, 5, 5, 10, 10, 15, 15, 15, 15, 32, 32, 32]","[0, 1, 1, 1, 2, 2, 2, 2, 4, 4, 8, 8, 8, 8, 12, 12, 12, 12, 25, 25, 25]","[7, 7, 1, 1, 1, 2, 2, 2, 2, 4, 4, 8, 8, 11, 11, 11, 11, 23, 23, 23]","13","6","10","48.434865951538086","0.38524532318115234"
"275","53","60","20","True","True","53","60","20","True","True","53","60","20","True","True","0.0","0.0","7","7","7","26","26","26","[1, 1, 1, 1, 1, 1, 1, 1, 1, 1, 2, 2, 3, 3, 3, 4, 6, 6, 6, 3]","[1, 1, 1, 1, 1, 1, 1, 1, 1, 1, 2, 2, 3, 3, 3, 4, 6, 6, 6, 3]","[1, 1, 1, 1, 1, 1, 1, 1, 1, 1, 2, 2, 3, 3, 3, 4, 6, 6, 6, 3]","7","7","7","0.0010004043579101562","0.0010004043579101562"
"276","66","78","20","True","False","55","62","20","False","True","59","65","20","True","True","0.05630688441275722","0.0917726175231881","13","5","7","32","24","25","[1, 1, 1, 1, 1, 2, 4, 4, 4, 21, 2, 3, 7, 8, 9, 9, 8, 11, 11, 1]","[1, 1, 1, 1, 1, 4, 4, 4, 4, 3, 3, 3, 7, 7, 7, 7, 7, 11, 11, 26]","[1, 1, 1, 1, 1, 1, 2, 2, 2, 9, 1, 1, 3, 3, 3, 3, 3, 4, 4, 1]","13","5","7","0.7781682014465332","0.12800002098083496"
"277","53","59","20","True","True","53","59","20","True","True","53","59","20","True","True","0.0","0.0","7","7","7","25","25","25","[1, 1, 1, 1, 1, 1, 2, 2, 3, 6, 6, 18, 18, 8, 8, 8, 3, 3, 2, 1]","[1, 1, 1, 1, 1, 1, 2, 2, 3, 6, 6, 18, 18, 8, 8, 8, 3, 3, 2, 1]","[1, 1, 1, 1, 1, 1, 2, 2, 3, 6, 6, 18, 18, 8, 8, 8, 3, 3, 2, 1]","7","7","7","0.0020003318786621094","0.0010013580322265625"
"278","60","72","20","True","False","59","71","20","True","False","59","71","20","True","False","0.007366701759173866","0.007366701759173866","9","9","9","30","29","29","[1, 1, 1, 1, 1, 1, 4, 4, 5, 11, 50, 11, 11, 22, 22, 5, 5, 4, 3, 1]","[1, 1, 1, 1, 1, 1, 4, 4, 5, 11, 50, 11, 11, 22, 22, 5, 5, 4, 3, 1]","[1, 1, 1, 1, 1, 1, 4, 4, 5, 11, 50, 11, 11, 22, 22, 5, 5, 4, 3, 1]","9","9","9","0.21999740600585938","0.0189969539642334"
"279","58","69","20","True","True","58","69","20","True","True","58","69","20","True","True","0.0","0.0","7","7","7","29","29","29","[1, 1, 2, 4, 4, 7, 12, 12, 12, 12, 12, 12, 10, 12, 12, 12, 1, 1, 1, 1]","[1, 1, 2, 4, 4, 7, 12, 12, 12, 12, 12, 12, 10, 12, 12, 12, 1, 1, 1, 1]","[1, 1, 2, 4, 4, 7, 12, 12, 12, 12, 12, 12, 10, 12, 12, 12, 1, 1, 1, 1]","7","7","7","0.0009999275207519531","0.0009987354278564453"
"280","53","60","20","True","True","53","60","20","True","True","53","60","20","True","True","0.0","0.0","7","7","7","26","26","26","[1, 1, 1, 1, 1, 4, 5, 6, 6, 6, 6, 6, 11, 11, 4, 4, 3, 1, 1, 1]","[1, 1, 1, 1, 1, 4, 5, 6, 6, 6, 6, 6, 11, 11, 4, 4, 3, 1, 1, 1]","[1, 1, 1, 1, 1, 4, 5, 6, 6, 6, 6, 6, 11, 11, 4, 4, 3, 1, 1, 1]","7","7","7","0.0009999275207519531","0.0010001659393310547"
"281","53","60","20","True","True","53","60","20","True","True","53","60","20","True","True","0.0","0.0","7","7","7","26","26","26","[1, 1, 1, 1, 1, 2, 2, 3, 5, 5, 5, 5, 5, 4, 4, 4, 4, 9, 9, 9]","[1, 1, 1, 1, 1, 2, 2, 3, 5, 5, 5, 5, 5, 4, 4, 4, 4, 9, 9, 9]","[1, 1, 1, 1, 1, 2, 2, 3, 5, 5, 5, 5, 5, 4, 4, 4, 4, 9, 9, 9]","7","7","7","0.001001119613647461","0.0009999275207519531"
"282","66","78","20","True","False","55","62","19","True","True","61","69","20","True","True","0.038164254243354456","0.08895411652807683","13","6","9","32","25","27","[1, 1, 1, 1, 2, 2, 2, 3, 11, 11, 6, 1, 9, 9, 1, 1, 8, 8, 7, 7]","[1, 1, 1, 1, 1, 2, 2, 2, 2, 2, 3, 5, 5, 5, 6, 8, 8, 10, 10]","[1, 1, 1, 1, 2, 2, 2, 3, 9, 9, 5, 1, 8, 8, 1, 1, 6, 6, 5, 5]","13","6","9","1.2453911304473877","0.1866919994354248"
"283","53","59","20","True","True","53","59","20","True","True","53","59","20","True","True","0.0","0.0","7","7","7","25","25","25","[1, 1, 1, 2, 2, 7, 7, 7, 7, 12, 12, 3, 3, 3, 3, 7, 7, 7, 7, 2]","[1, 1, 1, 2, 2, 7, 7, 7, 7, 12, 12, 3, 3, 3, 3, 7, 7, 7, 7, 2]","[1, 1, 1, 2, 2, 7, 7, 7, 7, 12, 12, 3, 3, 3, 3, 7, 7, 7, 7, 2]","7","7","7","0.002996206283569336","0.001999378204345703"
"284","53","59","20","True","True","53","59","20","True","True","53","59","20","True","True","0.0","0.0","7","7","7","25","25","25","[1, 1, 1, 2, 2, 3, 3, 4, 4, 3, 4, 4, 6, 6, 8, 8, 1, 1, 1, 1]","[1, 1, 1, 2, 2, 3, 3, 4, 4, 3, 4, 4, 6, 6, 8, 8, 1, 1, 1, 1]","[1, 1, 1, 2, 2, 3, 3, 4, 4, 3, 4, 4, 6, 6, 8, 8, 1, 1, 1, 1]","7","7","7","0.0009975433349609375","0.0009999275207519531"
"285","53","60","20","True","True","53","60","20","True","True","53","60","20","True","True","0.0","0.0","7","7","7","26","26","26","[1, 1, 1, 1, 1, 1, 2, 3, 3, 3, 3, 3, 5, 5, 4, 4, 1, 2, 2, 2]","[1, 1, 1, 1, 1, 1, 2, 3, 3, 3, 3, 3, 5, 5, 4, 4, 1, 2, 2, 2]","[1, 1, 1, 1, 1, 1, 2, 3, 3, 3, 3, 3, 5, 5, 4, 4, 1, 2, 2, 2]","7","7","7","0.0019998550415039062","0.0009980201721191406"
"286","66","78","20","True","False","53","56","20","True","True","57","62","20","True","True","0.06573905819624826","0.10220120888297068","13","3","5","32","21","24","[1, 1, 1, 11, 1, 1, 1, 2, 2, 4, 4, 7, 7, 14, 14, 7, 8, 19, 19, 8]","[0, 0, 0, 0, 0, 0, 0, 1, 1, 1, 1, 1, 1, 1, 1, 2, 2, 2, 3, 3]","[1, 1, 1, 4, 1, 1, 1, 2, 2, 2, 2, 2, 2, 4, 4, 2, 2, 6, 6, 2]","13","3","5","1.6448633670806885","0.09899711608886719"
"287","58","70","20","True","True","58","70","20","True","True","58","70","20","True","True","0.0","0.0","7","7","7","30","30","30","[1, 1, 2, 2, 2, 4, 4, 4, 1, 1, 1, 5, 5, 5, 3, 6, 6, 4, 4, 4]","[1, 1, 2, 2, 2, 4, 4, 4, 1, 1, 1, 5, 5, 5, 3, 6, 6, 4, 4, 4]","[1, 1, 2, 2, 2, 4, 4, 4, 1, 1, 1, 5, 5, 5, 3, 6, 6, 4, 4, 4]","7","7","7","0.0010097026824951172","0.0009908676147460938"
"288","53","59","20","True","True","53","59","20","True","True","53","59","20","True","True","0.0","0.0","7","7","7","25","25","25","[1, 1, 1, 1, 1, 1, 2, 2, 2, 3, 3, 5, 5, 7, 7, 3, 3, 3, 2, 2]","[1, 1, 1, 1, 1, 1, 2, 2, 2, 3, 3, 5, 5, 7, 7, 3, 3, 3, 2, 2]","[1, 1, 1, 1, 1, 1, 2, 2, 2, 3, 3, 5, 5, 7, 7, 3, 3, 3, 2, 2]","7","7","7","0.0009911060333251953","0.0009989738464355469"
"289","60","72","20","True","False","59","72","20","True","False","59","72","20","True","False","0.0","0.0","9","9","9","30","30","30","[1, 1, 3, 3, 3, 3, 2, 2, 2, 2, 2, 2, 11, 17, 17, 17, 19, 19, 2, 2]","[1, 1, 3, 3, 3, 3, 1, 1, 1, 1, 1, 1, 7, 13, 13, 13, 14, 14, 1, 1]","[1, 1, 3, 3, 3, 3, 1, 1, 1, 1, 1, 1, 7, 13, 13, 13, 14, 14, 1, 1]","9","9","9","0.19812512397766113","0.017000198364257812"
"290","53","60","20","True","True","53","60","20","True","True","53","60","20","True","True","0.0","0.0","7","7","7","26","26","26","[1, 1, 1, 1, 1, 1, 1, 1, 1, 1, 1, 1, 2, 2, 1, 1, 2, 3, 3, 3]","[1, 1, 1, 1, 1, 1, 1, 1, 1, 1, 1, 1, 2, 2, 1, 1, 2, 3, 3, 3]","[1, 1, 1, 1, 1, 1, 1, 1, 1, 1, 1, 1, 2, 2, 1, 1, 2, 3, 3, 3]","7","7","7","0.0010046958923339844","0.000995635986328125"
"291","53","60","20","True","True","53","60","20","True","True","53","60","20","True","True","0.0","0.0","7","7","7","26","26","26","[1, 1, 1, 1, 1, 1, 3, 3, 4, 4, 4, 6, 8, 8, 7, 7, 6, 2, 1, 1]","[1, 1, 1, 1, 1, 1, 3, 3, 4, 4, 4, 6, 8, 8, 7, 7, 6, 2, 1, 1]","[1, 1, 1, 1, 1, 1, 3, 3, 4, 4, 4, 6, 8, 8, 7, 7, 6, 2, 1, 1]","7","7","7","0.0009992122650146484","0.00099945068359375"
"292","66","78","20","True","False","56","63","20","True","True","58","64","20","True","True","0.058041803543951054","0.07756049232883411","13","5","6","32","24","25","[1, 1, 1, 1, 3, 4, 4, 4, 4, 3, 3, 16, 9, 9, 6, 6, 6, 10, 1, 1]","[1, 1, 1, 1, 2, 3, 3, 3, 3, 2, 2, 1, 1, 4, 4, 4, 4, 4, 8, 8]","[1, 1, 1, 1, 2, 3, 3, 3, 3, 2, 2, 4, 2, 2, 2, 2, 2, 4, 1, 1]","13","5","6","0.2701742649078369","0.07500052452087402"
"293","58","69","20","True","True","58","69","20","True","True","58","69","20","True","True","0.0","0.0","7","7","7","29","29","29","[1, 1, 1, 6, 12, 12, 10, 5, 4, 4, 2, 1, 1, 1, 1, 6, 6, 6, 1, 1]","[1, 1, 1, 6, 12, 12, 10, 5, 4, 4, 2, 1, 1, 1, 1, 6, 6, 6, 1, 1]","[1, 1, 1, 6, 12, 12, 10, 5, 4, 4, 2, 1, 1, 1, 1, 6, 6, 6, 1, 1]","7","7","7","0.00099945068359375","0.0020003318786621094"
"294","66","78","20","True","False","58","68","20","True","False","62","72","20","True","True","0.02432311073244786","0.05915589567427404","13","8","10","32","27","29","[1, 1, 5, 5, 5, 7, 7, 4, 4, 13, 16, 16, 16, 16, 4, 4, 4, 2, 1, 1]","[1, 1, 4, 4, 4, 6, 6, 2, 1, 1, 5, 5, 5, 5, 5, 12, 12, 12, 12, 12]","[1, 1, 4, 4, 4, 6, 6, 3, 3, 9, 9, 9, 9, 9, 3, 3, 3, 2, 1, 1]","13","8","10","0.44500088691711426","0.08699798583984375"
"295","53","59","20","True","True","53","59","20","True","True","53","59","20","True","True","0.0","0.0","7","7","7","25","25","25","[1, 1, 1, 1, 4, 4, 2, 2, 2, 2, 2, 2, 7, 7, 6, 3, 3, 3, 1, 1]","[1, 1, 1, 1, 4, 4, 2, 2, 2, 2, 2, 2, 7, 7, 6, 3, 3, 3, 1, 1]","[1, 1, 1, 1, 4, 4, 2, 2, 2, 2, 2, 2, 7, 7, 6, 3, 3, 3, 1, 1]","7","7","7","0.0009989738464355469","0.0009999275207519531"
"296","53","60","20","True","True","53","60","20","True","True","53","60","20","True","True","0.0","0.0","7","7","7","26","26","26","[1, 1, 4, 5, 5, 5, 5, 2, 2, 1, 1, 1, 1, 8, 8, 8, 8, 8, 1, 1]","[1, 1, 4, 5, 5, 5, 5, 2, 2, 1, 1, 1, 1, 8, 8, 8, 8, 8, 1, 1]","[1, 1, 4, 5, 5, 5, 5, 2, 2, 1, 1, 1, 1, 8, 8, 8, 8, 8, 1, 1]","7","7","7","0.0019998550415039062","0.00099945068359375"
"297","66","78","20","True","False","57","64","20","False","True","61","70","20","True","False","0.03195978091642404","0.06719223095226767","13","7","9","32","26","28","[1, 1, 2, 2, 2, 2, 2, 2, 2, 2, 9, 10, 17, 28, 30, 30, 30, 9, 2, 2]","[0, 0, 0, 1, 1, 1, 1, 1, 1, 1, 1, 1, 4, 4, 4, 7, 11, 12, 12, 12]","[1, 1, 2, 2, 2, 2, 2, 2, 2, 2, 8, 8, 14, 22, 24, 24, 24, 8, 2, 2]","13","8","9","14.228813171386719","0.18230986595153809"
"298","58","69","20","True","True","58","69","20","True","True","58","69","20","True","True","0.0","0.0","7","7","7","29","29","29","[1, 1, 1, 1, 3, 5, 5, 4, 5, 5, 8, 8, 1, 1, 2, 2, 2, 1, 1, 1]","[1, 1, 1, 1, 3, 5, 5, 4, 5, 5, 8, 8, 1, 1, 2, 2, 2, 1, 1, 1]","[1, 1, 1, 1, 3, 5, 5, 4, 5, 5, 8, 8, 1, 1, 2, 2, 2, 1, 1, 1]","7","7","7","0.0009953975677490234","0.0009989738464355469"
"299","58","70","20","True","True","58","70","20","True","True","58","70","20","True","True","0.0","0.0","7","7","7","30","30","30","[1, 1, 1, 1, 1, 1, 2, 2, 2, 4, 4, 4, 4, 2, 3, 8, 8, 8, 3, 1]","[1, 1, 1, 1, 1, 1, 2, 2, 2, 4, 4, 4, 4, 2, 3, 8, 8, 8, 3, 1]","[1, 1, 1, 1, 1, 1, 2, 2, 2, 4, 4, 4, 4, 2, 3, 8, 8, 8, 3, 1]","7","7","7","0.0019969940185546875","0.0010004043579101562"
"300","67","76","25","True","True","67","76","25","True","True","67","76","25","True","True","0.0","0.0","9","9","9","33","33","33","[1, 1, 1, 1, 1, 1, 1, 1, 1, 2, 2, 2, 3, 6, 6, 6, 6, 5, 5, 6, 6, 1, 1, 1, 1]","[1, 1, 1, 1, 1, 1, 1, 1, 1, 2, 2, 2, 3, 6, 6, 6, 6, 5, 5, 6, 6, 1, 1, 1, 1]","[1, 1, 1, 1, 1, 1, 1, 1, 1, 2, 2, 2, 3, 6, 6, 6, 6, 5, 5, 6, 6, 1, 1, 1, 1]","9","9","9","0.0020008087158203125","0.0009984970092773438"
"301","67","75","25","True","True","67","75","25","True","True","67","75","25","True","True","0.0","0.0","9","9","9","32","32","32","[1, 1, 2, 2, 2, 4, 4, 1, 5, 9, 10, 10, 15, 15, 8, 8, 5, 3, 3, 3, 3, 3, 3, 3, 1]","[1, 1, 2, 2, 2, 4, 4, 1, 5, 9, 10, 10, 15, 15, 8, 8, 5, 3, 3, 3, 3, 3, 3, 3, 1]","[1, 1, 2, 2, 2, 4, 4, 1, 5, 9, 10, 10, 15, 15, 8, 8, 5, 3, 3, 3, 3, 3, 3, 3, 1]","9","9","9","0.0020034313201904297","0.0009999275207519531"
"302","80","94","25","True","False","68","75","25","True","True","71","78","25","True","True","0.060468321260600644","0.0849238281071466","15","5","7","39","28","32","[1, 1, 1, 1, 1, 2, 6, 2, 1, 2, 2, 2, 5, 5, 6, 6, 7, 7, 2, 3, 3, 2, 7, 7, 18]","[0, 0, 0, 0, 0, 0, 0, 0, 0, 0, 0, 0, 0, 1, 1, 1, 1, 1, 1, 1, 1, 2, 2, 2, 2]","[1, 1, 1, 1, 1, 1, 3, 1, 1, 2, 2, 2, 1, 1, 1, 1, 1, 1, 2, 3, 3, 2, 1, 1, 3]","15","5","7","0.4672682285308838","0.09013986587524414"
"303","80","94","25","True","False","69","75","25","True","True","73","81","25","True","True","0.046977470339974015","0.07524584378972832","15","7","9","39","30","32","[1, 1, 1, 1, 1, 1, 1, 1, 2, 3, 3, 2, 6, 7, 7, 8, 25, 8, 7, 25, 9, 9, 3, 1, 1]","[1, 1, 1, 1, 1, 1, 1, 1, 2, 3, 3, 2, 6, 3, 1, 1, 6, 6, 6, 6, 6, 6, 6, 18, 18]","[1, 1, 1, 1, 1, 1, 1, 1, 2, 3, 3, 2, 6, 6, 6, 6, 18, 6, 6, 18, 6, 6, 3, 1, 1]","15","7","9","0.5003974437713623","0.10200834274291992"
"304","74","88","25","True","False","73","88","25","True","False","73","88","25","True","False","0.0","0.0","11","11","11","37","37","37","[1, 1, 1, 1, 1, 2, 3, 3, 3, 4, 5, 5, 6, 6, 5, 3, 15, 36, 36, 18, 18, 39, 39, 39, 1]","[1, 1, 1, 1, 1, 2, 3, 3, 3, 4, 5, 5, 5, 5, 5, 3, 15, 36, 36, 18, 18, 39, 39, 39, 1]","[1, 1, 1, 1, 1, 2, 3, 3, 3, 4, 5, 5, 5, 5, 5, 3, 15, 36, 36, 18, 18, 39, 39, 39, 1]","11","11","11","0.312546968460083","0.018423795700073242"
"305","74","88","25","True","False","73","87","25","True","False","73","87","25","True","False","0.00600946705868266","0.00600946705868266","11","11","11","37","36","36","[1, 1, 1, 1, 2, 2, 2, 2, 2, 9, 9, 15, 15, 15, 5, 5, 5, 5, 5, 2, 22, 3, 3, 3, 1]","[1, 1, 1, 1, 2, 2, 2, 2, 2, 9, 9, 15, 15, 15, 5, 5, 5, 5, 5, 2, 22, 3, 3, 3, 1]","[1, 1, 1, 1, 2, 2, 2, 2, 2, 9, 9, 15, 15, 15, 5, 5, 5, 5, 5, 2, 22, 3, 3, 3, 1]","11","11","11","0.22117280960083008","0.01745152473449707"
"306","80","94","25","True","False","71","81","25","False","True","75","86","25","True","True","0.02707328023333977","0.05568253784991983","15","9","11","39","32","35","[2, 4, 4, 4, 4, 4, 4, 4, 8, 8, 9, 9, 9, 25, 12, 15, 15, 12, 20, 24, 24, 56, 4, 4, 1]","[0, 0, 0, 0, 0, 0, 0, 1, 1, 1, 1, 2, 2, 2, 2, 2, 3, 3, 3, 3, 5, 5, 7, 6, 14]","[1, 1, 1, 1, 1, 1, 1, 1, 2, 2, 2, 2, 2, 5, 3, 3, 3, 3, 5, 6, 6, 13, 1, 1, 1]","15","10","11","3.0696194171905518","0.22484827041625977"
"307","80","94","25","True","False","64","71","25","True","True","72","80","25","True","True","0.04798725275369253","0.10720795718301857","15","4","8","39","26","32","[1, 1, 1, 1, 1, 1, 2, 3, 3, 3, 3, 5, 5, 12, 12, 12, 5, 13, 13, 13, 2, 2, 1, 1, 1]","[0, 0, 0, 0, 0, 0, 1, 1, 2, 2, 2, 2, 2, 2, 2, 2, 2, 2, 2, 4, 4, 4, 7, 7, 7]","[1, 1, 1, 1, 1, 1, 1, 1, 1, 1, 1, 1, 1, 4, 4, 4, 2, 7, 7, 7, 1, 1, 1, 1, 1]","15","4","8","1.0164520740509033","0.14823031425476074"
"308","67","76","25","True","True","67","76","25","True","True","67","76","25","True","True","0.0","0.0","9","9","9","33","33","33","[1, 1, 3, 3, 3, 6, 6, 3, 3, 2, 2, 2, 2, 2, 5, 18, 18, 18, 16, 8, 8, 8, 8, 1, 1]","[1, 1, 3, 3, 3, 6, 6, 3, 3, 2, 2, 2, 2, 2, 5, 18, 18, 18, 16, 8, 8, 8, 8, 1, 1]","[1, 1, 3, 3, 3, 6, 6, 3, 3, 2, 2, 2, 2, 2, 5, 18, 18, 18, 16, 8, 8, 8, 8, 1, 1]","9","9","9","0.0009944438934326172","0.002000093460083008"
"309","67","75","25","True","True","67","75","25","True","True","67","75","25","True","True","0.0","0.0","9","9","9","32","32","32","[1, 2, 2, 2, 2, 1, 2, 2, 2, 5, 6, 7, 7, 7, 5, 4, 4, 2, 1, 3, 3, 1, 1, 1, 1]","[1, 2, 2, 2, 2, 1, 2, 2, 2, 5, 6, 7, 7, 7, 5, 4, 4, 2, 1, 3, 3, 1, 1, 1, 1]","[1, 2, 2, 2, 2, 1, 2, 2, 2, 5, 6, 7, 7, 7, 5, 4, 4, 2, 1, 3, 3, 1, 1, 1, 1]","9","9","9","0.0020012855529785156","0.001998424530029297"
"310","67","76","25","True","True","67","76","25","True","True","67","76","25","True","True","0.0","0.0","9","9","9","33","33","33","[2, 2, 2, 2, 2, 2, 2, 6, 6, 8, 8, 8, 18, 18, 18, 4, 4, 4, 3, 3, 3, 1, 1, 1, 1]","[2, 2, 2, 2, 2, 2, 2, 6, 6, 8, 8, 8, 18, 18, 18, 4, 4, 4, 3, 3, 3, 1, 1, 1, 1]","[2, 2, 2, 2, 2, 2, 2, 6, 6, 8, 8, 8, 18, 18, 18, 4, 4, 4, 3, 3, 3, 1, 1, 1, 1]","9","9","9","0.0009984970092773438","0.0009999275207519531"
"311","80","94","25","True","False","68","75","25","True","True","72","80","25","True","True","0.04775258856883946","0.0783855535153214","15","5","8","39","30","32","[1, 1, 1, 1, 1, 2, 4, 5, 5, 9, 9, 9, 9, 12, 12, 16, 16, 38, 39, 39, 4, 4, 4, 1, 20]","[0, 0, 0, 0, 0, 0, 1, 1, 1, 1, 1, 1, 1, 2, 2, 2, 2, 3, 3, 4, 4, 5, 9, 9, 9]","[1, 1, 1, 1, 1, 2, 2, 2, 2, 4, 4, 4, 4, 6, 6, 8, 8, 18, 18, 18, 2, 2, 2, 1, 10]","15","5","8","0.999748945236206","0.22538042068481445"
"312","67","76","25","True","True","67","76","25","True","True","67","76","25","True","True","0.0","0.0","9","9","9","33","33","33","[1, 1, 1, 1, 2, 2, 3, 3, 4, 4, 4, 1, 5, 5, 5, 5, 5, 9, 9, 1, 1, 1, 11, 11, 11]","[1, 1, 1, 1, 2, 2, 3, 3, 4, 4, 4, 1, 5, 5, 5, 5, 5, 9, 9, 1, 1, 1, 11, 11, 11]","[1, 1, 1, 1, 2, 2, 3, 3, 4, 4, 4, 1, 5, 5, 5, 5, 5, 9, 9, 1, 1, 1, 11, 11, 11]","9","9","9","0.0009999275207519531","0.0020058155059814453"
"313","67","76","25","True","True","67","76","25","True","True","67","76","25","True","True","0.0","0.0","9","9","9","33","33","33","[1, 1, 2, 2, 4, 6, 10, 10, 10, 10, 10, 10, 20, 20, 30, 30, 30, 2, 2, 2, 2, 1, 1, 1, 1]","[1, 1, 2, 2, 4, 6, 10, 10, 10, 10, 10, 10, 20, 20, 30, 30, 30, 2, 2, 2, 2, 1, 1, 1, 1]","[1, 1, 2, 2, 4, 6, 10, 10, 10, 10, 10, 10, 20, 20, 30, 30, 30, 2, 2, 2, 2, 1, 1, 1, 1]","9","9","9","0.001001119613647461","0.0020051002502441406"
"314","72","85","25","True","True","72","85","25","True","True","72","85","25","True","True","0.0","0.0","9","9","9","36","36","36","[1, 1, 1, 1, 1, 1, 2, 2, 6, 6, 6, 6, 14, 14, 6, 6, 6, 6, 2, 9, 9, 1, 1, 1, 1]","[1, 1, 1, 1, 1, 1, 2, 2, 6, 6, 6, 6, 14, 14, 6, 6, 6, 6, 2, 9, 9, 1, 1, 1, 1]","[1, 1, 1, 1, 1, 1, 2, 2, 6, 6, 6, 6, 14, 14, 6, 6, 6, 6, 2, 9, 9, 1, 1, 1, 1]","9","9","9","0.001003265380859375","0.0019903182983398438"
"315","80","94","25","True","False","67","76","25","True","True","79","94","25","True","False","0.0","0.08307310969427362","15","9","15","39","33","39","[1, 1, 1, 1, 2, 2, 2, 2, 2, 2, 5, 5, 2, 2, 2, 6, 8, 8, 2, 2, 6, 12, 32, 13, 13]","[]","[1, 1, 1, 1, 1, 1, 1, 1, 1, 1, 3, 3, 1, 1, 1, 3, 4, 4, 2, 2, 4, 6, 17, 7, 7]","15","9","15","34.24614381790161","0.5644528865814209"
"316","74","88","25","True","False","73","88","25","True","False","73","88","25","True","False","0.0","0.0","11","11","11","37","37","37","[1, 1, 1, 1, 1, 1, 1, 3, 3, 3, 2, 2, 2, 2, 14, 3, 3, 4, 4, 3, 7, 7, 7, 7, 7]","[1, 1, 1, 1, 1, 1, 1, 3, 3, 3, 2, 2, 2, 2, 12, 2, 2, 3, 3, 2, 6, 6, 6, 6, 6]","[1, 1, 1, 1, 1, 1, 1, 3, 3, 3, 2, 2, 2, 2, 12, 2, 2, 3, 3, 2, 6, 6, 6, 6, 6]","11","11","11","0.26399922370910645","0.021002531051635742"
"317","67","75","25","True","True","67","75","25","True","True","67","75","25","True","True","0.0","0.0","9","9","9","32","32","32","[1, 1, 1, 1, 4, 5, 5, 2, 4, 4, 5, 9, 10, 10, 10, 10, 10, 4, 2, 1, 1, 1, 1, 1, 1]","[1, 1, 1, 1, 4, 5, 5, 2, 4, 4, 5, 9, 10, 10, 10, 10, 10, 4, 2, 1, 1, 1, 1, 1, 1]","[1, 1, 1, 1, 4, 5, 5, 2, 4, 4, 5, 9, 10, 10, 10, 10, 10, 4, 2, 1, 1, 1, 1, 1, 1]","9","9","9","0.001004934310913086","0.0009999275207519531"
"318","72","85","25","True","True","72","85","25","True","True","72","85","25","True","True","0.0","0.0","9","9","9","36","36","36","[1, 1, 2, 2, 2, 2, 2, 2, 2, 2, 2, 5, 5, 5, 9, 14, 14, 9, 6, 6, 8, 8, 8, 8, 6]","[1, 1, 2, 2, 2, 2, 2, 2, 2, 2, 2, 5, 5, 5, 9, 14, 14, 9, 6, 6, 8, 8, 8, 8, 6]","[1, 1, 2, 2, 2, 2, 2, 2, 2, 2, 2, 5, 5, 5, 9, 14, 14, 9, 6, 6, 8, 8, 8, 8, 6]","9","9","9","0.0019996166229248047","0.00099945068359375"
"319","80","94","25","True","False","62","65","26","True","True","74","83","25","True","True","0.03858516162637693","0.128453131883575","15","4","10","39","27","33","[1, 1, 20, 3, 3, 3, 1, 3, 3, 9, 9, 3, 3, 3, 6, 13, 13, 6, 6, 5, 8, 8, 8, 3, 3]","[0, 0, 0, 1, 1, 1, 1, 1, 1, 1, 1, 1, 1, 1, 2, 2, 2, 2, 3, 3, 3, 3, 3, 5, 5, 7]","[1, 1, 7, 1, 1, 1, 1, 1, 1, 3, 3, 1, 1, 1, 2, 5, 5, 2, 2, 2, 3, 3, 3, 1, 1]","15","4","10","1.028592824935913","0.1950075626373291"
"320","67","75","25","True","True","67","75","25","True","True","67","75","25","True","True","0.0","0.0","9","9","9","32","32","32","[1, 1, 1, 1, 1, 1, 1, 1, 1, 1, 2, 2, 5, 5, 5, 3, 3, 3, 4, 4, 3, 3, 9, 9, 9]","[1, 1, 1, 1, 1, 1, 1, 1, 1, 1, 2, 2, 5, 5, 5, 3, 3, 3, 4, 4, 3, 3, 9, 9, 9]","[1, 1, 1, 1, 1, 1, 1, 1, 1, 1, 2, 2, 5, 5, 5, 3, 3, 3, 4, 4, 3, 3, 9, 9, 9]","9","9","9","0.0019998550415039062","0.0009992122650146484"
"321","67","75","25","True","True","67","75","25","True","True","67","75","25","True","True","0.0","0.0","9","9","9","32","32","32","[1, 1, 1, 3, 3, 5, 6, 6, 6, 1, 2, 2, 2, 2, 2, 2, 1, 2, 2, 2, 2, 2, 1, 1, 1]","[1, 1, 1, 3, 3, 5, 6, 6, 6, 1, 2, 2, 2, 2, 2, 2, 1, 2, 2, 2, 2, 2, 1, 1, 1]","[1, 1, 1, 3, 3, 5, 6, 6, 6, 1, 2, 2, 2, 2, 2, 2, 1, 2, 2, 2, 2, 2, 1, 1, 1]","9","9","9","0.0020012855529785156","0.0009989738464355469"
"322","80","94","25","True","False","63","72","25","False","True","68","73","26","True","True","0.076781939729895","0.11562052788783472","15","5","5","39","31","30","[1, 1, 1, 1, 1, 1, 2, 2, 3, 3, 3, 1, 6, 1, 2, 2, 10, 13, 13, 13, 4, 4, 5, 5, 5]","[1, 1, 1, 1, 1, 1, 1, 1, 1, 2, 2, 2, 2, 2, 2, 3, 3, 3, 4, 4, 4, 9, 10, 11, 11]","[1, 1, 1, 1, 1, 1, 1, 1, 1, 1, 1, 1, 2, 1, 1, 1, 3, 4, 4, 4, 2, 2, 2, 2, 2, 1]","15","6","5","1.7888612747192383","0.1892232894897461"
"323","80","94","25","True","False","63","69","25","True","True","69","74","27","True","True","0.07811748801214946","0.12140557498446647","15","5","6","39","28","31","[1, 1, 1, 1, 1, 1, 1, 1, 2, 2, 1, 1, 1, 1, 1, 3, 3, 4, 16, 10, 13, 16, 13, 10, 1]","[1, 1, 1, 1, 1, 1, 1, 1, 2, 2, 2, 2, 3, 3, 2, 2, 2, 2, 3, 6, 6, 8, 8, 10, 10]","[1, 1, 1, 1, 1, 1, 1, 1, 2, 2, 1, 1, 1, 1, 1, 1, 1, 1, 4, 3, 4, 5, 4, 3, 1, 1, 1]","15","5","6","1.6883809566497803","0.20205187797546387"
"324","74","88","25","True","False","73","88","25","True","False","73","88","25","True","False","0.0","0.0","11","11","11","37","37","37","[1, 1, 14, 1, 1, 1, 1, 3, 3, 5, 5, 4, 2, 2, 1, 1, 1, 1, 3, 3, 2, 9, 9, 9, 1]","[1, 1, 12, 1, 1, 1, 1, 3, 3, 4, 4, 3, 2, 2, 1, 1, 1, 1, 3, 3, 2, 8, 8, 8, 1]","[1, 1, 12, 1, 1, 1, 1, 3, 3, 4, 4, 3, 2, 2, 1, 1, 1, 1, 3, 3, 2, 8, 8, 8, 1]","11","11","11","0.23211026191711426","0.01699995994567871"
"325","74","88","25","True","False","73","87","25","True","False","73","87","25","True","False","0.005236553454152637","0.005236553454152637","11","11","11","37","36","36","[1, 2, 3, 3, 6, 6, 3, 3, 6, 6, 5, 5, 3, 3, 3, 30, 30, 30, 6, 6, 1, 1, 1, 1, 1]","[1, 2, 3, 3, 6, 6, 3, 3, 6, 6, 5, 5, 3, 3, 3, 30, 30, 30, 6, 6, 1, 1, 1, 1, 1]","[1, 2, 3, 3, 6, 6, 3, 3, 6, 6, 5, 5, 3, 3, 3, 30, 30, 30, 6, 6, 1, 1, 1, 1, 1]","11","11","11","0.22409844398498535","0.017123937606811523"
"326","67","76","25","True","True","67","76","25","True","True","67","76","25","True","True","0.0","0.0","9","9","9","33","33","33","[1, 1, 1, 1, 1, 1, 1, 1, 1, 1, 2, 2, 4, 4, 2, 4, 4, 4, 1, 2, 5, 5, 5, 5, 5]","[1, 1, 1, 1, 1, 1, 1, 1, 1, 1, 2, 2, 4, 4, 2, 4, 4, 4, 1, 2, 5, 5, 5, 5, 5]","[1, 1, 1, 1, 1, 1, 1, 1, 1, 1, 2, 2, 4, 4, 2, 4, 4, 4, 1, 2, 5, 5, 5, 5, 5]","9","9","9","0.002000093460083008","0.0010006427764892578"
"327","72","86","25","True","True","72","86","25","True","True","72","86","25","True","True","0.0","0.0","9","9","9","37","37","37","[1, 1, 1, 2, 5, 5, 5, 3, 3, 3, 3, 3, 1, 1, 1, 1, 1, 4, 7, 14, 24, 24, 24, 10, 1]","[1, 1, 1, 2, 5, 5, 5, 3, 3, 3, 3, 3, 1, 1, 1, 1, 1, 4, 7, 14, 24, 24, 24, 10, 1]","[1, 1, 1, 2, 5, 5, 5, 3, 3, 3, 3, 3, 1, 1, 1, 1, 1, 4, 7, 14, 24, 24, 24, 10, 1]","9","9","9","0.0009987354278564453","0.0010004043579101562"
"328","80","94","25","True","False","66","73","25","True","True","74","84","25","True","False","0.03391719874378385","0.09117255363231802","15","6","10","39","30","34","[1, 1, 2, 2, 2, 2, 2, 2, 2, 2, 10, 12, 36, 36, 10, 2, 2, 3, 5, 47, 47, 2, 1, 1, 1]","[1, 1, 1, 1, 1, 1, 1, 1, 1, 1, 1, 1, 1, 1, 1, 1, 1, 2, 5, 4, 4, 12, 12, 17, 17]","[1, 1, 1, 1, 1, 1, 1, 1, 1, 1, 4, 4, 12, 12, 4, 1, 1, 1, 2, 16, 16, 1, 1, 1, 1]","15","6","10","16.584256649017334","0.1719970703125"
"329","80","94","25","True","False","69","74","25","True","True","71","77","25","True","True","0.060468321260600644","0.0747006273377453","15","5","6","39","30","31","[1, 1, 2, 2, 2, 4, 4, 4, 4, 2, 2, 2, 9, 15, 15, 15, 15, 15, 9, 9, 28, 28, 28, 37, 1]","[1, 1, 2, 2, 2, 4, 4, 4, 4, 2, 2, 2, 1, 2, 2, 2, 2, 2, 2, 2, 2, 6, 6, 6, 10]","[1, 1, 2, 2, 2, 4, 4, 4, 4, 2, 2, 2, 2, 2, 2, 2, 2, 2, 2, 2, 6, 6, 6, 10, 1]","15","5","6","1.9648659229278564","0.1190025806427002"
"330","80","94","25","True","False","70","80","25","True","True","78","92","25","True","False","0.006149781673246868","0.06799384879837744","15","10","14","39","33","38","[1, 2, 2, 2, 2, 2, 2, 2, 4, 4, 19, 4, 4, 4, 1, 7, 8, 8, 10, 12, 13, 13, 13, 10, 10]","[1, 1, 2, 2, 2, 2, 2, 2, 3, 6, 6, 6, 6, 6, 9, 10, 10, 11, 11, 12, 13, 14, 14, 14, 22]","[1, 2, 2, 2, 2, 2, 2, 2, 4, 4, 17, 4, 4, 4, 1, 7, 8, 8, 9, 11, 12, 12, 12, 9, 9]","15","10","14","39.519543170928955","0.5670864582061768"
"331","74","88","25","True","False","73","88","25","True","False","73","88","25","True","False","0.0","0.0","11","11","11","37","37","37","[1, 1, 1, 1, 2, 2, 26, 3, 3, 5, 7, 7, 8, 8, 2, 2, 2, 2, 4, 4, 4, 9, 10, 10, 10]","[1, 1, 1, 1, 1, 1, 16, 2, 2, 3, 4, 4, 4, 4, 1, 1, 1, 1, 2, 2, 2, 6, 7, 7, 7]","[1, 1, 1, 1, 1, 1, 16, 2, 2, 3, 4, 4, 4, 4, 1, 1, 1, 1, 2, 2, 2, 6, 7, 7, 7]","11","11","11","1.3128318786621094","0.01799941062927246"
"332","67","76","25","True","True","67","76","25","True","True","67","76","25","True","True","0.0","0.0","9","9","9","33","33","33","[1, 1, 1, 1, 1, 1, 1, 3, 3, 3, 3, 3, 2, 2, 2, 5, 5, 10, 12, 12, 1, 1, 1, 1, 1]","[1, 1, 1, 1, 1, 1, 1, 3, 3, 3, 3, 3, 2, 2, 2, 5, 5, 10, 12, 12, 1, 1, 1, 1, 1]","[1, 1, 1, 1, 1, 1, 1, 3, 3, 3, 3, 3, 2, 2, 2, 5, 5, 10, 12, 12, 1, 1, 1, 1, 1]","9","9","9","0.0020012855529785156","0.0009996891021728516"
"333","80","94","25","True","False","63","70","25","True","True","79","94","25","True","False","0.0","0.11249043410546467","15","7","15","39","31","39","[1, 1, 1, 1, 1, 1, 2, 2, 3, 3, 3, 3, 5, 6, 6, 3, 16, 7, 5, 5, 2, 13, 13, 1, 1]","[]","[1, 1, 1, 1, 1, 1, 2, 2, 3, 3, 3, 3, 5, 6, 6, 3, 15, 7, 5, 5, 2, 12, 12, 1, 1]","15","7","15","29.438652753829956","0.3610970973968506"
"334","80","94","25","True","False","65","69","25","False","True","71","77","27","True","True","0.06383323482685987","0.10661919482701554","15","4","7","39","27","32","[1, 1, 1, 1, 1, 1, 1, 2, 2, 2, 4, 18, 20, 20, 13, 8, 8, 16, 16, 3, 3, 1, 1, 1, 1]","[0, 0, 0, 0, 0, 0, 0, 0, 0, 0, 0, 0, 0, 1, 1, 1, 1, 2, 2, 3, 4, 4, 4, 4, 4]","[1, 1, 1, 1, 1, 1, 1, 2, 2, 2, 2, 8, 8, 8, 6, 4, 4, 8, 8, 2, 2, 1, 1, 1, 1, 1, 1]","15","5","7","0.6712939739227295","0.10914373397827148"
"335","67","76","25","True","True","67","76","25","True","True","67","76","25","True","True","0.0","0.0","9","9","9","33","33","33","[1, 1, 2, 2, 2, 2, 2, 3, 5, 6, 6, 6, 6, 6, 6, 6, 12, 12, 17, 17, 17, 6, 6, 2, 1]","[1, 1, 2, 2, 2, 2, 2, 3, 5, 6, 6, 6, 6, 6, 6, 6, 12, 12, 17, 17, 17, 6, 6, 2, 1]","[1, 1, 2, 2, 2, 2, 2, 3, 5, 6, 6, 6, 6, 6, 6, 6, 12, 12, 17, 17, 17, 6, 6, 2, 1]","9","9","9","0.002002239227294922","0.001003265380859375"
"336","80","94","25","True","False","64","69","25","True","True","78","91","25","True","True","0.011648662623813255","0.1111559403740584","15","7","14","39","30","37","[1, 2, 2, 2, 2, 2, 1, 1, 1, 1, 11, 22, 12, 1, 2, 3, 4, 4, 6, 13, 13, 13, 13, 3, 2]","[0, 1, 1, 1, 1, 1, 1, 1, 2, 2, 2, 2, 2, 2, 2, 3, 3, 5, 10, 10, 10, 10, 10, 11, 19]","[1, 2, 2, 2, 2, 2, 1, 1, 1, 1, 10, 19, 11, 1, 1, 2, 3, 3, 5, 10, 10, 10, 10, 2, 1]","15","7","14","2.1363465785980225","0.3469979763031006"
"337","67","76","25","True","True","67","76","25","True","True","67","76","25","True","True","0.0","0.0","9","9","9","33","33","33","[1, 1, 1, 1, 1, 1, 1, 1, 1, 1, 1, 2, 2, 2, 2, 5, 5, 5, 5, 8, 10, 10, 2, 2, 2]","[1, 1, 1, 1, 1, 1, 1, 1, 1, 1, 1, 2, 2, 2, 2, 5, 5, 5, 5, 8, 10, 10, 2, 2, 2]","[1, 1, 1, 1, 1, 1, 1, 1, 1, 1, 1, 2, 2, 2, 2, 5, 5, 5, 5, 8, 10, 10, 2, 2, 2]","9","9","9","0.0009980201721191406","0.002007722854614258"
"338","67","76","25","True","True","67","76","25","True","True","67","76","25","True","True","0.0","0.0","9","9","9","33","33","33","[1, 1, 1, 1, 2, 2, 2, 3, 5, 5, 2, 2, 2, 5, 8, 10, 10, 8, 9, 9, 2, 2, 2, 1, 1]","[1, 1, 1, 1, 2, 2, 2, 3, 5, 5, 2, 2, 2, 5, 8, 10, 10, 8, 9, 9, 2, 2, 2, 1, 1]","[1, 1, 1, 1, 2, 2, 2, 3, 5, 5, 2, 2, 2, 5, 8, 10, 10, 8, 9, 9, 2, 2, 2, 1, 1]","9","9","9","0.0010006427764892578","0.0020003318786621094"
"339","80","94","25","True","False","60","66","25","True","True","76","88","25","True","False","0.019306761456198585","0.13589543820974437","15","5","12","39","29","36","[1, 1, 1, 1, 1, 1, 1, 1, 1, 1, 1, 2, 3, 3, 3, 4, 4, 1, 10, 10, 2, 3, 7, 7, 7]","[]","[1, 1, 1, 1, 1, 1, 1, 1, 1, 1, 1, 2, 3, 3, 3, 4, 4, 1, 8, 8, 1, 2, 6, 6, 6]","15","5","12","18.05881118774414","0.2759983539581299"
"340","74","88","25","True","False","73","88","25","True","False","73","88","25","True","False","0.0","0.0","11","11","11","37","37","37","[1, 1, 1, 1, 1, 2, 2, 1, 1, 3, 3, 2, 1, 1, 1, 3, 3, 7, 12, 12, 4, 10, 1, 1, 1]","[1, 1, 1, 1, 1, 2, 2, 1, 1, 2, 2, 1, 1, 1, 1, 3, 3, 7, 12, 12, 4, 8, 1, 1, 1]","[1, 1, 1, 1, 1, 2, 2, 1, 1, 2, 2, 1, 1, 1, 1, 3, 3, 7, 12, 12, 4, 8, 1, 1, 1]","11","11","11","0.30899834632873535","0.0189974308013916"
"341","74","88","25","True","False","73","87","25","True","False","73","87","25","True","False","0.005236553454152637","0.005236553454152637","11","11","11","37","36","36","[1, 1, 1, 8, 8, 2, 2, 2, 3, 3, 4, 4, 6, 11, 11, 11, 9, 9, 4, 3, 3, 1, 1, 1, 1]","[1, 1, 1, 8, 8, 2, 2, 2, 3, 3, 4, 4, 6, 11, 11, 11, 9, 9, 4, 3, 3, 1, 1, 1, 1]","[1, 1, 1, 8, 8, 2, 2, 2, 3, 3, 4, 4, 6, 11, 11, 11, 9, 9, 4, 3, 3, 1, 1, 1, 1]","11","11","11","0.2210981845855713","0.017004013061523438"
"342","67","75","25","True","True","67","75","25","True","True","67","75","25","True","True","0.0","0.0","9","9","9","32","32","32","[1, 1, 1, 1, 1, 1, 1, 1, 1, 1, 3, 4, 5, 5, 5, 5, 6, 6, 10, 10, 10, 2, 2, 1, 1]","[1, 1, 1, 1, 1, 1, 1, 1, 1, 1, 3, 4, 5, 5, 5, 5, 6, 6, 10, 10, 10, 2, 2, 1, 1]","[1, 1, 1, 1, 1, 1, 1, 1, 1, 1, 3, 4, 5, 5, 5, 5, 6, 6, 10, 10, 10, 2, 2, 1, 1]","9","9","9","0.0009987354278564453","0.0010006427764892578"
"343","74","88","25","True","False","73","87","25","True","False","73","87","25","True","False","0.005236553454152637","0.005236553454152637","11","11","11","37","36","36","[1, 1, 1, 1, 1, 1, 1, 2, 2, 2, 3, 3, 3, 5, 14, 16, 32, 32, 16, 30, 30, 30, 14, 3, 1]","[1, 1, 1, 1, 1, 1, 1, 2, 2, 2, 3, 3, 3, 5, 14, 16, 32, 32, 16, 30, 30, 30, 14, 3, 1]","[1, 1, 1, 1, 1, 1, 1, 2, 2, 2, 3, 3, 3, 5, 14, 16, 32, 32, 16, 30, 30, 30, 14, 3, 1]","11","11","11","0.22744083404541016","0.018001556396484375"
"344","67","76","25","True","True","67","76","25","True","True","67","76","25","True","True","0.0","0.0","9","9","9","33","33","33","[1, 1, 2, 2, 4, 4, 4, 4, 1, 1, 1, 1, 1, 1, 3, 7, 7, 7, 13, 13, 2, 4, 4, 4, 1]","[1, 1, 2, 2, 4, 4, 4, 4, 1, 1, 1, 1, 1, 1, 3, 7, 7, 7, 13, 13, 2, 4, 4, 4, 1]","[1, 1, 2, 2, 4, 4, 4, 4, 1, 1, 1, 1, 1, 1, 3, 7, 7, 7, 13, 13, 2, 4, 4, 4, 1]","9","9","9","0.0009989738464355469","0.00099945068359375"
"345","67","75","25","True","True","67","75","25","True","True","67","75","25","True","True","0.0","0.0","9","9","9","32","32","32","[1, 1, 1, 1, 1, 2, 3, 3, 1, 2, 4, 5, 5, 8, 16, 16, 16, 16, 4, 5, 5, 1, 1, 1, 1]","[1, 1, 1, 1, 1, 2, 3, 3, 1, 2, 4, 5, 5, 8, 16, 16, 16, 16, 4, 5, 5, 1, 1, 1, 1]","[1, 1, 1, 1, 1, 2, 3, 3, 1, 2, 4, 5, 5, 8, 16, 16, 16, 16, 4, 5, 5, 1, 1, 1, 1]","9","9","9","0.0010013580322265625","0.0009996891021728516"
"346","80","94","25","True","False","64","70","25","True","True","72","79","25","True","True","0.053965371201064816","0.11310830910871184","15","4","8","39","27","31","[1, 1, 1, 1, 1, 2, 20, 4, 4, 4, 4, 4, 7, 7, 3, 15, 7, 8, 8, 1, 1, 1, 1, 1, 1]","[1, 1, 1, 1, 1, 1, 1, 1, 1, 2, 2, 2, 2, 2, 2, 2, 3, 3, 3, 4, 6, 6, 6, 10, 13]","[1, 1, 1, 1, 1, 1, 7, 1, 1, 1, 1, 1, 2, 2, 1, 5, 3, 3, 3, 1, 1, 1, 1, 1, 1]","15","4","8","0.7855231761932373","0.12599945068359375"
"347","80","94","25","True","False","66","75","25","False","True","74","84","25","True","True","0.034148501463515335","0.09278724847471542","15","5","9","39","32","35","[1, 1, 1, 1, 3, 3, 1, 1, 1, 1, 1, 3, 3, 2, 5, 1, 2, 6, 7, 7, 7, 2, 2, 5, 1]","[1, 1, 1, 1, 2, 2, 1, 2, 2, 2, 1, 1, 3, 3, 3, 4, 4, 3, 3, 3, 3, 3, 3, 4, 4]","[1, 1, 1, 1, 2, 2, 1, 1, 1, 1, 1, 2, 2, 1, 3, 1, 2, 2, 2, 2, 2, 2, 2, 3, 1]","15","6","9","0.6174371242523193","0.09428906440734863"
"348","67","75","25","True","True","67","75","25","True","True","67","75","25","True","True","0.0","0.0","9","9","9","32","32","32","[1, 1, 1, 2, 2, 2, 2, 1, 3, 3, 3, 2, 2, 5, 5, 2, 3, 3, 1, 1, 1, 4, 4, 4, 4]","[1, 1, 1, 2, 2, 2, 2, 1, 3, 3, 3, 2, 2, 5, 5, 2, 3, 3, 1, 1, 1, 4, 4, 4, 4]","[1, 1, 1, 2, 2, 2, 2, 1, 3, 3, 3, 2, 2, 5, 5, 2, 3, 3, 1, 1, 1, 4, 4, 4, 4]","9","9","9","0.0019931793212890625","0.0009999275207519531"
"349","67","75","25","True","True","67","75","25","True","True","67","75","25","True","True","0.0","0.0","9","9","9","32","32","32","[1, 2, 4, 4, 4, 4, 4, 8, 16, 16, 16, 16, 12, 16, 16, 12, 13, 13, 8, 4, 12, 12, 12, 4, 1]","[1, 2, 4, 4, 4, 4, 4, 8, 16, 16, 16, 16, 12, 16, 16, 12, 13, 13, 8, 4, 12, 12, 12, 4, 1]","[1, 2, 4, 4, 4, 4, 4, 8, 16, 16, 16, 16, 12, 16, 16, 12, 13, 13, 8, 4, 12, 12, 12, 4, 1]","9","9","9","0.0009989738464355469","0.001001119613647461"
"350","67","76","25","True","True","67","76","25","True","True","67","76","25","True","True","0.0","0.0","9","9","9","33","33","33","[1, 1, 1, 3, 3, 3, 3, 3, 3, 3, 6, 6, 3, 2, 2, 4, 4, 4, 14, 14, 14, 14, 10, 7, 1]","[1, 1, 1, 3, 3, 3, 3, 3, 3, 3, 6, 6, 3, 2, 2, 4, 4, 4, 14, 14, 14, 14, 10, 7, 1]","[1, 1, 1, 3, 3, 3, 3, 3, 3, 3, 6, 6, 3, 2, 2, 4, 4, 4, 14, 14, 14, 14, 10, 7, 1]","9","9","9","0.0010030269622802734","0.002002239227294922"
"351","80","94","25","True","False","63","68","25","True","True","75","86","25","True","True","0.026325545515962","0.11335757510185618","15","5","11","39","28","35","[1, 1, 1, 1, 1, 2, 2, 2, 3, 4, 6, 6, 6, 9, 9, 9, 1, 1, 2, 4, 4, 1, 1, 6, 1]","[0, 0, 1, 1, 1, 1, 1, 1, 1, 1, 2, 2, 2, 2, 2, 3, 3, 3, 4, 4, 4, 6, 7, 7, 7]","[1, 1, 1, 1, 1, 2, 2, 2, 2, 3, 4, 4, 4, 7, 7, 7, 1, 1, 2, 3, 3, 1, 1, 6, 1]","15","5","11","1.3471741676330566","0.22030997276306152"
"352","80","94","25","True","False","67","75","25","True","True","73","82","26","True","False","0.041813230831239","0.0838302444905793","15","6","9","39","30","34","[1, 2, 3, 3, 4, 4, 6, 7, 7, 21, 21, 24, 33, 24, 6, 6, 2, 2, 2, 1, 1, 1, 1, 1, 1]","[1, 2, 2, 1, 1, 1, 1, 1, 1, 3, 3, 3, 3, 4, 4, 4, 4, 4, 4, 4, 12, 12, 15, 15, 19]","[1, 2, 2, 2, 2, 2, 2, 2, 2, 12, 12, 14, 18, 14, 2, 2, 2, 2, 2, 1, 1, 1, 1, 1, 1, 1]","15","6","9","11.74229621887207","0.1509993076324463"
"353","80","94","25","True","False","64","71","25","False","True","74","84","25","True","False","0.03316417103939873","0.1050076577252187","15","5","9","39","30","35","[1, 1, 1, 1, 3, 3, 14, 14, 3, 2, 2, 2, 2, 2, 2, 9, 9, 4, 1, 1, 10, 6, 6, 6, 4]","[1, 1, 1, 1, 1, 1, 1, 1, 1, 1, 1, 1, 1, 1, 1, 1, 1, 2, 2, 2, 3, 3, 6, 8, 8]","[1, 1, 1, 1, 1, 1, 6, 6, 1, 1, 1, 1, 1, 1, 1, 3, 3, 1, 1, 1, 4, 2, 2, 2, 1]","15","6","9","12.817004442214966","0.1604321002960205"
"354","80","94","25","True","False","70","80","26","False","True","76","88","26","True","True","0.020802942516469303","0.06304852437571307","15","9","12","39","35","37","[1, 2, 2, 1, 1, 1, 10, 21, 21, 21, 21, 21, 42, 42, 11, 11, 11, 30, 30, 31, 31, 30, 4, 3, 3]","[1, 0, 1, 1, 1, 1, 1, 2, 2, 3, 7, 8, 8, 8, 15, 15, 15, 15, 15, 21, 21, 21, 21, 21, 30, 30]","[1, 1, 1, 1, 1, 1, 7, 15, 15, 15, 15, 15, 30, 30, 8, 8, 8, 21, 21, 21, 21, 21, 3, 2, 2, 0]","15","10","12","10.514321327209473","0.8162055015563965"
"355","67","75","25","True","True","67","75","25","True","True","67","75","25","True","True","0.0","0.0","9","9","9","32","32","32","[1, 1, 1, 1, 1, 1, 2, 2, 2, 2, 2, 3, 3, 6, 6, 6, 15, 15, 14, 14, 14, 14, 14, 2, 1]","[1, 1, 1, 1, 1, 1, 2, 2, 2, 2, 2, 3, 3, 6, 6, 6, 15, 15, 14, 14, 14, 14, 14, 2, 1]","[1, 1, 1, 1, 1, 1, 2, 2, 2, 2, 2, 3, 3, 6, 6, 6, 15, 15, 14, 14, 14, 14, 14, 2, 1]","9","9","9","0.0019953250885009766","0.0010001659393310547"
"356","74","88","25","True","False","73","88","25","True","False","73","88","25","True","False","0.0","0.0","11","11","11","37","37","37","[1, 1, 2, 2, 2, 2, 2, 14, 14, 2, 9, 9, 4, 4, 2, 4, 8, 8, 8, 8, 8, 8, 4, 1, 1]","[1, 1, 1, 1, 2, 2, 2, 14, 14, 2, 9, 9, 4, 4, 2, 4, 8, 8, 8, 8, 8, 8, 4, 1, 1]","[1, 1, 1, 1, 2, 2, 2, 14, 14, 2, 9, 9, 4, 4, 2, 4, 8, 8, 8, 8, 8, 8, 4, 1, 1]","11","11","11","0.2564699649810791","0.01732349395751953"
"357","67","76","25","True","True","67","76","25","True","True","67","76","25","True","True","0.0","0.0","9","9","9","33","33","33","[1, 1, 1, 1, 1, 1, 2, 2, 4, 4, 4, 4, 4, 4, 4, 5, 9, 9, 4, 4, 5, 5, 5, 1, 1]","[1, 1, 1, 1, 1, 1, 2, 2, 4, 4, 4, 4, 4, 4, 4, 5, 9, 9, 4, 4, 5, 5, 5, 1, 1]","[1, 1, 1, 1, 1, 1, 2, 2, 4, 4, 4, 4, 4, 4, 4, 5, 9, 9, 4, 4, 5, 5, 5, 1, 1]","9","9","9","0.0010006427764892578","0.0009996891021728516"
"358","74","88","25","True","False","73","88","25","True","False","73","88","25","True","False","0.0","0.0","11","11","11","37","37","37","[1, 1, 1, 1, 28, 3, 4, 7, 14, 15, 15, 14, 7, 11, 11, 7, 4, 4, 2, 2, 2, 15, 15, 15, 15]","[1, 1, 1, 1, 27, 3, 4, 7, 14, 14, 14, 14, 7, 11, 11, 7, 4, 4, 2, 2, 2, 15, 15, 15, 15]","[1, 1, 1, 1, 27, 3, 4, 7, 14, 14, 14, 14, 7, 11, 11, 7, 4, 4, 2, 2, 2, 15, 15, 15, 15]","11","11","11","0.23825860023498535","0.02155280113220215"
"359","67","75","25","True","True","67","75","25","True","True","67","75","25","True","True","0.0","0.0","9","9","9","32","32","32","[1, 1, 1, 1, 1, 1, 1, 3, 3, 5, 5, 5, 3, 3, 3, 3, 9, 13, 14, 14, 14, 9, 1, 1, 1]","[1, 1, 1, 1, 1, 1, 1, 3, 3, 5, 5, 5, 3, 3, 3, 3, 9, 13, 14, 14, 14, 9, 1, 1, 1]","[1, 1, 1, 1, 1, 1, 1, 3, 3, 5, 5, 5, 3, 3, 3, 3, 9, 13, 14, 14, 14, 9, 1, 1, 1]","9","9","9","0.0019998550415039062","0.0010004043579101562"
"360","72","85","25","True","True","72","85","25","True","True","72","85","25","True","True","0.0","0.0","9","9","9","36","36","36","[1, 1, 1, 1, 1, 2, 3, 3, 3, 3, 6, 9, 11, 11, 12, 12, 14, 14, 14, 14, 14, 2, 2, 2, 2]","[1, 1, 1, 1, 1, 2, 3, 3, 3, 3, 6, 9, 11, 11, 12, 12, 14, 14, 14, 14, 14, 2, 2, 2, 2]","[1, 1, 1, 1, 1, 2, 3, 3, 3, 3, 6, 9, 11, 11, 12, 12, 14, 14, 14, 14, 14, 2, 2, 2, 2]","9","9","9","0.001999378204345703","0.0009999275207519531"
"361","67","75","25","True","True","67","75","25","True","True","67","75","25","True","True","0.0","0.0","9","9","9","32","32","32","[1, 1, 1, 1, 1, 1, 1, 1, 1, 1, 2, 2, 3, 5, 5, 3, 5, 5, 3, 2, 1, 5, 9, 9, 9]","[1, 1, 1, 1, 1, 1, 1, 1, 1, 1, 2, 2, 3, 5, 5, 3, 5, 5, 3, 2, 1, 5, 9, 9, 9]","[1, 1, 1, 1, 1, 1, 1, 1, 1, 1, 2, 2, 3, 5, 5, 3, 5, 5, 3, 2, 1, 5, 9, 9, 9]","9","9","9","0.0009965896606445312","0.0009999275207519531"
"362","67","76","25","True","True","67","76","25","True","True","67","76","25","True","True","0.0","0.0","9","9","9","33","33","33","[1, 1, 1, 1, 1, 1, 2, 2, 4, 4, 1, 1, 2, 2, 2, 2, 2, 4, 10, 11, 11, 11, 11, 6, 4]","[1, 1, 1, 1, 1, 1, 2, 2, 4, 4, 1, 1, 2, 2, 2, 2, 2, 4, 10, 11, 11, 11, 11, 6, 4]","[1, 1, 1, 1, 1, 1, 2, 2, 4, 4, 1, 1, 2, 2, 2, 2, 2, 4, 10, 11, 11, 11, 11, 6, 4]","9","9","9","0.0019998550415039062","0.001001119613647461"
"363","67","76","25","True","True","67","76","25","True","True","67","76","25","True","True","0.0","0.0","9","9","9","33","33","33","[1, 2, 2, 2, 2, 2, 2, 3, 3, 3, 3, 5, 5, 5, 3, 12, 12, 12, 12, 12, 15, 15, 3, 3, 3]","[1, 2, 2, 2, 2, 2, 2, 3, 3, 3, 3, 5, 5, 5, 3, 12, 12, 12, 12, 12, 15, 15, 3, 3, 3]","[1, 2, 2, 2, 2, 2, 2, 3, 3, 3, 3, 5, 5, 5, 3, 12, 12, 12, 12, 12, 15, 15, 3, 3, 3]","9","9","9","0.0020940303802490234","0.0009987354278564453"
"364","74","88","25","True","False","73","88","25","True","False","73","88","25","True","False","0.0","0.0","11","11","11","37","37","37","[1, 1, 1, 1, 1, 1, 2, 4, 4, 8, 9, 9, 66, 66, 21, 21, 21, 21, 24, 24, 20, 9, 4, 4, 4]","[1, 1, 1, 1, 1, 1, 2, 4, 4, 8, 9, 9, 66, 66, 21, 21, 21, 21, 23, 23, 20, 9, 4, 4, 4]","[1, 1, 1, 1, 1, 1, 2, 4, 4, 8, 9, 9, 66, 66, 21, 21, 21, 21, 23, 23, 20, 9, 4, 4, 4]","11","11","11","0.2289876937866211","0.01799631118774414"
"365","67","76","25","True","True","67","76","25","True","True","67","76","25","True","True","0.0","0.0","9","9","9","33","33","33","[1, 1, 1, 1, 1, 2, 3, 3, 3, 3, 2, 3, 3, 4, 4, 1, 5, 5, 6, 6, 6, 6, 6, 1, 1]","[1, 1, 1, 1, 1, 2, 3, 3, 3, 3, 2, 3, 3, 4, 4, 1, 5, 5, 6, 6, 6, 6, 6, 1, 1]","[1, 1, 1, 1, 1, 2, 3, 3, 3, 3, 2, 3, 3, 4, 4, 1, 5, 5, 6, 6, 6, 6, 6, 1, 1]","9","9","9","0.0019991397857666016","0.0013151168823242188"
"366","67","75","25","True","True","67","75","25","True","True","67","75","25","True","True","0.0","0.0","9","9","9","32","32","32","[1, 1, 1, 1, 2, 2, 2, 4, 4, 2, 2, 2, 2, 2, 2, 7, 7, 7, 12, 12, 10, 10, 8, 2, 1]","[1, 1, 1, 1, 2, 2, 2, 4, 4, 2, 2, 2, 2, 2, 2, 7, 7, 7, 12, 12, 10, 10, 8, 2, 1]","[1, 1, 1, 1, 2, 2, 2, 4, 4, 2, 2, 2, 2, 2, 2, 7, 7, 7, 12, 12, 10, 10, 8, 2, 1]","9","9","9","0.0009999275207519531","0.0009996891021728516"
"367","67","75","25","True","True","67","75","25","True","True","67","75","25","True","True","0.0","0.0","9","9","9","32","32","32","[1, 1, 2, 2, 1, 2, 2, 2, 2, 4, 4, 8, 8, 8, 18, 21, 21, 21, 8, 2, 2, 2, 2, 2, 1]","[1, 1, 2, 2, 1, 2, 2, 2, 2, 4, 4, 8, 8, 8, 18, 21, 21, 21, 8, 2, 2, 2, 2, 2, 1]","[1, 1, 2, 2, 1, 2, 2, 2, 2, 4, 4, 8, 8, 8, 18, 21, 21, 21, 8, 2, 2, 2, 2, 2, 1]","9","9","9","0.0009996891021728516","0.0010004043579101562"
"368","74","88","25","True","False","73","87","25","True","False","73","87","25","True","False","0.00600946705868266","0.00600946705868266","11","11","11","37","36","36","[1, 1, 1, 2, 2, 3, 3, 6, 12, 12, 3, 3, 3, 3, 18, 4, 10, 10, 1, 11, 11, 1, 1, 1, 1]","[1, 1, 1, 2, 2, 3, 3, 6, 12, 12, 3, 3, 3, 3, 18, 4, 10, 10, 1, 11, 11, 1, 1, 1, 1]","[1, 1, 1, 2, 2, 3, 3, 6, 12, 12, 3, 3, 3, 3, 18, 4, 10, 10, 1, 11, 11, 1, 1, 1, 1]","11","11","11","0.2235889434814453","0.017370939254760742"
"369","67","76","25","True","True","67","76","25","True","True","67","76","25","True","True","0.0","0.0","9","9","9","33","33","33","[1, 1, 1, 3, 3, 3, 3, 3, 6, 6, 6, 6, 6, 3, 3, 3, 3, 7, 7, 20, 20, 7, 1, 1, 1]","[1, 1, 1, 3, 3, 3, 3, 3, 6, 6, 6, 6, 6, 3, 3, 3, 3, 7, 7, 20, 20, 7, 1, 1, 1]","[1, 1, 1, 3, 3, 3, 3, 3, 6, 6, 6, 6, 6, 3, 3, 3, 3, 7, 7, 20, 20, 7, 1, 1, 1]","9","9","9","0.0010027885437011719","0.0019974708557128906"
"370","72","85","25","True","True","72","85","25","True","True","72","85","25","True","True","0.0","0.0","9","9","9","36","36","36","[1, 1, 1, 1, 2, 2, 3, 3, 2, 2, 2, 2, 2, 2, 3, 5, 5, 5, 7, 7, 7, 18, 18, 18, 3]","[1, 1, 1, 1, 2, 2, 3, 3, 2, 2, 2, 2, 2, 2, 3, 5, 5, 5, 7, 7, 7, 18, 18, 18, 3]","[1, 1, 1, 1, 2, 2, 3, 3, 2, 2, 2, 2, 2, 2, 3, 5, 5, 5, 7, 7, 7, 18, 18, 18, 3]","9","9","9","0.0009970664978027344","0.002000570297241211"
"371","74","88","25","True","False","73","87","25","True","False","73","87","25","True","False","0.005236553454152637","0.005236553454152637","11","11","11","37","36","36","[1, 1, 2, 32, 4, 4, 2, 2, 2, 2, 2, 3, 5, 5, 5, 2, 7, 7, 20, 20, 20, 2, 1, 1, 1]","[1, 1, 2, 32, 4, 4, 2, 2, 2, 2, 2, 3, 5, 5, 5, 2, 7, 7, 20, 20, 20, 2, 1, 1, 1]","[1, 1, 2, 32, 4, 4, 2, 2, 2, 2, 2, 3, 5, 5, 5, 2, 7, 7, 20, 20, 20, 2, 1, 1, 1]","11","11","11","1.4123480319976807","0.01828932762145996"
"372","67","76","25","True","True","67","76","25","True","True","67","76","25","True","True","0.0","0.0","9","9","9","33","33","33","[1, 2, 2, 2, 1, 1, 1, 1, 1, 4, 5, 5, 5, 5, 6, 11, 18, 18, 11, 11, 6, 6, 6, 5, 1]","[1, 2, 2, 2, 1, 1, 1, 1, 1, 4, 5, 5, 5, 5, 6, 11, 18, 18, 11, 11, 6, 6, 6, 5, 1]","[1, 2, 2, 2, 1, 1, 1, 1, 1, 4, 5, 5, 5, 5, 6, 11, 18, 18, 11, 11, 6, 6, 6, 5, 1]","9","9","9","0.0020003318786621094","0.0010008811950683594"
"373","67","75","25","True","True","67","75","25","True","True","67","75","25","True","True","0.0","0.0","9","9","9","32","32","32","[1, 1, 1, 1, 1, 1, 2, 2, 2, 2, 2, 2, 3, 3, 4, 4, 4, 6, 6, 6, 6, 1, 1, 1, 1]","[1, 1, 1, 1, 1, 1, 2, 2, 2, 2, 2, 2, 3, 3, 4, 4, 4, 6, 6, 6, 6, 1, 1, 1, 1]","[1, 1, 1, 1, 1, 1, 2, 2, 2, 2, 2, 2, 3, 3, 4, 4, 4, 6, 6, 6, 6, 1, 1, 1, 1]","9","9","9","0.0009996891021728516","0.0010004043579101562"
"374","74","88","25","True","False","73","88","25","True","False","73","88","25","True","False","0.0","0.0","11","11","11","37","37","37","[1, 1, 1, 2, 2, 2, 2, 2, 2, 3, 5, 27, 12, 12, 12, 2, 2, 14, 19, 19, 16, 18, 18, 18, 2]","[1, 1, 1, 1, 1, 1, 1, 1, 1, 2, 3, 15, 7, 7, 7, 1, 1, 8, 11, 11, 9, 10, 10, 10, 1]","[1, 1, 1, 1, 1, 1, 1, 1, 1, 2, 3, 15, 7, 7, 7, 1, 1, 8, 11, 11, 9, 10, 10, 10, 1]","11","11","11","0.2400979995727539","0.01800394058227539"
"375","72","86","25","True","True","72","86","25","True","True","72","86","25","True","True","0.0","0.0","9","9","9","37","37","37","[1, 1, 1, 2, 2, 4, 6, 7, 17, 17, 17, 17, 17, 17, 17, 11, 6, 1, 1, 1, 1, 1, 1, 1, 1]","[1, 1, 1, 2, 2, 4, 6, 7, 17, 17, 17, 17, 17, 17, 17, 11, 6, 1, 1, 1, 1, 1, 1, 1, 1]","[1, 1, 1, 2, 2, 4, 6, 7, 17, 17, 17, 17, 17, 17, 17, 11, 6, 1, 1, 1, 1, 1, 1, 1, 1]","9","9","9","0.0019979476928710938","0.0010008811950683594"
"376","67","76","25","True","True","67","76","25","True","True","67","76","25","True","True","0.0","0.0","9","9","9","33","33","33","[1, 1, 1, 1, 1, 1, 1, 1, 1, 1, 3, 5, 5, 3, 2, 4, 4, 5, 5, 1, 1, 1, 1, 1, 1]","[1, 1, 1, 1, 1, 1, 1, 1, 1, 1, 3, 5, 5, 3, 2, 4, 4, 5, 5, 1, 1, 1, 1, 1, 1]","[1, 1, 1, 1, 1, 1, 1, 1, 1, 1, 3, 5, 5, 3, 2, 4, 4, 5, 5, 1, 1, 1, 1, 1, 1]","9","9","9","0.0010061264038085938","0.0009965896606445312"
"377","67","75","25","True","True","67","75","25","True","True","67","75","25","True","True","0.0","0.0","9","9","9","32","32","32","[1, 1, 1, 1, 1, 1, 1, 1, 1, 1, 1, 2, 2, 5, 5, 6, 6, 6, 1, 1, 2, 5, 5, 5, 5]","[1, 1, 1, 1, 1, 1, 1, 1, 1, 1, 1, 2, 2, 5, 5, 6, 6, 6, 1, 1, 2, 5, 5, 5, 5]","[1, 1, 1, 1, 1, 1, 1, 1, 1, 1, 1, 2, 2, 5, 5, 6, 6, 6, 1, 1, 2, 5, 5, 5, 5]","9","9","9","0.0009989738464355469","0.001998424530029297"
"378","67","76","25","True","True","67","76","25","True","True","67","76","25","True","True","0.0","0.0","9","9","9","33","33","33","[1, 1, 1, 1, 2, 2, 2, 2, 2, 5, 5, 5, 5, 2, 1, 1, 1, 1, 2, 2, 4, 4, 4, 4, 4]","[1, 1, 1, 1, 2, 2, 2, 2, 2, 5, 5, 5, 5, 2, 1, 1, 1, 1, 2, 2, 4, 4, 4, 4, 4]","[1, 1, 1, 1, 2, 2, 2, 2, 2, 5, 5, 5, 5, 2, 1, 1, 1, 1, 2, 2, 4, 4, 4, 4, 4]","9","9","9","0.0009961128234863281","0.002000093460083008"
"379","72","86","25","True","True","72","86","25","True","True","72","86","25","True","True","0.0","0.0","9","9","9","37","37","37","[1, 1, 1, 1, 2, 4, 4, 4, 2, 1, 2, 2, 1, 1, 1, 2, 2, 3, 5, 9, 9, 9, 3, 3, 1]","[1, 1, 1, 1, 2, 4, 4, 4, 2, 1, 2, 2, 1, 1, 1, 2, 2, 3, 5, 9, 9, 9, 3, 3, 1]","[1, 1, 1, 1, 2, 4, 4, 4, 2, 1, 2, 2, 1, 1, 1, 2, 2, 3, 5, 9, 9, 9, 3, 3, 1]","9","9","9","0.000997781753540039","0.0019974708557128906"
"380","67","76","25","True","True","67","76","25","True","True","67","76","25","True","True","0.0","0.0","9","9","9","33","33","33","[1, 1, 1, 2, 2, 2, 2, 4, 6, 6, 6, 6, 10, 11, 11, 15, 15, 6, 8, 8, 8, 2, 2, 2, 2]","[1, 1, 1, 2, 2, 2, 2, 4, 6, 6, 6, 6, 10, 11, 11, 15, 15, 6, 8, 8, 8, 2, 2, 2, 2]","[1, 1, 1, 2, 2, 2, 2, 4, 6, 6, 6, 6, 10, 11, 11, 15, 15, 6, 8, 8, 8, 2, 2, 2, 2]","9","9","9","0.00099945068359375","0.0009996891021728516"
"381","67","76","25","True","True","67","76","25","True","True","67","76","25","True","True","0.0","0.0","9","9","9","33","33","33","[1, 1, 1, 1, 1, 1, 1, 3, 3, 1, 1, 5, 5, 3, 4, 4, 4, 4, 4, 3, 3, 3, 3, 1, 1]","[1, 1, 1, 1, 1, 1, 1, 3, 3, 1, 1, 5, 5, 3, 4, 4, 4, 4, 4, 3, 3, 3, 3, 1, 1]","[1, 1, 1, 1, 1, 1, 1, 3, 3, 1, 1, 5, 5, 3, 4, 4, 4, 4, 4, 3, 3, 3, 3, 1, 1]","9","9","9","0.0010042190551757812","0.0009980201721191406"
"382","67","76","25","True","True","67","76","25","True","True","67","76","25","True","True","0.0","0.0","9","9","9","33","33","33","[1, 1, 2, 4, 5, 6, 6, 6, 6, 6, 11, 11, 6, 6, 6, 21, 21, 21, 1, 1, 1, 1, 1, 1, 1]","[1, 1, 2, 4, 5, 6, 6, 6, 6, 6, 11, 11, 6, 6, 6, 21, 21, 21, 1, 1, 1, 1, 1, 1, 1]","[1, 1, 2, 4, 5, 6, 6, 6, 6, 6, 11, 11, 6, 6, 6, 21, 21, 21, 1, 1, 1, 1, 1, 1, 1]","9","9","9","0.001996755599975586","0.0010001659393310547"
"383","72","86","25","True","True","72","86","25","True","True","72","86","25","True","True","0.0","0.0","9","9","9","37","37","37","[1, 2, 2, 1, 2, 2, 2, 2, 2, 1, 1, 2, 5, 5, 4, 4, 2, 2, 1, 1, 2, 3, 3, 3, 2]","[1, 2, 2, 1, 2, 2, 2, 2, 2, 1, 1, 2, 5, 5, 4, 4, 2, 2, 1, 1, 2, 3, 3, 3, 2]","[1, 2, 2, 1, 2, 2, 2, 2, 2, 1, 1, 2, 5, 5, 4, 4, 2, 2, 1, 1, 2, 3, 3, 3, 2]","9","9","9","0.0020210742950439453","0.0031676292419433594"
"384","74","88","25","True","False","73","87","25","True","False","73","87","25","True","False","0.005236553454152637","0.005236553454152637","11","11","11","37","36","36","[1, 1, 1, 1, 1, 1, 15, 17, 17, 5, 5, 2, 2, 1, 1, 2, 2, 2, 1, 2, 2, 2, 2, 2, 1]","[1, 1, 1, 1, 1, 1, 15, 17, 17, 5, 5, 2, 2, 1, 1, 2, 2, 2, 1, 2, 2, 2, 2, 2, 1]","[1, 1, 1, 1, 1, 1, 15, 17, 17, 5, 5, 2, 2, 1, 1, 2, 2, 2, 1, 2, 2, 2, 2, 2, 1]","11","11","11","0.24236106872558594","0.01830124855041504"
"385","80","94","25","True","False","61","67","25","True","True","79","93","25","True","False","0.005689561571800894","0.12757098669943656","15","6","15","39","30","38","[1, 1, 1, 1, 1, 6, 3, 4, 4, 4, 14, 2, 4, 4, 1, 8, 8, 1, 1, 2, 2, 2, 1, 1, 1]","[]","[1, 1, 1, 1, 1, 6, 3, 4, 4, 4, 14, 2, 4, 4, 1, 8, 8, 1, 1, 2, 2, 2, 1, 1, 1]","15","6","15","22.686196088790894","0.27763915061950684"
"386","67","76","25","True","True","67","76","25","True","True","67","76","25","True","True","0.0","0.0","9","9","9","33","33","33","[1, 1, 1, 1, 1, 3, 3, 2, 2, 2, 2, 2, 4, 6, 6, 2, 8, 16, 16, 2, 1, 1, 1, 1, 1]","[1, 1, 1, 1, 1, 3, 3, 2, 2, 2, 2, 2, 4, 6, 6, 2, 8, 16, 16, 2, 1, 1, 1, 1, 1]","[1, 1, 1, 1, 1, 3, 3, 2, 2, 2, 2, 2, 4, 6, 6, 2, 8, 16, 16, 2, 1, 1, 1, 1, 1]","9","9","9","0.0010025501251220703","0.001997709274291992"
"387","74","88","25","True","False","73","87","25","True","False","73","87","25","True","False","0.005236553454152637","0.005236553454152637","11","11","11","37","36","36","[1, 1, 2, 2, 2, 12, 12, 12, 12, 12, 2, 1, 1, 2, 2, 2, 5, 9, 9, 6, 6, 6, 13, 13, 13]","[1, 1, 2, 2, 2, 12, 12, 12, 12, 12, 2, 1, 1, 2, 2, 2, 5, 9, 9, 6, 6, 6, 13, 13, 13]","[1, 1, 2, 2, 2, 12, 12, 12, 12, 12, 2, 1, 1, 2, 2, 2, 5, 9, 9, 6, 6, 6, 13, 13, 13]","11","11","11","0.22499847412109375","0.01799321174621582"
"388","67","76","25","True","True","67","76","25","True","True","67","76","25","True","True","0.0","0.0","9","9","9","33","33","33","[1, 1, 1, 2, 2, 2, 1, 1, 1, 2, 2, 3, 3, 1, 1, 1, 5, 9, 9, 9, 9, 12, 12, 12, 4]","[1, 1, 1, 2, 2, 2, 1, 1, 1, 2, 2, 3, 3, 1, 1, 1, 5, 9, 9, 9, 9, 12, 12, 12, 4]","[1, 1, 1, 2, 2, 2, 1, 1, 1, 2, 2, 3, 3, 1, 1, 1, 5, 9, 9, 9, 9, 12, 12, 12, 4]","9","9","9","0.0009961128234863281","0.0010030269622802734"
"389","80","94","25","True","False","65","70","25","True","True","69","73","25","True","True","0.0754253171995738","0.10365791028737148","15","6","4","39","29","29","[1, 1, 1, 1, 1, 1, 1, 20, 20, 20, 4, 12, 12, 6, 6, 1, 1, 1, 1, 13, 13, 1, 1, 1, 1]","[1, 1, 1, 1, 1, 1, 1, 1, 1, 1, 1, 1, 1, 1, 1, 2, 4, 4, 7, 7, 8, 8, 12, 12, 12]","[1, 1, 1, 1, 1, 1, 1, 5, 5, 5, 1, 3, 3, 1, 1, 1, 1, 1, 1, 3, 3, 1, 1, 1, 1]","15","6","4","3.01065731048584","0.2749979496002197"
"390","67","76","25","True","True","67","76","25","True","True","67","76","25","True","True","0.0","0.0","9","9","9","33","33","33","[1, 2, 2, 3, 3, 3, 3, 3, 3, 3, 3, 7, 10, 10, 4, 8, 8, 7, 1, 1, 1, 1, 4, 4, 4]","[1, 2, 2, 3, 3, 3, 3, 3, 3, 3, 3, 7, 10, 10, 4, 8, 8, 7, 1, 1, 1, 1, 4, 4, 4]","[1, 2, 2, 3, 3, 3, 3, 3, 3, 3, 3, 7, 10, 10, 4, 8, 8, 7, 1, 1, 1, 1, 4, 4, 4]","9","9","9","0.001997709274291992","0.0010004043579101562"
"391","72","85","25","True","True","72","85","25","True","True","72","85","25","True","True","0.0","0.0","9","9","9","36","36","36","[1, 1, 3, 6, 6, 6, 6, 6, 6, 6, 6, 6, 9, 9, 9, 3, 1, 13, 13, 13, 32, 32, 7, 1, 1]","[1, 1, 3, 6, 6, 6, 6, 6, 6, 6, 6, 6, 9, 9, 9, 3, 1, 13, 13, 13, 32, 32, 7, 1, 1]","[1, 1, 3, 6, 6, 6, 6, 6, 6, 6, 6, 6, 9, 9, 9, 3, 1, 13, 13, 13, 32, 32, 7, 1, 1]","9","9","9","0.001993894577026367","0.0009982585906982422"
"392","80","94","25","True","False","66","71","25","True","True","70","76","26","True","True","0.06858941326508183","0.09727301432857172","15","4","6","39","29","32","[1, 1, 1, 1, 1, 1, 1, 1, 1, 1, 1, 2, 6, 7, 8, 8, 8, 10, 18, 18, 18, 13, 1, 1, 1]","[1, 1, 1, 1, 1, 1, 1, 1, 1, 2, 1, 1, 1, 1, 2, 2, 2, 2, 2, 2, 2, 3, 3, 3, 3]","[1, 1, 1, 1, 1, 1, 1, 1, 1, 1, 1, 2, 1, 1, 1, 1, 1, 1, 3, 3, 3, 3, 1, 1, 1, 1]","15","4","6","0.4299919605255127","0.09699892997741699"
"393","67","76","25","True","True","67","76","25","True","True","67","76","25","True","True","0.0","0.0","9","9","9","33","33","33","[1, 1, 1, 1, 1, 1, 2, 4, 8, 13, 13, 13, 16, 16, 16, 16, 16, 16, 16, 16, 16, 8, 8, 1, 1]","[1, 1, 1, 1, 1, 1, 2, 4, 8, 13, 13, 13, 16, 16, 16, 16, 16, 16, 16, 16, 16, 8, 8, 1, 1]","[1, 1, 1, 1, 1, 1, 2, 4, 8, 13, 13, 13, 16, 16, 16, 16, 16, 16, 16, 16, 16, 8, 8, 1, 1]","9","9","9","0.0020008087158203125","0.0009996891021728516"
"394","72","85","25","True","True","72","85","25","True","True","72","85","25","True","True","0.0","0.0","9","9","9","36","36","36","[1, 1, 1, 2, 4, 4, 4, 5, 5, 5, 5, 3, 3, 4, 4, 2, 1, 1, 2, 2, 2, 2, 2, 1, 1]","[1, 1, 1, 2, 4, 4, 4, 5, 5, 5, 5, 3, 3, 4, 4, 2, 1, 1, 2, 2, 2, 2, 2, 1, 1]","[1, 1, 1, 2, 4, 4, 4, 5, 5, 5, 5, 3, 3, 4, 4, 2, 1, 1, 2, 2, 2, 2, 2, 1, 1]","9","9","9","0.001999378204345703","0.002001523971557617"
"395","80","94","25","True","False","69","76","25","True","True","73","82","25","True","False","0.04028429451676041","0.0683495597919953","15","7","9","39","31","33","[1, 3, 3, 3, 3, 3, 13, 16, 28, 34, 34, 31, 13, 38, 38, 3, 3, 3, 31, 31, 3, 2, 2, 1, 1]","[1, 1, 1, 1, 1, 1, 1, 1, 1, 1, 1, 1, 1, 1, 3, 3, 3, 5, 5, 6, 6, 6, 6, 7, 7]","[1, 1, 1, 1, 1, 1, 3, 3, 5, 6, 6, 5, 3, 7, 7, 1, 1, 1, 6, 6, 1, 1, 1, 1, 1]","15","7","9","12.479732036590576","0.1930069923400879"
"396","74","88","25","True","False","73","87","25","True","False","73","87","25","True","False","0.005236553454152637","0.005236553454152637","11","11","11","37","36","36","[1, 1, 1, 2, 4, 6, 12, 12, 6, 6, 6, 6, 6, 36, 36, 36, 38, 39, 39, 39, 39, 36, 36, 3, 3]","[1, 1, 1, 2, 4, 6, 12, 12, 6, 6, 6, 6, 6, 36, 36, 36, 38, 39, 39, 39, 39, 36, 36, 3, 3]","[1, 1, 1, 2, 4, 6, 12, 12, 6, 6, 6, 6, 6, 36, 36, 36, 38, 39, 39, 39, 39, 36, 36, 3, 3]","11","11","11","0.21100187301635742","0.016999244689941406"
"397","80","94","25","True","False","72","81","25","True","True","74","84","25","True","True","0.03316417103939873","0.046988628684724865","15","9","10","39","33","34","[1, 1, 2, 2, 3, 3, 4, 4, 4, 29, 29, 2, 2, 5, 5, 10, 12, 12, 12, 12, 12, 12, 5, 30, 5]","[1, 1, 1, 1, 2, 2, 3, 3, 3, 1, 1, 4, 4, 7, 8, 8, 4, 4, 8, 8, 8, 8, 16, 16, 16]","[1, 1, 1, 1, 2, 2, 3, 3, 3, 16, 16, 1, 1, 4, 4, 7, 8, 8, 8, 8, 8, 8, 4, 16, 4]","15","9","10","0.2712533473968506","0.09998488426208496"
"398","72","85","25","True","True","72","85","25","True","True","72","85","25","True","True","0.0","0.0","9","9","9","36","36","36","[1, 1, 1, 4, 4, 6, 7, 7, 15, 15, 17, 17, 4, 2, 2, 1, 1, 18, 18, 18, 18, 19, 19, 19, 18]","[1, 1, 1, 4, 4, 6, 7, 7, 15, 15, 17, 17, 4, 2, 2, 1, 1, 18, 18, 18, 18, 19, 19, 19, 18]","[1, 1, 1, 4, 4, 6, 7, 7, 15, 15, 17, 17, 4, 2, 2, 1, 1, 18, 18, 18, 18, 19, 19, 19, 18]","9","9","9","0.0018687248229980469","0.0015349388122558594"
"399","67","76","25","True","True","67","76","25","True","True","67","76","25","True","True","0.0","0.0","9","9","9","33","33","33","[1, 1, 2, 2, 2, 2, 4, 4, 4, 4, 4, 4, 4, 4, 14, 14, 8, 8, 8, 12, 12, 4, 2, 1, 1]","[1, 1, 2, 2, 2, 2, 4, 4, 4, 4, 4, 4, 4, 4, 14, 14, 8, 8, 8, 12, 12, 4, 2, 1, 1]","[1, 1, 2, 2, 2, 2, 4, 4, 4, 4, 4, 4, 4, 4, 14, 14, 8, 8, 8, 12, 12, 4, 2, 1, 1]","9","9","9","0.0009951591491699219","0.0009975433349609375"
"400","94","110","30","True","False","81","90","30","True","True","85","94","30","True","True","0.04683577225456581","0.0718048059614782","17","7","9","46","36","38","[1, 1, 1, 1, 1, 1, 1, 1, 1, 1, 2, 2, 2, 4, 4, 2, 2, 5, 5, 4, 1, 3, 7, 7, 3, 5, 29, 19, 1, 1]","[1, 1, 1, 1, 1, 1, 1, 1, 1, 1, 1, 1, 2, 2, 1, 3, 3, 1, 1, 4, 4, 4, 5, 5, 5, 5, 5, 5, 10, 15]","[1, 1, 1, 1, 1, 1, 1, 1, 1, 1, 1, 1, 1, 1, 1, 2, 2, 1, 1, 1, 1, 3, 1, 1, 3, 1, 6, 4, 1, 1]","17","7","9","0.5153086185455322","0.09499168395996094"
"401","86","102","30","True","True","86","102","30","True","True","86","102","30","True","True","0.0","0.0","11","11","11","44","44","44","[1, 2, 2, 1, 1, 1, 1, 1, 1, 1, 1, 1, 3, 3, 3, 3, 3, 3, 3, 3, 6, 6, 1, 2, 5, 5, 2, 2, 2, 1]","[1, 2, 2, 1, 1, 1, 1, 1, 1, 1, 1, 1, 3, 3, 3, 3, 3, 3, 3, 3, 6, 6, 1, 2, 5, 5, 2, 2, 2, 1]","[1, 2, 2, 1, 1, 1, 1, 1, 1, 1, 1, 1, 3, 3, 3, 3, 3, 3, 3, 3, 6, 6, 1, 2, 5, 5, 2, 2, 2, 1]","11","11","11","0.002000570297241211","0.0019981861114501953"
"402","94","110","30","True","False","76","82","30","False","True","84","92","31","True","False","0.05385070034736583","0.102089751489013","17","4","8","46","34","38","[1, 1, 1, 1, 1, 1, 2, 2, 1, 1, 2, 2, 2, 8, 11, 11, 16, 6, 4, 4, 4, 7, 7, 15, 15, 15, 14, 21, 1, 1]","[1, 1, 1, 1, 1, 1, 1, 1, 1, 1, 2, 2, 2, 1, 1, 2, 2, 2, 2, 2, 6, 8, 8, 8, 8, 6, 6, 6, 12, 12]","[1, 1, 1, 1, 1, 1, 1, 1, 1, 1, 2, 2, 2, 4, 4, 4, 8, 4, 2, 2, 2, 2, 2, 4, 4, 4, 4, 8, 1, 1, 2]","17","5","8","7.8381431102752686","0.12909746170043945"
"403","86","101","30","True","True","86","101","30","True","True","86","101","30","True","True","0.0","0.0","11","11","11","43","43","43","[1, 1, 1, 4, 4, 2, 2, 2, 3, 5, 5, 5, 7, 7, 16, 16, 10, 10, 10, 10, 9, 7, 7, 2, 2, 2, 2, 2, 1, 1]","[1, 1, 1, 4, 4, 2, 2, 2, 3, 5, 5, 5, 7, 7, 16, 16, 10, 10, 10, 10, 9, 7, 7, 2, 2, 2, 2, 2, 1, 1]","[1, 1, 1, 4, 4, 2, 2, 2, 3, 5, 5, 5, 7, 7, 16, 16, 10, 10, 10, 10, 9, 7, 7, 2, 2, 2, 2, 2, 1, 1]","11","11","11","0.0020051002502441406","0.0019936561584472656"
"404","94","110","30","True","False","78","87","30","True","True","90","103","30","True","False","0.02262513947178668","0.0954869039399403","17","8","14","46","36","43","[1, 1, 1, 1, 1, 1, 2, 4, 5, 5, 7, 5, 5, 8, 12, 12, 12, 2, 2, 1, 1, 1, 2, 2, 2, 2, 2, 9, 9, 9]","[1, 1, 2, 2, 2, 2, 2, 2, 2, 2, 2, 2, 3, 3, 2, 2, 2, 4, 4, 4, 5, 5, 7, 9, 9, 9, 9, 13, 13, 13]","[1, 1, 1, 1, 1, 1, 2, 4, 4, 4, 6, 5, 5, 8, 12, 12, 12, 2, 2, 1, 1, 1, 2, 2, 2, 2, 2, 8, 8, 8]","17","8","14","27.229758977890015","0.32926392555236816"
"405","86","101","30","True","True","86","101","30","True","True","86","101","30","True","True","0.0","0.0","11","11","11","43","43","43","[1, 1, 1, 1, 1, 1, 2, 2, 2, 5, 5, 6, 6, 5, 5, 6, 11, 12, 13, 26, 26, 27, 27, 27, 12, 12, 6, 6, 1, 1]","[1, 1, 1, 1, 1, 1, 2, 2, 2, 5, 5, 6, 6, 5, 5, 6, 11, 12, 13, 26, 26, 27, 27, 27, 12, 12, 6, 6, 1, 1]","[1, 1, 1, 1, 1, 1, 2, 2, 2, 5, 5, 6, 6, 5, 5, 6, 11, 12, 13, 26, 26, 27, 27, 27, 12, 12, 6, 6, 1, 1]","11","11","11","0.00099945068359375","0.002000570297241211"
"406","88","104","30","True","False","87","103","30","True","False","87","103","30","True","False","0.004422141910903066","0.004422141910903066","13","13","13","44","43","43","[1, 2, 4, 4, 42, 2, 2, 2, 6, 6, 4, 4, 4, 2, 2, 10, 10, 12, 12, 12, 12, 12, 8, 20, 20, 2, 2, 2, 2, 1]","[1, 2, 4, 4, 42, 2, 2, 2, 6, 6, 4, 4, 4, 2, 2, 10, 10, 12, 12, 12, 12, 12, 8, 20, 20, 2, 2, 2, 2, 1]","[1, 2, 4, 4, 42, 2, 2, 2, 6, 6, 4, 4, 4, 2, 2, 10, 10, 12, 12, 12, 12, 12, 8, 20, 20, 2, 2, 2, 2, 1]","13","13","13","1.7933599948883057","0.030171632766723633"
"407","81","92","30","True","True","81","92","30","True","True","81","92","30","True","True","0.0","0.0","11","11","11","40","40","40","[1, 1, 1, 2, 3, 3, 3, 3, 3, 2, 2, 2, 2, 2, 3, 8, 8, 8, 3, 2, 1, 4, 8, 16, 16, 8, 9, 9, 9, 9]","[1, 1, 1, 2, 3, 3, 3, 3, 3, 2, 2, 2, 2, 2, 3, 8, 8, 8, 3, 2, 1, 4, 8, 16, 16, 8, 9, 9, 9, 9]","[1, 1, 1, 2, 3, 3, 3, 3, 3, 2, 2, 2, 2, 2, 3, 8, 8, 8, 3, 2, 1, 4, 8, 16, 16, 8, 9, 9, 9, 9]","11","11","11","0.0039937496185302734","0.00400090217590332"
"408","81","92","30","True","True","81","92","30","True","True","81","92","30","True","True","0.0","0.0","11","11","11","40","40","40","[1, 1, 1, 1, 1, 1, 2, 2, 3, 3, 3, 3, 3, 3, 3, 6, 6, 6, 3, 3, 3, 5, 5, 4, 4, 2, 5, 5, 5, 5]","[1, 1, 1, 1, 1, 1, 2, 2, 3, 3, 3, 3, 3, 3, 3, 6, 6, 6, 3, 3, 3, 5, 5, 4, 4, 2, 5, 5, 5, 5]","[1, 1, 1, 1, 1, 1, 2, 2, 3, 3, 3, 3, 3, 3, 3, 6, 6, 6, 3, 3, 3, 5, 5, 4, 4, 2, 5, 5, 5, 5]","11","11","11","0.003995418548583984","0.0029942989349365234"
"409","94","110","30","True","False","83","89","30","True","True","85","93","30","True","False","0.05232117622628185","0.06453866840710709","17","7","8","46","36","38","[1, 2, 2, 2, 2, 2, 2, 2, 2, 2, 2, 66, 6, 6, 40, 40, 41, 43, 43, 18, 12, 6, 2, 3, 3, 17, 17, 17, 17, 3]","[0, 0, 0, 0, 0, 0, 0, 0, 0, 0, 0, 0, 0, 0, 0, 0, 0, 1, 1, 1, 1, 1, 1, 1, 3, 3, 3, 3, 3, 5]","[1, 2, 2, 2, 2, 2, 2, 2, 2, 2, 2, 30, 6, 6, 18, 18, 18, 18, 18, 6, 6, 6, 2, 3, 3, 6, 6, 6, 6, 3]","17","7","8","6.4118804931640625","0.17999982833862305"
"410","94","110","30","True","False","80","86","30","True","True","84","92","30","True","True","0.051476108073182925","0.0779307141023291","17","6","8","46","34","37","[1, 1, 1, 2, 2, 28, 2, 1, 3, 3, 3, 4, 4, 3, 3, 6, 56, 56, 3, 7, 7, 10, 10, 7, 17, 25, 25, 25, 25, 19]","[0, 0, 0, 0, 0, 0, 0, 0, 0, 0, 0, 0, 0, 0, 1, 1, 1, 1, 1, 2, 2, 2, 2, 2, 2, 2, 2, 3, 5, 5]","[1, 1, 1, 2, 2, 9, 2, 1, 3, 3, 3, 4, 4, 3, 3, 3, 15, 15, 3, 3, 3, 6, 6, 3, 6, 6, 6, 6, 6, 6]","17","6","8","0.5651445388793945","0.18198919296264648"
"411","94","110","30","True","False","83","96","30","False","True","87","98","30","True","False","0.035048952136711664","0.05998089660021089","17","8","10","46","40","41","[2, 2, 4, 9, 9, 11, 17, 11, 2, 2, 2, 2, 2, 2, 2, 1, 2, 7, 7, 7, 18, 18, 7, 2, 4, 4, 4, 1, 1, 1]","[2, 2, 2, 1, 1, 1, 1, 1, 1, 2, 2, 2, 2, 3, 3, 3, 3, 3, 2, 2, 4, 2, 4, 8, 8, 9, 9, 11, 11, 13]","[1, 1, 2, 5, 5, 6, 9, 6, 1, 1, 1, 1, 2, 2, 2, 1, 1, 2, 2, 2, 7, 7, 2, 1, 1, 1, 1, 1, 1, 1]","17","9","10","12.116214036941528","0.21700024604797363"
"412","94","110","30","True","False","74","83","30","False","True","88","100","30","True","True","0.028229434738639148","0.11709925344654759","17","5","12","46","34","41","[5, 5, 1, 1, 1, 8, 1, 1, 3, 5, 5, 1, 1, 1, 2, 2, 2, 5, 5, 2, 2, 4, 4, 1, 1, 1, 3, 3, 3, 3]","[1, 1, 1, 1, 1, 1, 1, 1, 1, 1, 1, 1, 1, 2, 2, 2, 2, 2, 2, 2, 3, 3, 3, 3, 3, 4, 4, 6, 6, 8]","[3, 3, 1, 1, 1, 7, 1, 1, 3, 4, 4, 1, 1, 1, 2, 2, 2, 5, 5, 1, 1, 3, 3, 1, 1, 1, 2, 2, 2, 2]","17","6","12","1.3166401386260986","1.5884900093078613"
"413","81","91","30","True","True","81","91","30","True","True","81","91","30","True","True","0.0","0.0","11","11","11","39","39","39","[1, 1, 1, 1, 2, 2, 3, 3, 4, 4, 9, 9, 9, 8, 8, 3, 3, 3, 3, 4, 4, 1, 3, 3, 1, 4, 4, 9, 9, 9]","[1, 1, 1, 1, 2, 2, 3, 3, 4, 4, 9, 9, 9, 8, 8, 3, 3, 3, 3, 4, 4, 1, 3, 3, 1, 4, 4, 9, 9, 9]","[1, 1, 1, 1, 2, 2, 3, 3, 4, 4, 9, 9, 9, 8, 8, 3, 3, 3, 3, 4, 4, 1, 3, 3, 1, 4, 4, 9, 9, 9]","11","11","11","0.0009942054748535156","0.001998424530029297"
"414","81","92","30","True","True","81","92","30","True","True","81","92","30","True","True","0.0","0.0","11","11","11","40","40","40","[1, 1, 1, 1, 2, 3, 3, 3, 3, 2, 4, 4, 2, 1, 1, 1, 1, 2, 2, 2, 2, 3, 3, 1, 1, 1, 7, 7, 7, 6]","[1, 1, 1, 1, 2, 3, 3, 3, 3, 2, 4, 4, 2, 1, 1, 1, 1, 2, 2, 2, 2, 3, 3, 1, 1, 1, 7, 7, 7, 6]","[1, 1, 1, 1, 2, 3, 3, 3, 3, 2, 4, 4, 2, 1, 1, 1, 1, 2, 2, 2, 2, 3, 3, 1, 1, 1, 7, 7, 7, 6]","11","11","11","0.0009965896606445312","0.0019974708557128906"
"415","88","104","30","True","False","87","103","30","True","False","87","103","30","True","False","0.005074541257336529","0.005074541257336529","13","13","13","44","43","43","[1, 1, 1, 1, 1, 1, 1, 1, 1, 1, 1, 1, 2, 2, 12, 12, 1, 1, 2, 3, 3, 6, 6, 2, 3, 3, 2, 2, 2, 2]","[1, 1, 1, 1, 1, 1, 1, 1, 1, 1, 1, 1, 2, 2, 12, 12, 1, 1, 2, 3, 3, 6, 6, 2, 3, 3, 2, 2, 2, 2]","[1, 1, 1, 1, 1, 1, 1, 1, 1, 1, 1, 1, 2, 2, 12, 12, 1, 1, 2, 3, 3, 6, 6, 2, 3, 3, 2, 2, 2, 2]","13","13","13","0.22029566764831543","0.018000125885009766"
"416","86","102","30","True","True","86","102","30","True","True","86","102","30","True","True","0.0","0.0","11","11","11","44","44","44","[1, 1, 2, 2, 4, 4, 9, 9, 9, 4, 4, 4, 4, 4, 9, 9, 9, 9, 8, 8, 8, 8, 3, 1, 1, 6, 6, 10, 10, 10]","[1, 1, 2, 2, 4, 4, 9, 9, 9, 4, 4, 4, 4, 4, 9, 9, 9, 9, 8, 8, 8, 8, 3, 1, 1, 6, 6, 10, 10, 10]","[1, 1, 2, 2, 4, 4, 9, 9, 9, 4, 4, 4, 4, 4, 9, 9, 9, 9, 8, 8, 8, 8, 3, 1, 1, 6, 6, 10, 10, 10]","11","11","11","0.002004384994506836","0.0010001659393310547"
"417","81","91","30","True","True","81","91","30","True","True","81","91","30","True","True","0.0","0.0","11","11","11","39","39","39","[1, 1, 1, 1, 1, 1, 1, 1, 1, 1, 1, 1, 1, 1, 2, 2, 2, 1, 1, 2, 4, 5, 5, 2, 1, 2, 10, 10, 4, 4]","[1, 1, 1, 1, 1, 1, 1, 1, 1, 1, 1, 1, 1, 1, 2, 2, 2, 1, 1, 2, 4, 5, 5, 2, 1, 2, 10, 10, 4, 4]","[1, 1, 1, 1, 1, 1, 1, 1, 1, 1, 1, 1, 1, 1, 2, 2, 2, 1, 1, 2, 4, 5, 5, 2, 1, 2, 10, 10, 4, 4]","11","11","11","0.001994609832763672","0.00099945068359375"
"418","81","91","30","True","True","81","91","30","True","True","81","91","30","True","True","0.0","0.0","11","11","11","39","39","39","[1, 1, 1, 3, 3, 2, 1, 1, 2, 2, 1, 1, 3, 3, 4, 8, 8, 3, 3, 3, 3, 3, 1, 1, 1, 1, 1, 3, 3, 3]","[1, 1, 1, 3, 3, 2, 1, 1, 2, 2, 1, 1, 3, 3, 4, 8, 8, 3, 3, 3, 3, 3, 1, 1, 1, 1, 1, 3, 3, 3]","[1, 1, 1, 3, 3, 2, 1, 1, 2, 2, 1, 1, 3, 3, 4, 8, 8, 3, 3, 3, 3, 3, 1, 1, 1, 1, 1, 3, 3, 3]","11","11","11","0.0009999275207519531","0.001998424530029297"
"419","94","110","30","True","False","82","88","30","False","True","84","91","30","True","True","0.05790010088087105","0.07100347167116217","17","6","8","46","36","36","[1, 1, 1, 1, 1, 1, 11, 11, 1, 1, 1, 1, 1, 1, 3, 4, 4, 4, 6, 6, 8, 8, 16, 16, 57, 57, 57, 57, 15, 8]","[0, 0, 0, 0, 0, 0, 0, 0, 0, 0, 0, 0, 1, 1, 1, 1, 1, 1, 2, 2, 2, 2, 2, 3, 3, 3, 10, 10, 10, 10]","[1, 1, 1, 1, 1, 1, 6, 6, 1, 1, 1, 1, 1, 1, 3, 3, 3, 3, 3, 3, 6, 6, 9, 9, 30, 30, 30, 30, 9, 6]","17","7","8","0.8984992504119873","0.23664569854736328"
"420","81","92","30","True","True","81","92","30","True","True","81","92","30","True","True","0.0","0.0","11","11","11","40","40","40","[1, 1, 1, 1, 1, 2, 2, 2, 4, 5, 5, 5, 5, 5, 7, 8, 8, 7, 7, 8, 8, 4, 9, 9, 9, 4, 11, 11, 11, 1]","[1, 1, 1, 1, 1, 2, 2, 2, 4, 5, 5, 5, 5, 5, 7, 8, 8, 7, 7, 8, 8, 4, 9, 9, 9, 4, 11, 11, 11, 1]","[1, 1, 1, 1, 1, 2, 2, 2, 4, 5, 5, 5, 5, 5, 7, 8, 8, 7, 7, 8, 8, 4, 9, 9, 9, 4, 11, 11, 11, 1]","11","11","11","0.0009963512420654297","0.0019979476928710938"
"421","94","110","30","True","False","81","86","30","True","True","85","93","30","True","False","0.05061270908989557","0.07561879393932991","17","7","9","46","34","37","[1, 2, 2, 3, 3, 3, 20, 20, 20, 20, 20, 20, 1, 1, 21, 21, 21, 1, 6, 6, 6, 6, 3, 11, 11, 10, 9, 9, 9, 3]","[0, 0, 0, 0, 0, 0, 1, 1, 1, 1, 1, 2, 2, 2, 2, 3, 3, 3, 4, 4, 4, 9, 9, 9, 9, 9, 9, 9, 9, 9]","[1, 1, 1, 1, 1, 1, 9, 9, 9, 9, 9, 9, 1, 1, 9, 9, 9, 1, 2, 2, 2, 2, 3, 4, 4, 4, 3, 3, 3, 3]","17","7","9","20.54558825492859","0.3639984130859375"
"422","86","102","30","True","True","86","102","30","True","True","86","102","30","True","True","0.0","0.0","11","11","11","44","44","44","[1, 1, 1, 1, 1, 2, 2, 2, 2, 2, 1, 1, 3, 3, 5, 5, 10, 10, 5, 5, 5, 5, 5, 8, 14, 14, 14, 14, 14, 5]","[1, 1, 1, 1, 1, 2, 2, 2, 2, 2, 1, 1, 3, 3, 5, 5, 10, 10, 5, 5, 5, 5, 5, 8, 14, 14, 14, 14, 14, 5]","[1, 1, 1, 1, 1, 2, 2, 2, 2, 2, 1, 1, 3, 3, 5, 5, 10, 10, 5, 5, 5, 5, 5, 8, 14, 14, 14, 14, 14, 5]","11","11","11","0.0029997825622558594","0.0020058155059814453"
"423","94","110","30","True","False","72","76","30","True","True","88","100","30","True","True","0.02842531005944271","0.12645003555502166","17","4","12","46","33","41","[1, 1, 1, 10, 10, 1, 2, 4, 5, 5, 2, 3, 4, 4, 4, 6, 7, 16, 7, 7, 12, 13, 13, 12, 7, 7, 7, 7, 7, 4]","[1, 1, 1, 1, 1, 1, 2, 2, 2, 2, 2, 2, 3, 3, 3, 3, 3, 3, 3, 3, 3, 3, 3, 6, 6, 6, 6, 6, 6, 9]","[1, 1, 1, 6, 6, 1, 1, 2, 3, 3, 1, 2, 2, 2, 2, 3, 3, 9, 3, 3, 6, 6, 6, 6, 3, 3, 3, 3, 3, 2]","17","4","12","4.659790515899658","0.39815402030944824"
"424","86","102","30","True","True","86","102","30","True","True","86","102","30","True","True","0.0","0.0","11","11","11","44","44","44","[1, 1, 1, 1, 1, 2, 2, 2, 1, 2, 2, 3, 3, 1, 1, 2, 2, 3, 3, 3, 6, 6, 3, 1, 1, 3, 3, 3, 1, 1]","[1, 1, 1, 1, 1, 2, 2, 2, 1, 2, 2, 3, 3, 1, 1, 2, 2, 3, 3, 3, 6, 6, 3, 1, 1, 3, 3, 3, 1, 1]","[1, 1, 1, 1, 1, 2, 2, 2, 1, 2, 2, 3, 3, 1, 1, 2, 2, 3, 3, 3, 6, 6, 3, 1, 1, 3, 3, 3, 1, 1]","11","11","11","0.001997709274291992","0.0019998550415039062"
"425","81","92","30","True","True","81","92","30","True","True","81","92","30","True","True","0.0","0.0","11","11","11","40","40","40","[1, 1, 1, 1, 1, 1, 1, 2, 2, 2, 2, 2, 2, 2, 3, 4, 4, 6, 8, 8, 2, 2, 2, 2, 3, 3, 1, 2, 2, 2]","[1, 1, 1, 1, 1, 1, 1, 2, 2, 2, 2, 2, 2, 2, 3, 4, 4, 6, 8, 8, 2, 2, 2, 2, 3, 3, 1, 2, 2, 2]","[1, 1, 1, 1, 1, 1, 1, 2, 2, 2, 2, 2, 2, 2, 3, 4, 4, 6, 8, 8, 2, 2, 2, 2, 3, 3, 1, 2, 2, 2]","11","11","11","0.001999378204345703","0.002002716064453125"
"426","94","110","30","True","False","78","87","30","False","True","84","92","31","True","True","0.05385070034736583","0.09145662907719176","17","5","8","46","37","38","[1, 1, 1, 1, 1, 1, 1, 1, 1, 1, 1, 1, 2, 2, 1, 4, 4, 17, 3, 3, 3, 3, 7, 21, 5, 5, 9, 9, 9, 3]","[1, 1, 1, 1, 1, 1, 1, 1, 1, 1, 1, 1, 2, 2, 1, 6, 6, 6, 6, 6, 6, 6, 6, 6, 6, 7, 7, 7, 14, 14]","[1, 1, 1, 1, 1, 1, 1, 1, 1, 1, 1, 1, 2, 2, 1, 3, 3, 12, 3, 3, 3, 3, 3, 12, 3, 3, 6, 6, 6, 3, 1]","17","6","8","1.576542615890503","0.11099910736083984"
"427","88","104","30","True","False","87","104","30","True","False","87","104","30","True","False","0.0","0.0","13","13","13","44","44","44","[2, 2, 2, 2, 1, 1, 1, 1, 1, 1, 2, 4, 4, 1, 5, 6, 18, 18, 18, 18, 9, 27, 27, 27, 5, 6, 6, 5, 1, 1]","[1, 1, 1, 1, 1, 1, 1, 1, 1, 1, 2, 3, 3, 1, 4, 5, 15, 15, 15, 15, 7, 22, 22, 22, 4, 5, 5, 4, 1, 1]","[1, 1, 1, 1, 1, 1, 1, 1, 1, 1, 2, 3, 3, 1, 4, 5, 15, 15, 15, 15, 7, 22, 22, 22, 4, 5, 5, 4, 1, 1]","13","13","13","0.22499990463256836","0.01800084114074707"
"428","94","110","30","True","False","81","87","30","True","True","85","93","30","True","True","0.05171886386208158","0.07586789163171881","17","6","8","46","36","38","[1, 1, 1, 2, 2, 2, 2, 3, 3, 6, 6, 9, 9, 6, 6, 12, 12, 3, 3, 3, 3, 3, 1, 20, 20, 44, 44, 1, 1, 1]","[1, 1, 1, 2, 2, 2, 2, 1, 1, 1, 1, 3, 3, 3, 3, 3, 3, 3, 3, 3, 3, 3, 3, 3, 6, 6, 12, 12, 21, 21]","[1, 1, 1, 2, 2, 2, 2, 3, 3, 3, 3, 3, 3, 3, 3, 6, 6, 3, 3, 3, 3, 3, 1, 12, 12, 21, 21, 1, 1, 1]","17","6","8","0.6494057178497314","0.17011237144470215"
"429","94","110","30","True","False","76","85","30","True","True","90","104","30","True","True","0.01666561576069492","0.10144173074542817","17","7","14","46","36","43","[1, 1, 2, 2, 2, 3, 3, 3, 3, 3, 2, 5, 5, 12, 12, 12, 1, 1, 2, 4, 5, 5, 5, 5, 6, 23, 11, 11, 11, 1]","[]","[1, 1, 1, 1, 1, 1, 1, 1, 1, 1, 1, 2, 2, 12, 12, 12, 1, 1, 2, 4, 5, 5, 5, 5, 4, 15, 7, 7, 7, 1]","17","7","14","2.943264961242676","0.484342098236084"
"430","81","91","30","True","True","81","91","30","True","True","81","91","30","True","True","0.0","0.0","11","11","11","39","39","39","[1, 1, 1, 2, 2, 2, 2, 2, 2, 2, 1, 1, 2, 2, 2, 2, 4, 5, 5, 5, 5, 6, 17, 17, 22, 22, 22, 16, 5, 4]","[1, 1, 1, 2, 2, 2, 2, 2, 2, 2, 1, 1, 2, 2, 2, 2, 4, 5, 5, 5, 5, 6, 17, 17, 22, 22, 22, 16, 5, 4]","[1, 1, 1, 2, 2, 2, 2, 2, 2, 2, 1, 1, 2, 2, 2, 2, 4, 5, 5, 5, 5, 6, 17, 17, 22, 22, 22, 16, 5, 4]","11","11","11","0.0009927749633789062","0.0019989013671875"
"431","81","91","30","True","True","81","91","30","True","True","81","91","30","True","True","0.0","0.0","11","11","11","39","39","39","[1, 1, 1, 2, 2, 1, 2, 3, 3, 3, 6, 6, 6, 3, 3, 1, 1, 1, 2, 5, 12, 12, 13, 13, 13, 13, 12, 1, 1, 1]","[1, 1, 1, 2, 2, 1, 2, 3, 3, 3, 6, 6, 6, 3, 3, 1, 1, 1, 2, 5, 12, 12, 13, 13, 13, 13, 12, 1, 1, 1]","[1, 1, 1, 2, 2, 1, 2, 3, 3, 3, 6, 6, 6, 3, 3, 1, 1, 1, 2, 5, 12, 12, 13, 13, 13, 13, 12, 1, 1, 1]","11","11","11","0.001996755599975586","0.0009999275207519531"
"432","86","102","30","True","True","86","102","30","True","True","86","102","30","True","True","0.0","0.0","11","11","11","44","44","44","[1, 1, 1, 1, 1, 2, 2, 2, 2, 2, 5, 5, 5, 7, 7, 7, 7, 8, 10, 10, 8, 7, 7, 2, 2, 2, 2, 2, 2, 1]","[1, 1, 1, 1, 1, 2, 2, 2, 2, 2, 5, 5, 5, 7, 7, 7, 7, 8, 10, 10, 8, 7, 7, 2, 2, 2, 2, 2, 2, 1]","[1, 1, 1, 1, 1, 2, 2, 2, 2, 2, 5, 5, 5, 7, 7, 7, 7, 8, 10, 10, 8, 7, 7, 2, 2, 2, 2, 2, 2, 1]","11","11","11","0.000993967056274414","0.0020008087158203125"
"433","88","104","30","True","False","87","104","30","True","False","87","104","30","True","False","0.0","0.0","13","13","13","44","44","44","[1, 1, 1, 1, 1, 1, 1, 1, 1, 1, 1, 2, 2, 4, 4, 2, 3, 3, 1, 5, 5, 6, 7, 7, 2, 5, 6, 6, 2, 2]","[1, 1, 1, 1, 1, 1, 1, 1, 1, 1, 1, 2, 2, 3, 3, 2, 3, 3, 1, 5, 5, 6, 7, 7, 1, 4, 5, 5, 1, 1]","[1, 1, 1, 1, 1, 1, 1, 1, 1, 1, 1, 2, 2, 3, 3, 2, 3, 3, 1, 5, 5, 6, 7, 7, 1, 4, 5, 5, 1, 1]","13","13","13","0.21700167655944824","0.01800060272216797"
"434","81","91","30","True","True","81","91","30","True","True","81","91","30","True","True","0.0","0.0","11","11","11","39","39","39","[1, 1, 1, 1, 1, 2, 3, 3, 3, 6, 7, 8, 8, 8, 8, 6, 6, 6, 2, 1, 1, 8, 8, 9, 9, 9, 12, 12, 12, 1]","[1, 1, 1, 1, 1, 2, 3, 3, 3, 6, 7, 8, 8, 8, 8, 6, 6, 6, 2, 1, 1, 8, 8, 9, 9, 9, 12, 12, 12, 1]","[1, 1, 1, 1, 1, 2, 3, 3, 3, 6, 7, 8, 8, 8, 8, 6, 6, 6, 2, 1, 1, 8, 8, 9, 9, 9, 12, 12, 12, 1]","11","11","11","0.0009992122650146484","0.001999378204345703"
"435","81","92","30","True","True","81","92","30","True","True","81","92","30","True","True","0.0","0.0","11","11","11","40","40","40","[1, 1, 1, 2, 3, 3, 3, 1, 1, 1, 1, 3, 3, 1, 1, 1, 1, 1, 3, 7, 7, 7, 7, 7, 7, 7, 7, 4, 4, 4]","[1, 1, 1, 2, 3, 3, 3, 1, 1, 1, 1, 3, 3, 1, 1, 1, 1, 1, 3, 7, 7, 7, 7, 7, 7, 7, 7, 4, 4, 4]","[1, 1, 1, 2, 3, 3, 3, 1, 1, 1, 1, 3, 3, 1, 1, 1, 1, 1, 3, 7, 7, 7, 7, 7, 7, 7, 7, 4, 4, 4]","11","11","11","0.0020020008087158203","0.0019996166229248047"
"436","88","104","30","True","False","87","104","30","True","False","87","104","30","True","False","0.0","0.0","13","13","13","44","44","44","[1, 1, 1, 1, 2, 2, 4, 8, 8, 8, 4, 21, 6, 8, 8, 8, 15, 15, 6, 5, 5, 5, 1, 1, 7, 7, 7, 7, 7, 6]","[1, 1, 1, 1, 2, 2, 4, 8, 8, 8, 4, 20, 6, 8, 8, 8, 15, 15, 6, 5, 5, 5, 1, 1, 6, 6, 6, 6, 6, 6]","[1, 1, 1, 1, 2, 2, 4, 8, 8, 8, 4, 20, 6, 8, 8, 8, 15, 15, 6, 5, 5, 5, 1, 1, 6, 6, 6, 6, 6, 6]","13","13","13","1.5473918914794922","0.019000768661499023"
"437","88","104","30","True","False","87","103","30","True","False","87","103","30","True","False","0.005074541257336529","0.005074541257336529","13","13","13","44","43","43","[1, 1, 1, 1, 1, 1, 1, 1, 2, 2, 2, 2, 2, 2, 5, 7, 7, 1, 6, 12, 12, 6, 18, 18, 18, 1, 1, 1, 1, 1]","[1, 1, 1, 1, 1, 1, 1, 1, 2, 2, 2, 2, 2, 2, 5, 7, 7, 1, 6, 12, 12, 6, 18, 18, 18, 1, 1, 1, 1, 1]","[1, 1, 1, 1, 1, 1, 1, 1, 2, 2, 2, 2, 2, 2, 5, 7, 7, 1, 6, 12, 12, 6, 18, 18, 18, 1, 1, 1, 1, 1]","13","13","13","0.26299142837524414","0.01800823211669922"
"438","81","92","30","True","True","81","92","30","True","True","81","92","30","True","True","0.0","0.0","11","11","11","40","40","40","[1, 1, 1, 1, 1, 1, 1, 1, 2, 2, 2, 1, 3, 3, 1, 1, 7, 7, 10, 10, 10, 17, 24, 24, 7, 7, 7, 3, 1, 1]","[1, 1, 1, 1, 1, 1, 1, 1, 2, 2, 2, 1, 3, 3, 1, 1, 7, 7, 10, 10, 10, 17, 24, 24, 7, 7, 7, 3, 1, 1]","[1, 1, 1, 1, 1, 1, 1, 1, 2, 2, 2, 1, 3, 3, 1, 1, 7, 7, 10, 10, 10, 17, 24, 24, 7, 7, 7, 3, 1, 1]","11","11","11","0.0020003318786621094","0.0009984970092773438"
"439","94","110","30","True","False","84","96","30","False","True","88","99","30","True","True","0.032523770591453394","0.05787011097384742","17","9","11","46","41","41","[1, 1, 1, 2, 3, 3, 4, 4, 4, 7, 7, 7, 5, 5, 1, 1, 1, 3, 4, 4, 4, 15, 4, 7, 14, 14, 14, 14, 2, 1]","[1, 1, 1, 2, 3, 3, 4, 4, 4, 7, 7, 7, 5, 5, 1, 1, 1, 2, 1, 1, 1, 1, 1, 1, 2, 6, 7, 7, 6, 6]","[1, 1, 1, 2, 3, 3, 4, 4, 4, 7, 7, 7, 5, 5, 1, 1, 1, 1, 1, 1, 1, 4, 1, 2, 4, 4, 4, 4, 2, 1]","17","11","11","0.47289538383483887","0.10299491882324219"
"440","81","92","30","True","True","81","92","30","True","True","81","92","30","True","True","0.0","0.0","11","11","11","40","40","40","[1, 1, 1, 1, 1, 1, 1, 3, 3, 2, 2, 3, 3, 3, 3, 3, 5, 5, 5, 5, 3, 4, 4, 5, 8, 8, 8, 8, 8, 3]","[1, 1, 1, 1, 1, 1, 1, 3, 3, 2, 2, 3, 3, 3, 3, 3, 5, 5, 5, 5, 3, 4, 4, 5, 8, 8, 8, 8, 8, 3]","[1, 1, 1, 1, 1, 1, 1, 3, 3, 2, 2, 3, 3, 3, 3, 3, 5, 5, 5, 5, 3, 4, 4, 5, 8, 8, 8, 8, 8, 3]","11","11","11","0.0009932518005371094","0.0019979476928710938"
"441","81","92","30","True","True","81","92","30","True","True","81","92","30","True","True","0.0","0.0","11","11","11","40","40","40","[1, 1, 1, 1, 1, 1, 1, 1, 1, 2, 3, 4, 4, 4, 4, 3, 3, 4, 4, 4, 4, 14, 14, 8, 4, 4, 3, 3, 1, 1]","[1, 1, 1, 1, 1, 1, 1, 1, 1, 2, 3, 4, 4, 4, 4, 3, 3, 4, 4, 4, 4, 14, 14, 8, 4, 4, 3, 3, 1, 1]","[1, 1, 1, 1, 1, 1, 1, 1, 1, 2, 3, 4, 4, 4, 4, 3, 3, 4, 4, 4, 4, 14, 14, 8, 4, 4, 3, 3, 1, 1]","11","11","11","0.0019974708557128906","0.0010008811950683594"
"442","94","110","30","True","False","74","80","30","True","True","90","103","31","True","False","0.02262513947178668","0.11885694226067756","17","7","14","46","35","43","[1, 1, 1, 1, 1, 1, 1, 10, 3, 3, 6, 6, 2, 2, 7, 7, 7, 26, 26, 2, 10, 10, 12, 12, 10, 10, 10, 10, 1, 1]","[1, 1, 1, 1, 1, 1, 1, 1, 1, 1, 1, 1, 3, 3, 4, 4, 4, 6, 6, 6, 6, 6, 6, 6, 6, 7, 7, 7, 16, 16]","[1, 1, 1, 1, 1, 1, 1, 6, 3, 3, 6, 6, 1, 1, 4, 4, 4, 15, 15, 1, 6, 6, 7, 7, 6, 6, 6, 6, 1, 1, 1]","17","7","14","30.710936546325684","0.47606539726257324"
"443","81","91","30","True","True","81","91","30","True","True","81","91","30","True","True","0.0","0.0","11","11","11","39","39","39","[1, 1, 1, 1, 1, 1, 1, 4, 4, 2, 4, 4, 4, 4, 4, 3, 1, 2, 6, 6, 5, 5, 9, 9, 5, 1, 2, 2, 2, 1]","[1, 1, 1, 1, 1, 1, 1, 4, 4, 2, 4, 4, 4, 4, 4, 3, 1, 2, 6, 6, 5, 5, 9, 9, 5, 1, 2, 2, 2, 1]","[1, 1, 1, 1, 1, 1, 1, 4, 4, 2, 4, 4, 4, 4, 4, 3, 1, 2, 6, 6, 5, 5, 9, 9, 5, 1, 2, 2, 2, 1]","11","11","11","0.0010008811950683594","0.001999378204345703"
"444","94","110","30","True","False","79","88","30","True","True","87","98","30","True","True","0.034851732557244386","0.08371897824307828","17","9","11","46","37","40","[2, 2, 2, 2, 4, 4, 2, 2, 12, 12, 14, 14, 4, 4, 8, 26, 26, 26, 8, 8, 30, 30, 6, 6, 4, 2, 2, 3, 3, 3]","[0, 0, 1, 1, 1, 1, 1, 1, 1, 1, 1, 1, 1, 2, 2, 2, 3, 3, 4, 4, 4, 5, 5, 6, 6, 13, 13, 13, 14, 14]","[1, 1, 1, 1, 1, 1, 1, 1, 2, 2, 3, 3, 1, 1, 3, 10, 10, 10, 2, 2, 8, 8, 2, 2, 1, 1, 1, 1, 1, 1]","17","9","11","4.710221767425537","0.49653196334838867"
"445","88","104","30","True","False","87","103","30","True","False","87","103","30","True","False","0.005074541257336529","0.005074541257336529","13","13","13","44","43","43","[1, 1, 1, 1, 1, 16, 16, 1, 1, 2, 4, 4, 4, 5, 5, 1, 2, 3, 3, 3, 5, 5, 3, 3, 1, 1, 18, 18, 18, 2]","[1, 1, 1, 1, 1, 16, 16, 1, 1, 2, 4, 4, 4, 5, 5, 1, 2, 3, 3, 3, 5, 5, 3, 3, 1, 1, 18, 18, 18, 2]","[1, 1, 1, 1, 1, 16, 16, 1, 1, 2, 4, 4, 4, 5, 5, 1, 2, 3, 3, 3, 5, 5, 3, 3, 1, 1, 18, 18, 18, 2]","13","13","13","0.22198987007141113","0.01799941062927246"
"446","81","91","30","True","True","81","91","30","True","True","81","91","30","True","True","0.0","0.0","11","11","11","39","39","39","[1, 1, 2, 2, 1, 1, 1, 2, 2, 2, 2, 5, 5, 3, 4, 5, 5, 5, 3, 2, 3, 3, 2, 7, 7, 7, 7, 2, 1, 1]","[1, 1, 2, 2, 1, 1, 1, 2, 2, 2, 2, 5, 5, 3, 4, 5, 5, 5, 3, 2, 3, 3, 2, 7, 7, 7, 7, 2, 1, 1]","[1, 1, 2, 2, 1, 1, 1, 2, 2, 2, 2, 5, 5, 3, 4, 5, 5, 5, 3, 2, 3, 3, 2, 7, 7, 7, 7, 2, 1, 1]","11","11","11","0.0020008087158203125","0.0019996166229248047"
"447","81","92","30","True","True","81","92","30","True","True","81","92","30","True","True","0.0","0.0","11","11","11","40","40","40","[1, 1, 1, 1, 1, 1, 1, 1, 2, 2, 2, 4, 6, 6, 7, 7, 15, 30, 30, 30, 30, 30, 30, 15, 9, 6, 1, 1, 1, 1]","[1, 1, 1, 1, 1, 1, 1, 1, 2, 2, 2, 4, 6, 6, 7, 7, 15, 30, 30, 30, 30, 30, 30, 15, 9, 6, 1, 1, 1, 1]","[1, 1, 1, 1, 1, 1, 1, 1, 2, 2, 2, 4, 6, 6, 7, 7, 15, 30, 30, 30, 30, 30, 30, 15, 9, 6, 1, 1, 1, 1]","11","11","11","0.002000570297241211","0.0009989738464355469"
"448","88","104","30","True","False","87","104","30","True","False","87","104","30","True","False","0.0","0.0","13","13","13","44","44","44","[1, 1, 1, 2, 3, 3, 2, 1, 1, 1, 1, 1, 2, 3, 7, 7, 1, 1, 1, 1, 1, 5, 6, 6, 8, 16, 5, 5, 5, 5]","[1, 1, 1, 2, 2, 2, 2, 1, 1, 1, 1, 1, 2, 3, 7, 7, 1, 1, 1, 1, 1, 4, 5, 5, 7, 14, 4, 4, 4, 4]","[1, 1, 1, 2, 2, 2, 2, 1, 1, 1, 1, 1, 2, 3, 7, 7, 1, 1, 1, 1, 1, 4, 5, 5, 7, 14, 4, 4, 4, 4]","13","13","13","0.21999812126159668","0.018001556396484375"
"449","88","104","30","True","False","87","103","30","True","False","87","103","30","True","False","0.004422141910903066","0.004422141910903066","13","13","13","44","43","43","[1, 1, 1, 1, 1, 2, 2, 2, 3, 3, 4, 4, 4, 3, 6, 8, 8, 8, 17, 17, 9, 14, 15, 15, 6, 6, 3, 2, 11, 11]","[1, 1, 1, 1, 1, 2, 2, 2, 3, 3, 4, 4, 4, 3, 6, 8, 8, 8, 17, 17, 9, 14, 15, 15, 6, 6, 3, 2, 11, 11]","[1, 1, 1, 1, 1, 2, 2, 2, 3, 3, 4, 4, 4, 3, 6, 8, 8, 8, 17, 17, 9, 14, 15, 15, 6, 6, 3, 2, 11, 11]","13","13","13","0.2140793800354004","0.021001100540161133"
"450","81","91","30","True","True","81","91","30","True","True","81","91","30","True","True","0.0","0.0","11","11","11","39","39","39","[1, 1, 1, 1, 1, 1, 1, 2, 5, 5, 5, 1, 2, 3, 10, 10, 9, 8, 1, 2, 4, 4, 2, 2, 1, 1, 1, 1, 1, 1]","[1, 1, 1, 1, 1, 1, 1, 2, 5, 5, 5, 1, 2, 3, 10, 10, 9, 8, 1, 2, 4, 4, 2, 2, 1, 1, 1, 1, 1, 1]","[1, 1, 1, 1, 1, 1, 1, 2, 5, 5, 5, 1, 2, 3, 10, 10, 9, 8, 1, 2, 4, 4, 2, 2, 1, 1, 1, 1, 1, 1]","11","11","11","0.0019965171813964844","0.001005411148071289"
"451","81","92","30","True","True","81","92","30","True","True","81","92","30","True","True","0.0","0.0","11","11","11","40","40","40","[1, 1, 1, 1, 1, 1, 1, 1, 1, 1, 1, 1, 5, 5, 5, 5, 6, 11, 13, 13, 4, 4, 2, 3, 3, 2, 2, 2, 1, 1]","[1, 1, 1, 1, 1, 1, 1, 1, 1, 1, 1, 1, 5, 5, 5, 5, 6, 11, 13, 13, 4, 4, 2, 3, 3, 2, 2, 2, 1, 1]","[1, 1, 1, 1, 1, 1, 1, 1, 1, 1, 1, 1, 5, 5, 5, 5, 6, 11, 13, 13, 4, 4, 2, 3, 3, 2, 2, 2, 1, 1]","11","11","11","0.00299835205078125","0.0019986629486083984"
"452","94","110","30","True","False","79","86","30","True","True","87","97","30","True","True","0.03927758795799241","0.08851502363892272","17","7","11","46","35","39","[1, 1, 1, 1, 2, 2, 2, 4, 4, 40, 40, 3, 10, 12, 12, 12, 17, 19, 19, 17, 17, 1, 1, 11, 11, 11, 11, 1, 20, 1]","[1, 1, 1, 1, 1, 1, 1, 1, 1, 1, 2, 2, 2, 2, 4, 4, 4, 4, 4, 5, 5, 5, 7, 7, 7, 8, 8, 8, 17, 17]","[1, 1, 1, 1, 1, 1, 1, 2, 2, 17, 17, 1, 4, 5, 5, 5, 7, 8, 8, 7, 7, 1, 1, 4, 4, 4, 4, 1, 8, 1]","17","7","11","3.031787633895874","0.5441164970397949"
"453","94","110","30","True","False","75","84","30","False","True","85","93","31","True","True","0.05283587423349434","0.11575669214006423","17","4","9","46","34","38","[1, 1, 1, 1, 1, 4, 4, 1, 2, 2, 2, 5, 5, 4, 4, 2, 2, 1, 1, 3, 3, 2, 9, 9, 9, 9, 8, 8, 8, 8]","[1, 1, 1, 1, 1, 3, 3, 2, 5, 5, 6, 6, 8, 8, 8, 8, 4, 4, 4, 4, 9, 9, 9, 9, 9, 9, 9, 9, 9, 9]","[1, 1, 1, 1, 1, 3, 3, 1, 1, 1, 1, 2, 2, 2, 2, 1, 1, 1, 1, 3, 3, 2, 3, 3, 3, 3, 3, 3, 3, 3, 1]","17","4","9","1.0703558921813965","0.26413702964782715"
"454","81","91","30","True","True","81","91","30","True","True","81","91","30","True","True","0.0","0.0","11","11","11","39","39","39","[1, 2, 3, 3, 3, 3, 3, 3, 3, 3, 3, 3, 3, 12, 12, 3, 3, 6, 9, 9, 9, 6, 12, 12, 3, 3, 3, 10, 10, 10]","[1, 2, 3, 3, 3, 3, 3, 3, 3, 3, 3, 3, 3, 12, 12, 3, 3, 6, 9, 9, 9, 6, 12, 12, 3, 3, 3, 10, 10, 10]","[1, 2, 3, 3, 3, 3, 3, 3, 3, 3, 3, 3, 3, 12, 12, 3, 3, 6, 9, 9, 9, 6, 12, 12, 3, 3, 3, 10, 10, 10]","11","11","11","0.0009965896606445312","0.0019996166229248047"
"455","81","92","30","True","True","81","92","30","True","True","81","92","30","True","True","0.0","0.0","11","11","11","40","40","40","[1, 1, 1, 1, 2, 4, 4, 4, 4, 5, 5, 5, 5, 4, 3, 10, 10, 10, 10, 12, 17, 17, 10, 10, 3, 3, 1, 1, 1, 1]","[1, 1, 1, 1, 2, 4, 4, 4, 4, 5, 5, 5, 5, 4, 3, 10, 10, 10, 10, 12, 17, 17, 10, 10, 3, 3, 1, 1, 1, 1]","[1, 1, 1, 1, 2, 4, 4, 4, 4, 5, 5, 5, 5, 4, 3, 10, 10, 10, 10, 12, 17, 17, 10, 10, 3, 3, 1, 1, 1, 1]","11","11","11","0.0011162757873535156","0.0030164718627929688"
"456","86","102","30","True","True","86","102","30","True","True","86","102","30","True","True","0.0","0.0","11","11","11","44","44","44","[1, 1, 1, 2, 3, 3, 1, 1, 1, 1, 1, 1, 1, 2, 5, 5, 5, 5, 10, 10, 10, 10, 10, 10, 4, 6, 6, 17, 17, 17]","[1, 1, 1, 2, 3, 3, 1, 1, 1, 1, 1, 1, 1, 2, 5, 5, 5, 5, 10, 10, 10, 10, 10, 10, 4, 6, 6, 17, 17, 17]","[1, 1, 1, 2, 3, 3, 1, 1, 1, 1, 1, 1, 1, 2, 5, 5, 5, 5, 10, 10, 10, 10, 10, 10, 4, 6, 6, 17, 17, 17]","11","11","11","0.0019974708557128906","0.0019941329956054688"
"457","86","102","30","True","True","86","102","30","True","True","86","102","30","True","True","0.0","0.0","11","11","11","44","44","44","[1, 1, 1, 1, 1, 1, 2, 2, 2, 2, 2, 4, 4, 2, 2, 1, 1, 4, 4, 3, 3, 3, 3, 3, 3, 4, 8, 9, 9, 9]","[1, 1, 1, 1, 1, 1, 2, 2, 2, 2, 2, 4, 4, 2, 2, 1, 1, 4, 4, 3, 3, 3, 3, 3, 3, 4, 8, 9, 9, 9]","[1, 1, 1, 1, 1, 1, 2, 2, 2, 2, 2, 4, 4, 2, 2, 1, 1, 4, 4, 3, 3, 3, 3, 3, 3, 4, 8, 9, 9, 9]","11","11","11","0.003012418746948242","0.0029938220977783203"
"458","81","91","30","True","True","81","91","30","True","True","81","91","30","True","True","0.0","0.0","11","11","11","39","39","39","[1, 1, 1, 1, 1, 1, 1, 1, 1, 1, 1, 1, 1, 1, 3, 3, 3, 6, 6, 9, 9, 9, 9, 9, 4, 14, 18, 18, 3, 3]","[1, 1, 1, 1, 1, 1, 1, 1, 1, 1, 1, 1, 1, 1, 3, 3, 3, 6, 6, 9, 9, 9, 9, 9, 4, 14, 18, 18, 3, 3]","[1, 1, 1, 1, 1, 1, 1, 1, 1, 1, 1, 1, 1, 1, 3, 3, 3, 6, 6, 9, 9, 9, 9, 9, 4, 14, 18, 18, 3, 3]","11","11","11","0.000993967056274414","0.0020024776458740234"
"459","94","110","30","True","False","81","92","30","False","True","85","94","31","True","True","0.04704497763594906","0.07147779568277401","17","7","9","46","37","39","[1, 1, 1, 1, 1, 1, 1, 2, 2, 2, 2, 2, 3, 3, 10, 2, 3, 4, 22, 3, 13, 13, 10, 9, 6, 4, 4, 4, 2, 2]","[1, 1, 1, 1, 1, 1, 1, 1, 2, 3, 3, 2, 4, 4, 4, 2, 2, 5, 5, 5, 5, 7, 7, 7, 4, 4, 4, 9, 9, 13]","[1, 1, 1, 1, 1, 1, 1, 1, 1, 1, 1, 2, 3, 3, 2, 2, 1, 1, 5, 1, 3, 3, 2, 2, 1, 4, 4, 4, 2, 2, 2]","17","8","9","0.8261928558349609","0.1513535976409912"
"460","81","91","30","True","True","81","91","30","True","True","81","91","30","True","True","0.0","0.0","11","11","11","39","39","39","[1, 1, 1, 1, 1, 1, 1, 1, 1, 1, 1, 1, 1, 2, 3, 8, 8, 8, 8, 8, 9, 9, 9, 18, 18, 26, 26, 10, 10, 10]","[1, 1, 1, 1, 1, 1, 1, 1, 1, 1, 1, 1, 1, 2, 3, 8, 8, 8, 8, 8, 9, 9, 9, 18, 18, 26, 26, 10, 10, 10]","[1, 1, 1, 1, 1, 1, 1, 1, 1, 1, 1, 1, 1, 2, 3, 8, 8, 8, 8, 8, 9, 9, 9, 18, 18, 26, 26, 10, 10, 10]","11","11","11","0.0029973983764648438","0.0010008811950683594"
"461","81","92","30","True","True","81","92","30","True","True","81","92","30","True","True","0.0","0.0","11","11","11","40","40","40","[1, 2, 3, 3, 3, 2, 1, 1, 1, 1, 1, 2, 2, 2, 3, 3, 2, 2, 8, 15, 18, 18, 18, 16, 8, 2, 2, 2, 1, 1]","[1, 2, 3, 3, 3, 2, 1, 1, 1, 1, 1, 2, 2, 2, 3, 3, 2, 2, 8, 15, 18, 18, 18, 16, 8, 2, 2, 2, 1, 1]","[1, 2, 3, 3, 3, 2, 1, 1, 1, 1, 1, 2, 2, 2, 3, 3, 2, 2, 8, 15, 18, 18, 18, 16, 8, 2, 2, 2, 1, 1]","11","11","11","0.0020198822021484375","0.0009856224060058594"
"462","94","110","30","True","False","81","91","30","False","True","83","89","30","True","False","0.06300136517061572","0.07729672986423264","17","6","7","46","35","35","[1, 1, 1, 1, 1, 1, 1, 2, 2, 2, 3, 3, 3, 4, 5, 6, 6, 13, 13, 2, 2, 5, 5, 3, 5, 7, 7, 1, 15, 1]","[1, 1, 1, 1, 1, 1, 1, 2, 2, 2, 2, 3, 5, 7, 7, 1, 1, 7, 7, 8, 8, 8, 8, 8, 8, 8, 8, 8, 13, 13]","[1, 1, 1, 1, 1, 1, 1, 2, 2, 2, 2, 2, 2, 2, 2, 2, 2, 6, 6, 2, 2, 2, 2, 3, 5, 7, 7, 1, 4, 1]","17","6","7","0.7614908218383789","0.11680865287780762"
"463","81","92","30","True","True","81","92","30","True","True","81","92","30","True","True","0.0","0.0","11","11","11","40","40","40","[1, 1, 1, 1, 1, 1, 1, 1, 1, 2, 2, 3, 4, 4, 10, 11, 11, 4, 2, 2, 1, 1, 1, 3, 3, 4, 4, 4, 2, 2]","[1, 1, 1, 1, 1, 1, 1, 1, 1, 2, 2, 3, 4, 4, 10, 11, 11, 4, 2, 2, 1, 1, 1, 3, 3, 4, 4, 4, 2, 2]","[1, 1, 1, 1, 1, 1, 1, 1, 1, 2, 2, 3, 4, 4, 10, 11, 11, 4, 2, 2, 1, 1, 1, 3, 3, 4, 4, 4, 2, 2]","11","11","11","0.0020055770874023438","0.001988649368286133"
"464","88","104","30","True","False","87","104","30","True","False","87","104","30","True","False","0.0","0.0","13","13","13","44","44","44","[1, 1, 1, 2, 2, 2, 2, 1, 1, 1, 1, 1, 1, 1, 5, 6, 6, 6, 6, 11, 33, 43, 43, 43, 77, 77, 10, 10, 1, 1]","[1, 1, 1, 2, 2, 2, 2, 1, 1, 1, 1, 1, 1, 1, 5, 6, 6, 6, 6, 10, 31, 41, 41, 41, 73, 73, 10, 10, 1, 1]","[1, 1, 1, 2, 2, 2, 2, 1, 1, 1, 1, 1, 1, 1, 5, 6, 6, 6, 6, 10, 31, 41, 41, 41, 73, 73, 10, 10, 1, 1]","13","13","13","1.9180965423583984","0.019428730010986328"
"465","94","110","30","True","False","81","89","31","True","True","84","92","30","True","True","0.051476108073182925","0.07390605020490681","17","7","8","46","36","37","[1, 1, 1, 1, 2, 3, 3, 3, 5, 5, 12, 12, 19, 21, 25, 7, 44, 44, 4, 3, 1, 1, 1, 1, 1, 1, 1, 3, 3, 3]","[0, 0, 0, 0, 0, 0, 0, 0, 1, 1, 1, 1, 1, 1, 1, 1, 1, 1, 1, 1, 1, 1, 1, 2, 3, 3, 5, 6, 8, 12, 12]","[1, 1, 1, 1, 1, 1, 1, 1, 1, 1, 3, 3, 5, 6, 7, 2, 12, 12, 1, 1, 1, 1, 1, 1, 1, 1, 1, 1, 1, 1]","17","7","8","2.779294490814209","0.2936584949493408"
"466","94","110","30","True","False","77","82","31","True","True","85","94","31","True","True","0.04684527592622012","0.09552777314694205","17","5","9","46","35","39","[1, 7, 7, 7, 7, 1, 1, 1, 1, 2, 4, 4, 5, 6, 13, 13, 4, 2, 8, 8, 2, 6, 25, 25, 26, 26, 26, 25, 25, 1]","[1, 1, 1, 1, 1, 1, 1, 1, 1, 1, 2, 2, 2, 2, 2, 3, 3, 3, 3, 3, 3, 3, 5, 5, 10, 10, 10, 10, 11, 11, 11]","[1, 3, 3, 3, 3, 1, 1, 1, 1, 1, 2, 2, 2, 2, 5, 5, 2, 1, 3, 3, 1, 3, 10, 10, 11, 11, 11, 10, 10, 1, 1]","17","5","9","2.123000144958496","0.4483630657196045"
"467","94","110","30","True","False","78","86","30","True","False","82","87","31","True","False","0.07013823938622465","0.09574028184853622","17","4","6","46","32","35","[1, 1, 1, 1, 1, 3, 15, 15, 3, 5, 5, 3, 3, 3, 3, 4, 4, 3, 3, 5, 5, 5, 1, 5, 16, 16, 11, 11, 11, 11]","[1, 1, 1, 1, 1, 3, 3, 1, 10, 10, 11, 11, 13, 13, 13, 13, 13, 13, 13, 13, 13, 13, 11, 11, 11, 11, 11, 11, 18, 18]","[1, 1, 1, 1, 1, 3, 6, 6, 3, 3, 3, 3, 3, 3, 3, 3, 3, 3, 3, 3, 3, 3, 1, 3, 9, 9, 6, 6, 6, 6, 3]","17","4","6","0.7374780178070068","0.16743206977844238"
"468","81","92","30","True","True","81","92","30","True","True","81","92","30","True","True","0.0","0.0","11","11","11","40","40","40","[1, 1, 2, 2, 3, 3, 5, 11, 11, 11, 8, 8, 8, 8, 14, 22, 22, 22, 8, 8, 8, 3, 3, 3, 3, 2, 1, 1, 1, 1]","[1, 1, 2, 2, 3, 3, 5, 11, 11, 11, 8, 8, 8, 8, 14, 22, 22, 22, 8, 8, 8, 3, 3, 3, 3, 2, 1, 1, 1, 1]","[1, 1, 2, 2, 3, 3, 5, 11, 11, 11, 8, 8, 8, 8, 14, 22, 22, 22, 8, 8, 8, 3, 3, 3, 3, 2, 1, 1, 1, 1]","11","11","11","0.002986907958984375","0.0019936561584472656"
"469","94","110","30","True","False","79","86","30","False","True","83","90","30","True","True","0.058313854758233474","0.08439783143818569","17","5","7","46","34","36","[1, 1, 2, 2, 2, 2, 2, 2, 2, 23, 2, 3, 3, 5, 7, 7, 7, 7, 1, 9, 9, 1, 15, 3, 8, 8, 8, 5, 5, 5]","[0, 0, 0, 0, 0, 0, 0, 0, 0, 1, 1, 1, 1, 1, 1, 1, 1, 1, 1, 1, 1, 1, 1, 1, 1, 1, 1, 1, 2, 4]","[1, 1, 2, 2, 2, 2, 2, 2, 2, 8, 2, 2, 2, 2, 2, 2, 2, 2, 1, 2, 2, 1, 4, 2, 2, 2, 2, 2, 2, 2]","17","5","7","1.0554471015930176","0.23699450492858887"
"470","81","91","30","True","True","81","91","30","True","True","81","91","30","True","True","0.0","0.0","11","11","11","39","39","39","[1, 1, 2, 2, 2, 2, 2, 2, 2, 2, 1, 3, 3, 2, 2, 2, 2, 3, 8, 8, 11, 11, 8, 10, 12, 12, 12, 12, 12, 8]","[1, 1, 2, 2, 2, 2, 2, 2, 2, 2, 1, 3, 3, 2, 2, 2, 2, 3, 8, 8, 11, 11, 8, 10, 12, 12, 12, 12, 12, 8]","[1, 1, 2, 2, 2, 2, 2, 2, 2, 2, 1, 3, 3, 2, 2, 2, 2, 3, 8, 8, 11, 11, 8, 10, 12, 12, 12, 12, 12, 8]","11","11","11","0.0029973983764648438","0.0020008087158203125"
"471","81","91","30","True","True","81","91","30","True","True","81","91","30","True","True","0.0","0.0","11","11","11","39","39","39","[1, 1, 1, 1, 1, 1, 1, 1, 1, 1, 2, 2, 2, 2, 2, 1, 3, 4, 6, 7, 7, 7, 10, 10, 8, 18, 18, 1, 1, 1]","[1, 1, 1, 1, 1, 1, 1, 1, 1, 1, 2, 2, 2, 2, 2, 1, 3, 4, 6, 7, 7, 7, 10, 10, 8, 18, 18, 1, 1, 1]","[1, 1, 1, 1, 1, 1, 1, 1, 1, 1, 2, 2, 2, 2, 2, 1, 3, 4, 6, 7, 7, 7, 10, 10, 8, 18, 18, 1, 1, 1]","11","11","11","0.003998756408691406","0.002001523971557617"
"472","88","104","30","True","False","87","103","30","True","False","87","103","30","True","False","0.004422141910903066","0.004422141910903066","13","13","13","44","43","43","[1, 1, 1, 1, 1, 1, 1, 1, 1, 1, 1, 1, 1, 2, 4, 6, 7, 7, 42, 42, 35, 35, 7, 2, 2, 13, 13, 13, 13, 7]","[1, 1, 1, 1, 1, 1, 1, 1, 1, 1, 1, 1, 1, 2, 4, 6, 7, 7, 42, 42, 35, 35, 7, 2, 2, 13, 13, 13, 13, 7]","[1, 1, 1, 1, 1, 1, 1, 1, 1, 1, 1, 1, 1, 2, 4, 6, 7, 7, 42, 42, 35, 35, 7, 2, 2, 13, 13, 13, 13, 7]","13","13","13","0.3831214904785156","0.033997535705566406"
"473","86","102","30","True","True","86","102","30","True","True","86","102","30","True","True","0.0","0.0","11","11","11","44","44","44","[1, 1, 1, 1, 1, 1, 1, 1, 1, 1, 1, 2, 2, 3, 3, 3, 3, 3, 3, 4, 7, 9, 15, 15, 9, 3, 2, 2, 1, 1]","[1, 1, 1, 1, 1, 1, 1, 1, 1, 1, 1, 2, 2, 3, 3, 3, 3, 3, 3, 4, 7, 9, 15, 15, 9, 3, 2, 2, 1, 1]","[1, 1, 1, 1, 1, 1, 1, 1, 1, 1, 1, 2, 2, 3, 3, 3, 3, 3, 3, 4, 7, 9, 15, 15, 9, 3, 2, 2, 1, 1]","11","11","11","0.0041162967681884766","0.0029947757720947266"
"474","81","92","30","True","True","81","92","30","True","True","81","92","30","True","True","0.0","0.0","11","11","11","40","40","40","[1, 1, 1, 1, 1, 1, 1, 1, 1, 1, 1, 1, 1, 1, 1, 1, 1, 1, 1, 1, 1, 2, 3, 4, 5, 12, 12, 12, 12, 10]","[1, 1, 1, 1, 1, 1, 1, 1, 1, 1, 1, 1, 1, 1, 1, 1, 1, 1, 1, 1, 1, 2, 3, 4, 5, 12, 12, 12, 12, 10]","[1, 1, 1, 1, 1, 1, 1, 1, 1, 1, 1, 1, 1, 1, 1, 1, 1, 1, 1, 1, 1, 2, 3, 4, 5, 12, 12, 12, 12, 10]","11","11","11","0.0029990673065185547","0.003996372222900391"
"475","81","92","30","True","True","81","92","30","True","True","81","92","30","True","True","0.0","0.0","11","11","11","40","40","40","[1, 1, 1, 2, 2, 1, 1, 1, 1, 1, 2, 2, 4, 5, 5, 5, 13, 19, 19, 3, 3, 1, 1, 2, 2, 1, 1, 1, 1, 1]","[1, 1, 1, 2, 2, 1, 1, 1, 1, 1, 2, 2, 4, 5, 5, 5, 13, 19, 19, 3, 3, 1, 1, 2, 2, 1, 1, 1, 1, 1]","[1, 1, 1, 2, 2, 1, 1, 1, 1, 1, 2, 2, 4, 5, 5, 5, 13, 19, 19, 3, 3, 1, 1, 2, 2, 1, 1, 1, 1, 1]","11","11","11","0.001992464065551758","0.0020012855529785156"
"476","81","92","30","True","True","81","92","30","True","True","81","92","30","True","True","0.0","0.0","11","11","11","40","40","40","[1, 1, 1, 1, 1, 1, 1, 1, 1, 1, 1, 2, 3, 3, 1, 4, 9, 9, 9, 8, 8, 4, 12, 12, 12, 4, 2, 2, 2, 1]","[1, 1, 1, 1, 1, 1, 1, 1, 1, 1, 1, 2, 3, 3, 1, 4, 9, 9, 9, 8, 8, 4, 12, 12, 12, 4, 2, 2, 2, 1]","[1, 1, 1, 1, 1, 1, 1, 1, 1, 1, 1, 2, 3, 3, 1, 4, 9, 9, 9, 8, 8, 4, 12, 12, 12, 4, 2, 2, 2, 1]","11","11","11","0.001992940902709961","0.0019948482513427734"
"477","86","102","30","True","True","86","102","30","True","True","86","102","30","True","True","0.0","0.0","11","11","11","44","44","44","[1, 1, 2, 3, 3, 2, 8, 8, 8, 8, 16, 16, 18, 18, 18, 18, 18, 18, 8, 8, 4, 41, 41, 37, 21, 21, 21, 21, 1, 1]","[1, 1, 2, 3, 3, 2, 8, 8, 8, 8, 16, 16, 18, 18, 18, 18, 18, 18, 8, 8, 4, 41, 41, 37, 21, 21, 21, 21, 1, 1]","[1, 1, 2, 3, 3, 2, 8, 8, 8, 8, 16, 16, 18, 18, 18, 18, 18, 18, 8, 8, 4, 41, 41, 37, 21, 21, 21, 21, 1, 1]","11","11","11","0.0010030269622802734","0.0021703243255615234"
"478","81","92","30","True","True","81","92","30","True","True","81","92","30","True","True","0.0","0.0","11","11","11","40","40","40","[1, 1, 1, 1, 2, 2, 1, 2, 3, 6, 6, 6, 6, 6, 6, 6, 17, 17, 9, 9, 6, 3, 3, 3, 10, 10, 1, 1, 1, 1]","[1, 1, 1, 1, 2, 2, 1, 2, 3, 6, 6, 6, 6, 6, 6, 6, 17, 17, 9, 9, 6, 3, 3, 3, 10, 10, 1, 1, 1, 1]","[1, 1, 1, 1, 2, 2, 1, 2, 3, 6, 6, 6, 6, 6, 6, 6, 17, 17, 9, 9, 6, 3, 3, 3, 10, 10, 1, 1, 1, 1]","11","11","11","0.001985788345336914","0.0019981861114501953"
"479","81","91","30","True","True","81","91","30","True","True","81","91","30","True","True","0.0","0.0","11","11","11","39","39","39","[1, 1, 1, 2, 2, 2, 2, 1, 1, 2, 5, 5, 1, 1, 1, 1, 1, 1, 3, 3, 4, 6, 6, 5, 5, 5, 9, 9, 3, 3]","[1, 1, 1, 2, 2, 2, 2, 1, 1, 2, 5, 5, 1, 1, 1, 1, 1, 1, 3, 3, 4, 6, 6, 5, 5, 5, 9, 9, 3, 3]","[1, 1, 1, 2, 2, 2, 2, 1, 1, 2, 5, 5, 1, 1, 1, 1, 1, 1, 3, 3, 4, 6, 6, 5, 5, 5, 9, 9, 3, 3]","11","11","11","0.003000974655151367","0.0019969940185546875"
"480","94","110","30","True","False","77","84","30","True","True","91","105","30","True","True","0.016269378840290116","0.10029639493058051","17","8","15","46","36","43","[1, 1, 2, 23, 2, 2, 2, 2, 2, 2, 4, 4, 35, 6, 14, 24, 24, 24, 18, 18, 42, 43, 43, 6, 4, 4, 4, 4, 4, 1]","[1, 1, 1, 1, 1, 1, 1, 1, 1, 1, 2, 2, 2, 2, 2, 2, 2, 3, 3, 7, 9, 9, 12, 12, 12, 12, 18, 21, 21, 21]","[1, 1, 1, 12, 1, 1, 1, 1, 1, 1, 2, 2, 18, 3, 7, 12, 12, 12, 9, 9, 21, 21, 21, 3, 2, 2, 2, 2, 2, 1]","17","8","15","17.085512161254883","0.7673139572143555"
"481","88","104","30","True","False","87","103","30","True","False","87","103","30","True","False","0.005074541257336529","0.005074541257336529","13","13","13","44","43","43","[1, 1, 1, 1, 1, 2, 2, 2, 3, 3, 3, 2, 1, 1, 1, 1, 1, 1, 6, 6, 18, 5, 10, 10, 10, 12, 12, 10, 10, 6]","[1, 1, 1, 1, 1, 2, 2, 2, 3, 3, 3, 2, 1, 1, 1, 1, 1, 1, 6, 6, 18, 5, 10, 10, 10, 12, 12, 10, 10, 6]","[1, 1, 1, 1, 1, 2, 2, 2, 3, 3, 3, 2, 1, 1, 1, 1, 1, 1, 6, 6, 18, 5, 10, 10, 10, 12, 12, 10, 10, 6]","13","13","13","0.2537109851837158","0.01931905746459961"
"482","94","110","30","True","False","72","78","30","True","True","92","108","30","True","False","0.005859614156405346","0.1269419781159059","17","6","16","46","35","45","[1, 1, 3, 3, 22, 8, 8, 4, 3, 3, 9, 13, 13, 13, 13, 13, 9, 3, 3, 6, 6, 14, 14, 9, 12, 12, 12, 9, 1, 1]","[1, 1, 1, 1, 1, 1, 1, 1, 1, 1, 1, 2, 2, 2, 2, 3, 3, 3, 3, 4, 4, 4, 4, 4, 4, 4, 4, 4, 4, 7]","[1, 1, 1, 1, 7, 2, 2, 1, 1, 1, 3, 4, 4, 4, 4, 4, 3, 1, 1, 2, 2, 4, 4, 3, 4, 4, 4, 3, 1, 1]","17","6","16","22.80215620994568","0.33229899406433105"
"483","88","104","30","True","False","87","104","30","True","False","87","104","30","True","False","0.0","0.0","13","13","13","44","44","44","[1, 1, 1, 1, 1, 1, 1, 1, 1, 1, 1, 1, 1, 1, 1, 1, 1, 2, 5, 10, 10, 10, 11, 11, 12, 35, 35, 35, 1, 1]","[1, 1, 1, 1, 1, 1, 1, 1, 1, 1, 1, 1, 1, 1, 1, 1, 1, 2, 5, 10, 10, 10, 10, 10, 11, 34, 34, 34, 1, 1]","[1, 1, 1, 1, 1, 1, 1, 1, 1, 1, 1, 1, 1, 1, 1, 1, 1, 2, 5, 10, 10, 10, 10, 10, 11, 34, 34, 34, 1, 1]","13","13","13","0.2693359851837158","0.020503997802734375"
"484","88","104","30","True","False","87","103","30","True","False","87","103","30","True","False","0.005074541257336529","0.005074541257336529","13","13","13","44","43","43","[1, 1, 1, 1, 1, 1, 1, 2, 2, 4, 4, 4, 8, 11, 11, 8, 7, 7, 7, 7, 14, 14, 36, 36, 59, 4, 3, 2, 1, 1]","[1, 1, 1, 1, 1, 1, 1, 2, 2, 4, 4, 4, 8, 11, 11, 8, 7, 7, 7, 7, 14, 14, 36, 36, 59, 4, 3, 2, 1, 1]","[1, 1, 1, 1, 1, 1, 1, 2, 2, 4, 4, 4, 8, 11, 11, 8, 7, 7, 7, 7, 14, 14, 36, 36, 59, 4, 3, 2, 1, 1]","13","13","13","0.2322235107421875","0.023152828216552734"
"485","94","110","30","True","False","76","82","31","True","True","85","93","31","True","False","0.0515277286599628","0.10900999971256542","17","5","9","46","34","38","[1, 10, 10, 1, 1, 1, 1, 2, 3, 3, 3, 5, 6, 6, 5, 3, 3, 1, 1, 1, 11, 11, 1, 2, 7, 19, 19, 19, 5, 5]","[1, 1, 1, 1, 1, 1, 1, 1, 1, 1, 1, 1, 2, 2, 2, 2, 2, 2, 2, 3, 3, 3, 3, 4, 6, 6, 7, 7, 10, 11, 11]","[1, 5, 5, 1, 1, 1, 1, 1, 2, 2, 2, 3, 3, 3, 3, 2, 2, 1, 1, 1, 6, 6, 1, 1, 2, 8, 8, 8, 1, 1, 1]","17","5","9","16.56335139274597","0.4117739200592041"
"486","94","110","30","True","False","78","86","30","False","True","86","95","31","True","True","0.04618558973220577","0.09599103377302787","17","6","10","46","35","39","[1, 1, 1, 1, 1, 1, 2, 3, 3, 5, 7, 7, 7, 17, 34, 24, 9, 9, 14, 19, 19, 19, 19, 20, 29, 29, 5, 2, 2, 2]","[1, 1, 1, 1, 1, 1, 2, 3, 3, 2, 2, 2, 2, 2, 2, 2, 2, 2, 2, 5, 7, 7, 7, 7, 9, 9, 12, 12, 11, 16]","[1, 1, 1, 1, 1, 1, 2, 3, 3, 2, 2, 2, 2, 6, 12, 8, 2, 2, 4, 6, 6, 6, 6, 6, 8, 8, 2, 2, 2, 2, 1]","17","7","10","1.7307608127593994","0.19067931175231934"
"487","94","110","30","True","False","85","96","30","True","True","87","98","30","True","True","0.03376488723791515","0.04612786672369196","17","10","11","46","39","40","[1, 1, 9, 1, 1, 1, 3, 4, 4, 5, 5, 4, 4, 5, 6, 6, 8, 10, 10, 4, 17, 2, 2, 5, 5, 2, 6, 6, 6, 6]","[1, 1, 1, 1, 1, 3, 4, 4, 4, 4, 4, 4, 8, 10, 10, 4, 2, 2, 5, 5, 2, 6, 6, 6, 6, 2, 2, 2, 4, 4]","[1, 1, 0, 1, 1, 1, 3, 4, 4, 4, 4, 4, 4, 0, 0, 0, 8, 10, 10, 4, 0, 2, 2, 5, 5, 2, 6, 6, 6, 6]","17","10","11","0.30971384048461914","0.08985376358032227"
"488","81","91","30","True","True","81","91","30","True","True","81","91","30","True","True","0.0","0.0","11","11","11","39","39","39","[1, 1, 1, 1, 1, 1, 1, 1, 2, 2, 2, 1, 1, 3, 4, 4, 5, 5, 6, 11, 13, 13, 16, 16, 11, 5, 9, 9, 4, 4]","[1, 1, 1, 1, 1, 1, 1, 1, 2, 2, 2, 1, 1, 3, 4, 4, 5, 5, 6, 11, 13, 13, 16, 16, 11, 5, 9, 9, 4, 4]","[1, 1, 1, 1, 1, 1, 1, 1, 2, 2, 2, 1, 1, 3, 4, 4, 5, 5, 6, 11, 13, 13, 16, 16, 11, 5, 9, 9, 4, 4]","11","11","11","0.002000570297241211","0.001001596450805664"
"489","94","110","30","True","False","76","85","30","False","True","84","92","31","True","True","0.052742056132662474","0.10418599078455182","17","4","8","46","36","38","[1, 1, 1, 1, 1, 2, 2, 2, 6, 1, 1, 1, 2, 2, 3, 5, 5, 9, 9, 8, 8, 2, 2, 1, 1, 9, 9, 1, 1, 1]","[1, 1, 1, 1, 1, 2, 2, 2, 1, 1, 1, 1, 1, 1, 1, 1, 2, 5, 5, 5, 6, 6, 6, 4, 4, 4, 7, 7, 7, 7]","[1, 1, 1, 1, 1, 2, 2, 2, 4, 1, 1, 1, 2, 2, 2, 2, 2, 6, 6, 4, 4, 2, 2, 1, 1, 6, 6, 1, 1, 1, 1]","17","5","8","0.6037933826446533","0.10795211791992188"
"490","88","104","30","True","False","87","103","30","True","False","87","103","30","True","False","0.004422141910903066","0.004422141910903066","13","13","13","44","43","43","[1, 1, 1, 1, 2, 2, 2, 3, 3, 3, 7, 25, 25, 7, 14, 14, 7, 9, 9, 9, 5, 14, 14, 10, 10, 10, 8, 8, 8, 1]","[1, 1, 1, 1, 2, 2, 2, 3, 3, 3, 7, 25, 25, 7, 14, 14, 7, 9, 9, 9, 5, 14, 14, 10, 10, 10, 8, 8, 8, 1]","[1, 1, 1, 1, 2, 2, 2, 3, 3, 3, 7, 25, 25, 7, 14, 14, 7, 9, 9, 9, 5, 14, 14, 10, 10, 10, 8, 8, 8, 1]","13","13","13","0.23544669151306152","0.01999831199645996"
"491","81","92","30","True","True","81","92","30","True","True","81","92","30","True","True","0.0","0.0","11","11","11","40","40","40","[1, 1, 1, 1, 1, 1, 1, 1, 1, 2, 2, 5, 5, 2, 2, 4, 4, 3, 11, 11, 11, 7, 12, 12, 7, 7, 8, 8, 1, 1]","[1, 1, 1, 1, 1, 1, 1, 1, 1, 2, 2, 5, 5, 2, 2, 4, 4, 3, 11, 11, 11, 7, 12, 12, 7, 7, 8, 8, 1, 1]","[1, 1, 1, 1, 1, 1, 1, 1, 1, 2, 2, 5, 5, 2, 2, 4, 4, 3, 11, 11, 11, 7, 12, 12, 7, 7, 8, 8, 1, 1]","11","11","11","0.002002239227294922","0.0019965171813964844"
"492","81","92","30","True","True","81","92","30","True","True","81","92","30","True","True","0.0","0.0","11","11","11","40","40","40","[1, 1, 1, 1, 1, 3, 3, 1, 2, 2, 1, 2, 2, 1, 1, 1, 1, 1, 4, 4, 5, 5, 5, 2, 2, 6, 6, 6, 1, 1]","[1, 1, 1, 1, 1, 3, 3, 1, 2, 2, 1, 2, 2, 1, 1, 1, 1, 1, 4, 4, 5, 5, 5, 2, 2, 6, 6, 6, 1, 1]","[1, 1, 1, 1, 1, 3, 3, 1, 2, 2, 1, 2, 2, 1, 1, 1, 1, 1, 4, 4, 5, 5, 5, 2, 2, 6, 6, 6, 1, 1]","11","11","11","0.001996755599975586","0.0019991397857666016"
"493","88","104","30","True","False","87","103","30","True","False","87","103","30","True","False","0.004422141910903066","0.004422141910903066","13","13","13","44","43","43","[1, 1, 1, 1, 2, 2, 1, 1, 3, 3, 6, 7, 8, 8, 8, 9, 12, 19, 19, 19, 6, 12, 12, 4, 1, 1, 2, 2, 2, 7]","[1, 1, 1, 1, 2, 2, 1, 1, 3, 3, 6, 7, 8, 8, 8, 9, 12, 19, 19, 19, 6, 12, 12, 4, 1, 1, 2, 2, 2, 7]","[1, 1, 1, 1, 2, 2, 1, 1, 3, 3, 6, 7, 8, 8, 8, 9, 12, 19, 19, 19, 6, 12, 12, 4, 1, 1, 2, 2, 2, 7]","13","13","13","0.2900395393371582","0.02328038215637207"
"494","81","92","30","True","True","81","92","30","True","True","81","92","30","True","True","0.0","0.0","11","11","11","40","40","40","[1, 1, 1, 2, 2, 2, 2, 1, 1, 1, 1, 1, 1, 1, 3, 3, 3, 3, 3, 3, 1, 2, 2, 5, 6, 6, 5, 4, 4, 3]","[1, 1, 1, 2, 2, 2, 2, 1, 1, 1, 1, 1, 1, 1, 3, 3, 3, 3, 3, 3, 1, 2, 2, 5, 6, 6, 5, 4, 4, 3]","[1, 1, 1, 2, 2, 2, 2, 1, 1, 1, 1, 1, 1, 1, 3, 3, 3, 3, 3, 3, 1, 2, 2, 5, 6, 6, 5, 4, 4, 3]","11","11","11","0.001993417739868164","0.0019981861114501953"
"495","88","104","30","True","False","87","103","30","True","False","87","103","30","True","False","0.005074541257336529","0.005074541257336529","13","13","13","44","43","43","[1, 1, 1, 1, 1, 1, 1, 1, 2, 3, 3, 2, 2, 3, 5, 5, 1, 1, 3, 3, 3, 10, 4, 4, 4, 1, 3, 5, 5, 5]","[1, 1, 1, 1, 1, 1, 1, 1, 2, 3, 3, 2, 2, 3, 5, 5, 1, 1, 3, 3, 3, 10, 4, 4, 4, 1, 3, 5, 5, 5]","[1, 1, 1, 1, 1, 1, 1, 1, 2, 3, 3, 2, 2, 3, 5, 5, 1, 1, 3, 3, 3, 10, 4, 4, 4, 1, 3, 5, 5, 5]","13","13","13","0.25452423095703125","0.019600391387939453"
"496","81","92","30","True","True","81","92","30","True","True","81","92","30","True","True","0.0","0.0","11","11","11","40","40","40","[1, 1, 1, 2, 2, 2, 2, 2, 2, 2, 3, 6, 6, 6, 2, 2, 1, 1, 1, 2, 2, 1, 4, 7, 12, 12, 12, 12, 7, 7]","[1, 1, 1, 2, 2, 2, 2, 2, 2, 2, 3, 6, 6, 6, 2, 2, 1, 1, 1, 2, 2, 1, 4, 7, 12, 12, 12, 12, 7, 7]","[1, 1, 1, 2, 2, 2, 2, 2, 2, 2, 3, 6, 6, 6, 2, 2, 1, 1, 1, 2, 2, 1, 4, 7, 12, 12, 12, 12, 7, 7]","11","11","11","0.002000570297241211","0.0010042190551757812"
"497","94","110","30","True","False","77","84","30","True","True","89","101","30","True","False","0.027140676395411623","0.10199815999486572","17","7","13","46","34","41","[1, 1, 1, 2, 4, 4, 1, 1, 1, 1, 1, 1, 3, 3, 4, 4, 4, 4, 21, 4, 15, 15, 33, 33, 15, 15, 1, 1, 1, 1]","[0, 0, 0, 0, 0, 0, 0, 0, 1, 1, 1, 1, 1, 2, 2, 2, 3, 3, 3, 3, 3, 4, 4, 11, 11, 11, 11, 15, 23, 23]","[1, 1, 1, 2, 4, 4, 1, 1, 1, 1, 1, 1, 2, 2, 3, 3, 3, 3, 15, 3, 11, 11, 23, 23, 11, 11, 1, 1, 1, 1]","17","7","13","46.16342735290527","0.3828694820404053"
"498","86","102","30","True","True","86","102","30","True","True","86","102","30","True","True","0.0","0.0","11","11","11","44","44","44","[1, 1, 1, 1, 1, 2, 2, 2, 2, 1, 1, 2, 2, 2, 2, 2, 4, 6, 6, 8, 8, 6, 6, 13, 25, 25, 8, 4, 4, 2]","[1, 1, 1, 1, 1, 2, 2, 2, 2, 1, 1, 2, 2, 2, 2, 2, 4, 6, 6, 8, 8, 6, 6, 13, 25, 25, 8, 4, 4, 2]","[1, 1, 1, 1, 1, 2, 2, 2, 2, 1, 1, 2, 2, 2, 2, 2, 4, 6, 6, 8, 8, 6, 6, 13, 25, 25, 8, 4, 4, 2]","11","11","11","0.002000570297241211","0.00099945068359375"
"499","88","104","30","True","False","87","104","30","True","False","87","104","30","True","False","0.0","0.0","13","13","13","44","44","44","[1, 1, 1, 1, 1, 1, 1, 50, 50, 2, 2, 3, 11, 11, 11, 12, 20, 20, 14, 14, 14, 6, 5, 7, 7, 2, 2, 1, 1, 1]","[1, 1, 1, 1, 1, 1, 1, 42, 42, 2, 2, 2, 9, 9, 9, 10, 17, 17, 12, 12, 12, 5, 4, 6, 6, 2, 2, 1, 1, 1]","[1, 1, 1, 1, 1, 1, 1, 42, 42, 2, 2, 2, 9, 9, 9, 10, 17, 17, 12, 12, 12, 5, 4, 6, 6, 2, 2, 1, 1, 1]","13","13","13","0.2392427921295166","0.020993709564208984"
"500","95","107","35","True","True","95","107","35","True","True","95","107","35","True","True","0.0","0.0","13","13","13","46","46","46","[1, 1, 1, 1, 1, 1, 1, 1, 2, 2, 2, 2, 6, 6, 2, 2, 4, 4, 2, 2, 4, 5, 5, 10, 12, 12, 5, 4, 4, 4, 15, 15, 15, 15, 15]","[1, 1, 1, 1, 1, 1, 1, 1, 2, 2, 2, 2, 6, 6, 2, 2, 4, 4, 2, 2, 4, 5, 5, 10, 12, 12, 5, 4, 4, 4, 15, 15, 15, 15, 15]","[1, 1, 1, 1, 1, 1, 1, 1, 2, 2, 2, 2, 6, 6, 2, 2, 4, 4, 2, 2, 4, 5, 5, 10, 12, 12, 5, 4, 4, 4, 15, 15, 15, 15, 15]","13","13","13","0.002000093460083008","0.0009999275207519531"
"501","95","107","35","True","True","95","107","35","True","True","95","107","35","True","True","0.0","0.0","13","13","13","46","46","46","[1, 2, 2, 3, 3, 2, 2, 2, 2, 2, 2, 2, 3, 3, 3, 3, 3, 2, 1, 6, 6, 6, 6, 3, 3, 3, 1, 8, 13, 15, 15, 15, 8, 3, 3]","[1, 2, 2, 3, 3, 2, 2, 2, 2, 2, 2, 2, 3, 3, 3, 3, 3, 2, 1, 6, 6, 6, 6, 3, 3, 3, 1, 8, 13, 15, 15, 15, 8, 3, 3]","[1, 2, 2, 3, 3, 2, 2, 2, 2, 2, 2, 2, 3, 3, 3, 3, 3, 2, 1, 6, 6, 6, 6, 3, 3, 3, 1, 8, 13, 15, 15, 15, 8, 3, 3]","13","13","13","0.0019998550415039062","0.0009999275207519531"
"502","95","107","35","True","True","95","107","35","True","True","95","107","35","True","True","0.0","0.0","13","13","13","46","46","46","[1, 1, 1, 1, 1, 2, 2, 2, 5, 5, 4, 4, 4, 4, 4, 4, 2, 2, 2, 6, 6, 10, 16, 16, 16, 21, 28, 28, 3, 2, 1, 1, 1, 1, 1]","[1, 1, 1, 1, 1, 2, 2, 2, 5, 5, 4, 4, 4, 4, 4, 4, 2, 2, 2, 6, 6, 10, 16, 16, 16, 21, 28, 28, 3, 2, 1, 1, 1, 1, 1]","[1, 1, 1, 1, 1, 2, 2, 2, 5, 5, 4, 4, 4, 4, 4, 4, 2, 2, 2, 6, 6, 10, 16, 16, 16, 21, 28, 28, 3, 2, 1, 1, 1, 1, 1]","13","13","13","0.0019996166229248047","0.0020008087158203125"
"503","108","126","35","True","False","87","93","35","True","True","97","106","35","True","True","0.05428485766312785","0.10926152918019838","19","5","10","53","38","43","[1, 1, 1, 1, 1, 1, 2, 2, 2, 2, 2, 2, 1, 1, 1, 1, 1, 1, 2, 4, 5, 5, 12, 13, 13, 14, 14, 30, 30, 16, 16, 7, 16, 7, 7]","[1, 1, 1, 1, 1, 1, 1, 1, 1, 1, 2, 1, 2, 2, 2, 2, 3, 3, 3, 3, 3, 3, 2, 2, 2, 4, 4, 4, 4, 4, 4, 5, 5, 9, 9]","[1, 1, 1, 1, 1, 1, 1, 1, 1, 1, 1, 1, 1, 1, 1, 1, 1, 1, 2, 1, 1, 1, 4, 4, 4, 4, 4, 9, 9, 5, 5, 2, 4, 2, 2]","19","5","10","1.1470580101013184","0.27991580963134766"
"504","102","120","35","True","False","101","120","35","True","False","101","120","35","True","False","0.0","0.0","15","15","15","51","51","51","[1, 2, 2, 2, 2, 3, 3, 3, 3, 3, 3, 3, 3, 7, 7, 2, 2, 4, 4, 2, 4, 9, 13, 13, 13, 9, 4, 6, 6, 14, 14, 14, 24, 14, 14]","[1, 1, 1, 1, 1, 1, 1, 1, 1, 1, 1, 1, 1, 3, 3, 1, 1, 2, 2, 1, 2, 4, 6, 6, 6, 4, 2, 3, 3, 7, 7, 7, 11, 7, 7]","[1, 1, 1, 1, 1, 1, 1, 1, 1, 1, 1, 1, 1, 3, 3, 1, 1, 2, 2, 1, 2, 4, 6, 6, 6, 4, 2, 3, 3, 7, 7, 7, 11, 7, 7]","15","15","15","0.2636086940765381","0.020566940307617188"
"505","95","108","35","True","True","95","108","35","True","True","95","108","35","True","True","0.0","0.0","13","13","13","47","47","47","[1, 1, 2, 3, 3, 1, 1, 3, 3, 2, 2, 2, 2, 6, 6, 6, 6, 5, 2, 2, 2, 7, 13, 13, 13, 13, 5, 5, 11, 11, 5, 5, 5, 5, 5]","[1, 1, 2, 3, 3, 1, 1, 3, 3, 2, 2, 2, 2, 6, 6, 6, 6, 5, 2, 2, 2, 7, 13, 13, 13, 13, 5, 5, 11, 11, 5, 5, 5, 5, 5]","[1, 1, 2, 3, 3, 1, 1, 3, 3, 2, 2, 2, 2, 6, 6, 6, 6, 5, 2, 2, 2, 7, 13, 13, 13, 13, 5, 5, 11, 11, 5, 5, 5, 5, 5]","13","13","13","0.007980823516845703","0.003998756408691406"
"506","102","120","35","True","False","101","119","35","True","False","101","119","35","True","False","0.004391355390180762","0.004391355390180762","15","15","15","51","50","50","[1, 1, 1, 1, 1, 2, 2, 13, 2, 2, 2, 2, 2, 2, 4, 6, 7, 7, 7, 7, 4, 8, 16, 18, 20, 28, 28, 17, 1, 1, 1, 1, 1, 1, 1]","[1, 1, 1, 1, 1, 2, 2, 13, 2, 2, 2, 2, 2, 2, 4, 6, 7, 7, 7, 7, 4, 8, 16, 18, 20, 28, 28, 17, 1, 1, 1, 1, 1, 1, 1]","[1, 1, 1, 1, 1, 2, 2, 13, 2, 2, 2, 2, 2, 2, 4, 6, 7, 7, 7, 7, 4, 8, 16, 18, 20, 28, 28, 17, 1, 1, 1, 1, 1, 1, 1]","15","15","15","0.23896074295043945","0.024435758590698242"
"507","108","126","35","True","False","89","98","35","True","True","94","100","36","True","True","0.07231978020925667","0.09912585881734393","19","5","6","53","40","42","[1, 1, 1, 1, 1, 1, 1, 1, 1, 1, 3, 3, 22, 22, 3, 3, 3, 3, 3, 3, 3, 3, 7, 7, 8, 8, 7, 7, 16, 16, 14, 14, 34, 1, 1]","[1, 1, 1, 1, 1, 1, 1, 1, 1, 1, 3, 1, 1, 3, 3, 3, 4, 4, 5, 5, 6, 6, 6, 6, 6, 6, 6, 6, 6, 6, 7, 7, 17, 17, 17]","[1, 1, 1, 1, 1, 1, 1, 1, 1, 1, 3, 3, 9, 9, 3, 3, 3, 3, 3, 3, 3, 3, 3, 3, 3, 3, 3, 3, 3, 3, 3, 3, 9, 1, 1, 3]","19","5","6","1.4974157810211182","0.2295212745666504"
"508","95","108","35","True","True","95","108","35","True","True","95","108","35","True","True","0.0","0.0","13","13","13","47","47","47","[1, 1, 1, 1, 1, 1, 1, 1, 2, 3, 3, 3, 2, 3, 4, 4, 2, 3, 3, 3, 3, 3, 3, 3, 3, 8, 8, 4, 4, 5, 8, 11, 11, 11, 2]","[1, 1, 1, 1, 1, 1, 1, 1, 2, 3, 3, 3, 2, 3, 4, 4, 2, 3, 3, 3, 3, 3, 3, 3, 3, 8, 8, 4, 4, 5, 8, 11, 11, 11, 2]","[1, 1, 1, 1, 1, 1, 1, 1, 2, 3, 3, 3, 2, 3, 4, 4, 2, 3, 3, 3, 3, 3, 3, 3, 3, 8, 8, 4, 4, 5, 8, 11, 11, 11, 2]","13","13","13","0.0019989013671875","0.003001689910888672"
"509","108","126","35","True","False","95","103","35","True","True","97","105","35","True","True","0.05441505644709743","0.06664618668189215","19","8","9","53","40","42","[1, 1, 1, 1, 2, 2, 9, 2, 2, 2, 2, 2, 5, 5, 5, 3, 3, 3, 3, 3, 3, 4, 10, 12, 17, 47, 47, 19, 21, 21, 21, 21, 7, 3, 1]","[0, 0, 0, 0, 0, 0, 0, 0, 0, 0, 0, 0, 0, 0, 0, 0, 0, 0, 0, 1, 1, 1, 1, 1, 1, 1, 2, 2, 2, 2, 2, 2, 2, 5, 5]","[1, 1, 1, 1, 2, 2, 6, 2, 2, 2, 2, 2, 5, 5, 5, 3, 3, 3, 3, 3, 3, 4, 3, 3, 6, 15, 15, 6, 6, 6, 6, 6, 3, 3, 1]","19","8","9","0.6358497142791748","0.18865394592285156"
"510","108","126","35","True","False","84","91","36","True","True","97","106","35","True","True","0.05093680251943156","0.12249242375574354","19","5","7","53","38","45","[1, 1, 1, 1, 1, 2, 3, 3, 4, 4, 1, 1, 1, 9, 18, 18, 9, 1, 2, 6, 6, 5, 5, 5, 5, 5, 3, 3, 3, 5, 5, 10, 3, 3, 1]","[0, 0, 0, 0, 0, 2, 2, 2, 2, 2, 2, 2, 2, 2, 2, 2, 2, 2, 2, 2, 2, 2, 2, 4, 4, 4, 4, 4, 4, 6, 6, 12, 12, 12, 24, 24]","[1, 1, 1, 1, 1, 2, 2, 2, 2, 2, 1, 1, 1, 4, 8, 8, 4, 1, 1, 3, 3, 2, 2, 2, 2, 2, 2, 2, 2, 4, 4, 6, 2, 2, 1]","19","5","7","4.3802170753479","0.4897468090057373"
"511","108","126","35","True","False","98","109","35","True","True","102","115","35","True","False","0.028821425997002104","0.049312978560118514","19","11","13","53","46","48","[1, 1, 1, 1, 2, 2, 3, 4, 7, 7, 7, 14, 14, 14, 14, 4, 2, 26, 27, 27, 26, 4, 10, 10, 7, 7, 14, 40, 3, 10, 10, 10, 1, 1, 1]","[1, 1, 1, 1, 2, 2, 3, 4, 4, 2, 4, 10, 10, 7, 7, 3, 1, 1, 1, 7, 7, 7, 7, 7, 7, 7, 14, 14, 14, 14, 21, 21, 21, 21, 28]","[1, 1, 1, 1, 2, 2, 3, 4, 7, 7, 7, 14, 14, 14, 14, 4, 2, 21, 21, 21, 21, 4, 10, 10, 7, 7, 7, 28, 3, 7, 7, 7, 1, 1, 1]","19","11","13","7.518269777297974","0.17309331893920898"
"512","95","108","35","True","True","95","108","35","True","True","95","108","35","True","True","0.0","0.0","13","13","13","47","47","47","[1, 1, 1, 1, 2, 2, 2, 4, 4, 4, 4, 2, 2, 2, 2, 2, 2, 2, 3, 3, 4, 4, 4, 8, 11, 11, 4, 10, 10, 6, 6, 8, 8, 8, 1]","[1, 1, 1, 1, 2, 2, 2, 4, 4, 4, 4, 2, 2, 2, 2, 2, 2, 2, 3, 3, 4, 4, 4, 8, 11, 11, 4, 10, 10, 6, 6, 8, 8, 8, 1]","[1, 1, 1, 1, 2, 2, 2, 4, 4, 4, 4, 2, 2, 2, 2, 2, 2, 2, 3, 3, 4, 4, 4, 8, 11, 11, 4, 10, 10, 6, 6, 8, 8, 8, 1]","13","13","13","0.001107931137084961","0.0020062923431396484"
"513","95","108","35","True","True","95","108","35","True","True","95","108","35","True","True","0.0","0.0","13","13","13","47","47","47","[1, 1, 1, 1, 1, 1, 1, 1, 1, 1, 2, 2, 2, 3, 4, 4, 4, 4, 4, 4, 4, 4, 4, 13, 26, 26, 9, 9, 2, 2, 2, 2, 2, 2, 1]","[1, 1, 1, 1, 1, 1, 1, 1, 1, 1, 2, 2, 2, 3, 4, 4, 4, 4, 4, 4, 4, 4, 4, 13, 26, 26, 9, 9, 2, 2, 2, 2, 2, 2, 1]","[1, 1, 1, 1, 1, 1, 1, 1, 1, 1, 2, 2, 2, 3, 4, 4, 4, 4, 4, 4, 4, 4, 4, 13, 26, 26, 9, 9, 2, 2, 2, 2, 2, 2, 1]","13","13","13","0.0009965896606445312","0.0019989013671875"
"514","95","107","35","True","True","95","107","35","True","True","95","107","35","True","True","0.0","0.0","13","13","13","46","46","46","[1, 1, 1, 1, 1, 3, 3, 3, 3, 6, 6, 6, 3, 3, 3, 6, 6, 6, 6, 6, 6, 6, 3, 2, 14, 14, 1, 3, 10, 10, 10, 9, 9, 3, 1]","[1, 1, 1, 1, 1, 3, 3, 3, 3, 6, 6, 6, 3, 3, 3, 6, 6, 6, 6, 6, 6, 6, 3, 2, 14, 14, 1, 3, 10, 10, 10, 9, 9, 3, 1]","[1, 1, 1, 1, 1, 3, 3, 3, 3, 6, 6, 6, 3, 3, 3, 6, 6, 6, 6, 6, 6, 6, 3, 2, 14, 14, 1, 3, 10, 10, 10, 9, 9, 3, 1]","13","13","13","0.001991748809814453","0.0020112991333007812"
"515","102","120","35","True","False","101","119","35","True","False","101","119","35","True","False","0.003826957749403004","0.003826957749403004","15","15","15","51","50","50","[1, 1, 1, 1, 1, 1, 1, 1, 1, 2, 2, 2, 2, 2, 1, 3, 22, 22, 4, 4, 4, 4, 8, 8, 3, 7, 9, 9, 7, 2, 1, 1, 1, 1, 1]","[1, 1, 1, 1, 1, 1, 1, 1, 1, 2, 2, 2, 2, 2, 1, 3, 22, 22, 4, 4, 4, 4, 8, 8, 3, 7, 9, 9, 7, 2, 1, 1, 1, 1, 1]","[1, 1, 1, 1, 1, 1, 1, 1, 1, 2, 2, 2, 2, 2, 1, 3, 22, 22, 4, 4, 4, 4, 8, 8, 3, 7, 9, 9, 7, 2, 1, 1, 1, 1, 1]","15","15","15","0.28336429595947266","0.021409034729003906"
"516","95","108","35","True","True","95","108","35","True","True","95","108","35","True","True","0.0","0.0","13","13","13","47","47","47","[1, 1, 1, 1, 1, 2, 2, 2, 2, 2, 1, 1, 1, 1, 1, 2, 4, 4, 3, 3, 3, 3, 4, 9, 9, 17, 17, 8, 8, 9, 9, 9, 8, 8, 4]","[1, 1, 1, 1, 1, 2, 2, 2, 2, 2, 1, 1, 1, 1, 1, 2, 4, 4, 3, 3, 3, 3, 4, 9, 9, 17, 17, 8, 8, 9, 9, 9, 8, 8, 4]","[1, 1, 1, 1, 1, 2, 2, 2, 2, 2, 1, 1, 1, 1, 1, 2, 4, 4, 3, 3, 3, 3, 4, 9, 9, 17, 17, 8, 8, 9, 9, 9, 8, 8, 4]","13","13","13","0.0029861927032470703","0.001999378204345703"
"517","102","120","35","True","False","101","120","35","True","False","101","120","35","True","False","0.0","0.0","15","15","15","51","51","51","[1, 1, 1, 1, 1, 1, 1, 13, 2, 2, 2, 2, 3, 5, 5, 5, 5, 3, 3, 9, 9, 9, 9, 9, 10, 10, 9, 9, 3, 3, 1, 5, 5, 5, 1]","[1, 1, 1, 1, 1, 1, 1, 13, 2, 2, 2, 2, 3, 5, 5, 5, 5, 3, 3, 9, 9, 9, 9, 9, 9, 9, 9, 9, 3, 3, 1, 5, 5, 5, 1]","[1, 1, 1, 1, 1, 1, 1, 13, 2, 2, 2, 2, 3, 5, 5, 5, 5, 3, 3, 9, 9, 9, 9, 9, 9, 9, 9, 9, 3, 3, 1, 5, 5, 5, 1]","15","15","15","0.24537253379821777","0.023932933807373047"
"518","100","118","35","True","True","100","118","35","True","True","100","118","35","True","True","0.0","0.0","13","13","13","51","51","51","[1, 1, 1, 1, 1, 1, 1, 1, 1, 1, 1, 1, 3, 3, 3, 3, 3, 3, 3, 3, 3, 3, 6, 6, 6, 3, 9, 15, 15, 21, 22, 41, 41, 41, 23]","[1, 1, 1, 1, 1, 1, 1, 1, 1, 1, 1, 1, 3, 3, 3, 3, 3, 3, 3, 3, 3, 3, 6, 6, 6, 3, 9, 15, 15, 21, 22, 41, 41, 41, 23]","[1, 1, 1, 1, 1, 1, 1, 1, 1, 1, 1, 1, 3, 3, 3, 3, 3, 3, 3, 3, 3, 3, 6, 6, 6, 3, 9, 15, 15, 21, 22, 41, 41, 41, 23]","13","13","13","0.001997232437133789","0.0020830631256103516"
"519","95","108","35","True","True","95","108","35","True","True","95","108","35","True","True","0.0","0.0","13","13","13","47","47","47","[1, 1, 2, 2, 2, 2, 3, 5, 5, 4, 4, 4, 4, 5, 5, 5, 12, 12, 17, 17, 8, 7, 7, 7, 5, 5, 5, 5, 5, 4, 4, 4, 4, 4, 1]","[1, 1, 2, 2, 2, 2, 3, 5, 5, 4, 4, 4, 4, 5, 5, 5, 12, 12, 17, 17, 8, 7, 7, 7, 5, 5, 5, 5, 5, 4, 4, 4, 4, 4, 1]","[1, 1, 2, 2, 2, 2, 3, 5, 5, 4, 4, 4, 4, 5, 5, 5, 12, 12, 17, 17, 8, 7, 7, 7, 5, 5, 5, 5, 5, 4, 4, 4, 4, 4, 1]","13","13","13","0.0020055770874023438","0.0020020008087158203"
"520","95","108","35","True","True","95","108","35","True","True","95","108","35","True","True","0.0","0.0","13","13","13","47","47","47","[1, 1, 1, 1, 1, 1, 1, 2, 3, 3, 2, 1, 1, 1, 1, 3, 4, 5, 5, 1, 4, 7, 7, 1, 2, 2, 2, 2, 2, 2, 3, 3, 2, 2, 1]","[1, 1, 1, 1, 1, 1, 1, 2, 3, 3, 2, 1, 1, 1, 1, 3, 4, 5, 5, 1, 4, 7, 7, 1, 2, 2, 2, 2, 2, 2, 3, 3, 2, 2, 1]","[1, 1, 1, 1, 1, 1, 1, 2, 3, 3, 2, 1, 1, 1, 1, 3, 4, 5, 5, 1, 4, 7, 7, 1, 2, 2, 2, 2, 2, 2, 3, 3, 2, 2, 1]","13","13","13","0.002006053924560547","0.001993417739868164"
"521","102","120","35","True","False","101","119","35","True","False","101","119","35","True","False","0.003826957749403004","0.003826957749403004","15","15","15","51","50","50","[1, 1, 1, 1, 1, 1, 2, 2, 2, 2, 2, 1, 1, 1, 1, 8, 2, 1, 4, 4, 5, 5, 5, 7, 12, 12, 1, 1, 2, 6, 6, 5, 5, 2, 1]","[1, 1, 1, 1, 1, 1, 2, 2, 2, 2, 2, 1, 1, 1, 1, 8, 2, 1, 4, 4, 5, 5, 5, 7, 12, 12, 1, 1, 2, 6, 6, 5, 5, 2, 1]","[1, 1, 1, 1, 1, 1, 2, 2, 2, 2, 2, 1, 1, 1, 1, 8, 2, 1, 4, 4, 5, 5, 5, 7, 12, 12, 1, 1, 2, 6, 6, 5, 5, 2, 1]","15","15","15","0.26244330406188965","0.018345117568969727"
"522","95","107","35","True","True","95","107","35","True","True","95","107","35","True","True","0.0","0.0","13","13","13","46","46","46","[1, 1, 1, 1, 1, 1, 2, 2, 1, 1, 1, 2, 2, 3, 5, 5, 5, 3, 6, 6, 5, 5, 5, 5, 5, 2, 5, 5, 2, 2, 3, 3, 1, 1, 1]","[1, 1, 1, 1, 1, 1, 2, 2, 1, 1, 1, 2, 2, 3, 5, 5, 5, 3, 6, 6, 5, 5, 5, 5, 5, 2, 5, 5, 2, 2, 3, 3, 1, 1, 1]","[1, 1, 1, 1, 1, 1, 2, 2, 1, 1, 1, 2, 2, 3, 5, 5, 5, 3, 6, 6, 5, 5, 5, 5, 5, 2, 5, 5, 2, 2, 3, 3, 1, 1, 1]","13","13","13","0.002122163772583008","0.0009968280792236328"
"523","95","108","35","True","True","95","108","35","True","True","95","108","35","True","True","0.0","0.0","13","13","13","47","47","47","[1, 1, 1, 2, 2, 6, 12, 12, 12, 12, 12, 6, 6, 7, 7, 9, 9, 7, 6, 6, 6, 2, 2, 2, 21, 21, 9, 7, 13, 13, 7, 1, 1, 1, 1]","[1, 1, 1, 2, 2, 6, 12, 12, 12, 12, 12, 6, 6, 7, 7, 9, 9, 7, 6, 6, 6, 2, 2, 2, 21, 21, 9, 7, 13, 13, 7, 1, 1, 1, 1]","[1, 1, 1, 2, 2, 6, 12, 12, 12, 12, 12, 6, 6, 7, 7, 9, 9, 7, 6, 6, 6, 2, 2, 2, 21, 21, 9, 7, 13, 13, 7, 1, 1, 1, 1]","13","13","13","0.001909494400024414","0.0009999275207519531"
"524","95","108","35","True","True","95","108","35","True","True","95","108","35","True","True","0.0","0.0","13","13","13","47","47","47","[1, 1, 1, 1, 1, 1, 2, 4, 4, 4, 4, 4, 4, 1, 1, 1, 1, 1, 2, 5, 10, 10, 10, 10, 10, 10, 1, 11, 16, 16, 11, 2, 2, 2, 1]","[1, 1, 1, 1, 1, 1, 2, 4, 4, 4, 4, 4, 4, 1, 1, 1, 1, 1, 2, 5, 10, 10, 10, 10, 10, 10, 1, 11, 16, 16, 11, 2, 2, 2, 1]","[1, 1, 1, 1, 1, 1, 2, 4, 4, 4, 4, 4, 4, 1, 1, 1, 1, 1, 2, 5, 10, 10, 10, 10, 10, 10, 1, 11, 16, 16, 11, 2, 2, 2, 1]","13","13","13","0.0010004043579101562","0.0020008087158203125"
"525","95","107","35","True","True","95","107","35","True","True","95","107","35","True","True","0.0","0.0","13","13","13","46","46","46","[1, 1, 1, 1, 1, 1, 1, 1, 1, 1, 3, 3, 3, 3, 3, 3, 5, 5, 4, 9, 9, 27, 27, 23, 29, 29, 29, 23, 4, 4, 4, 1, 1, 1, 1]","[1, 1, 1, 1, 1, 1, 1, 1, 1, 1, 3, 3, 3, 3, 3, 3, 5, 5, 4, 9, 9, 27, 27, 23, 29, 29, 29, 23, 4, 4, 4, 1, 1, 1, 1]","[1, 1, 1, 1, 1, 1, 1, 1, 1, 1, 3, 3, 3, 3, 3, 3, 5, 5, 4, 9, 9, 27, 27, 23, 29, 29, 29, 23, 4, 4, 4, 1, 1, 1, 1]","13","13","13","0.002068042755126953","0.0009982585906982422"
"526","95","108","35","True","True","95","108","35","True","True","95","108","35","True","True","0.0","0.0","13","13","13","47","47","47","[1, 1, 1, 2, 2, 2, 4, 4, 4, 4, 4, 4, 2, 4, 4, 2, 4, 4, 4, 4, 4, 4, 12, 12, 2, 6, 6, 1, 5, 5, 2, 2, 3, 3, 3]","[1, 1, 1, 2, 2, 2, 4, 4, 4, 4, 4, 4, 2, 4, 4, 2, 4, 4, 4, 4, 4, 4, 12, 12, 2, 6, 6, 1, 5, 5, 2, 2, 3, 3, 3]","[1, 1, 1, 2, 2, 2, 4, 4, 4, 4, 4, 4, 2, 4, 4, 2, 4, 4, 4, 4, 4, 4, 12, 12, 2, 6, 6, 1, 5, 5, 2, 2, 3, 3, 3]","13","13","13","0.0009992122650146484","0.0022792816162109375"
"527","102","120","35","True","False","101","119","35","True","False","101","119","35","True","False","0.003826957749403004","0.003826957749403004","15","15","15","51","50","50","[1, 1, 1, 1, 1, 10, 10, 1, 3, 3, 3, 3, 7, 8, 8, 8, 7, 7, 7, 10, 10, 10, 10, 4, 7, 7, 4, 1, 1, 2, 10, 10, 10, 10, 10]","[1, 1, 1, 1, 1, 10, 10, 1, 3, 3, 3, 3, 7, 8, 8, 8, 7, 7, 7, 10, 10, 10, 10, 4, 7, 7, 4, 1, 1, 2, 10, 10, 10, 10, 10]","[1, 1, 1, 1, 1, 10, 10, 1, 3, 3, 3, 3, 7, 8, 8, 8, 7, 7, 7, 10, 10, 10, 10, 4, 7, 7, 4, 1, 1, 2, 10, 10, 10, 10, 10]","15","15","15","0.23737335205078125","0.018175840377807617"
"528","95","108","35","True","True","95","108","35","True","True","95","108","35","True","True","0.0","0.0","13","13","13","47","47","47","[1, 1, 1, 2, 3, 3, 2, 2, 1, 2, 2, 4, 5, 5, 5, 5, 5, 5, 5, 18, 26, 26, 26, 26, 9, 2, 2, 2, 1, 1, 1, 1, 1, 1, 1]","[1, 1, 1, 2, 3, 3, 2, 2, 1, 2, 2, 4, 5, 5, 5, 5, 5, 5, 5, 18, 26, 26, 26, 26, 9, 2, 2, 2, 1, 1, 1, 1, 1, 1, 1]","[1, 1, 1, 2, 3, 3, 2, 2, 1, 2, 2, 4, 5, 5, 5, 5, 5, 5, 5, 18, 26, 26, 26, 26, 9, 2, 2, 2, 1, 1, 1, 1, 1, 1, 1]","13","13","13","0.0009999275207519531","0.0019998550415039062"
"529","95","108","35","True","True","95","108","35","True","True","95","108","35","True","True","0.0","0.0","13","13","13","47","47","47","[1, 1, 1, 1, 1, 3, 3, 3, 3, 2, 2, 2, 2, 3, 3, 3, 3, 3, 3, 3, 4, 8, 12, 12, 8, 8, 6, 6, 6, 8, 8, 8, 8, 1, 1]","[1, 1, 1, 1, 1, 3, 3, 3, 3, 2, 2, 2, 2, 3, 3, 3, 3, 3, 3, 3, 4, 8, 12, 12, 8, 8, 6, 6, 6, 8, 8, 8, 8, 1, 1]","[1, 1, 1, 1, 1, 3, 3, 3, 3, 2, 2, 2, 2, 3, 3, 3, 3, 3, 3, 3, 4, 8, 12, 12, 8, 8, 6, 6, 6, 8, 8, 8, 8, 1, 1]","13","13","13","0.0020003318786621094","0.0020008087158203125"
"530","95","108","35","True","True","95","108","35","True","True","95","108","35","True","True","0.0","0.0","13","13","13","47","47","47","[1, 1, 1, 1, 1, 1, 1, 2, 2, 2, 2, 2, 2, 2, 3, 3, 8, 11, 11, 8, 5, 7, 7, 7, 6, 6, 3, 3, 1, 1, 1, 1, 1, 1, 1]","[1, 1, 1, 1, 1, 1, 1, 2, 2, 2, 2, 2, 2, 2, 3, 3, 8, 11, 11, 8, 5, 7, 7, 7, 6, 6, 3, 3, 1, 1, 1, 1, 1, 1, 1]","[1, 1, 1, 1, 1, 1, 1, 2, 2, 2, 2, 2, 2, 2, 3, 3, 8, 11, 11, 8, 5, 7, 7, 7, 6, 6, 3, 3, 1, 1, 1, 1, 1, 1, 1]","13","13","13","0.0020024776458740234","0.0019965171813964844"
"531","100","117","35","True","True","100","117","35","True","True","100","117","35","True","True","0.0","0.0","13","13","13","50","50","50","[1, 1, 1, 1, 1, 3, 3, 3, 1, 1, 3, 5, 5, 5, 5, 2, 5, 5, 5, 7, 7, 7, 7, 8, 8, 15, 15, 8, 11, 11, 7, 6, 6, 1, 1]","[1, 1, 1, 1, 1, 3, 3, 3, 1, 1, 3, 5, 5, 5, 5, 2, 5, 5, 5, 7, 7, 7, 7, 8, 8, 15, 15, 8, 11, 11, 7, 6, 6, 1, 1]","[1, 1, 1, 1, 1, 3, 3, 3, 1, 1, 3, 5, 5, 5, 5, 2, 5, 5, 5, 7, 7, 7, 7, 8, 8, 15, 15, 8, 11, 11, 7, 6, 6, 1, 1]","13","13","13","0.001999378204345703","0.0009996891021728516"
"532","95","108","35","True","True","95","108","35","True","True","95","108","35","True","True","0.0","0.0","13","13","13","47","47","47","[1, 1, 1, 1, 1, 2, 2, 2, 3, 3, 3, 3, 3, 3, 3, 8, 9, 10, 18, 18, 36, 36, 18, 23, 23, 5, 3, 2, 2, 2, 6, 6, 1, 1, 1]","[1, 1, 1, 1, 1, 2, 2, 2, 3, 3, 3, 3, 3, 3, 3, 8, 9, 10, 18, 18, 36, 36, 18, 23, 23, 5, 3, 2, 2, 2, 6, 6, 1, 1, 1]","[1, 1, 1, 1, 1, 2, 2, 2, 3, 3, 3, 3, 3, 3, 3, 8, 9, 10, 18, 18, 36, 36, 18, 23, 23, 5, 3, 2, 2, 2, 6, 6, 1, 1, 1]","13","13","13","0.002000093460083008","0.0009987354278564453"
"533","108","126","35","True","False","90","101","35","False","True","94","100","35","True","True","0.06604907476981792","0.0911942720122747","19","4","5","53","40","41","[1, 1, 1, 1, 13, 1, 1, 9, 9, 5, 5, 5, 4, 4, 4, 4, 5, 5, 5, 5, 4, 7, 8, 8, 8, 2, 7, 14, 14, 7, 7, 7, 1, 1, 1]","[1, 1, 1, 1, 1, 1, 2, 1, 1, 1, 2, 2, 2, 2, 2, 3, 3, 4, 8, 8, 8, 8, 9, 9, 9, 9, 9, 9, 9, 9, 4, 4, 4, 6, 6]","[1, 1, 1, 1, 4, 1, 1, 4, 4, 2, 2, 2, 2, 2, 2, 2, 2, 2, 2, 2, 2, 2, 2, 2, 2, 2, 2, 6, 6, 2, 2, 2, 1, 1, 1]","19","4","5","0.511667013168335","0.14948415756225586"
"534","102","120","35","True","False","101","120","35","True","False","101","120","35","True","False","0.0","0.0","15","15","15","51","51","51","[1, 1, 2, 2, 2, 2, 2, 5, 5, 5, 4, 8, 8, 8, 8, 8, 24, 37, 142, 142, 45, 45, 41, 41, 20, 28, 28, 28, 28, 8, 8, 8, 8, 2, 1]","[1, 1, 1, 1, 1, 1, 1, 2, 2, 2, 2, 4, 4, 4, 4, 4, 12, 18, 70, 70, 22, 22, 20, 20, 10, 14, 14, 14, 14, 4, 4, 4, 4, 1, 1]","[1, 1, 1, 1, 1, 1, 1, 2, 2, 2, 2, 4, 4, 4, 4, 4, 12, 18, 70, 70, 22, 22, 20, 20, 10, 14, 14, 14, 14, 4, 4, 4, 4, 1, 1]","15","15","15","0.24552226066589355","0.019309520721435547"
"535","100","118","35","True","True","100","118","35","True","True","100","118","35","True","True","0.0","0.0","13","13","13","51","51","51","[1, 1, 1, 1, 1, 2, 3, 3, 3, 3, 7, 7, 7, 7, 10, 10, 8, 8, 8, 12, 12, 13, 13, 14, 14, 14, 14, 17, 17, 17, 17, 14, 6, 3, 3]","[1, 1, 1, 1, 1, 2, 3, 3, 3, 3, 7, 7, 7, 7, 10, 10, 8, 8, 8, 12, 12, 13, 13, 14, 14, 14, 14, 17, 17, 17, 17, 14, 6, 3, 3]","[1, 1, 1, 1, 1, 2, 3, 3, 3, 3, 7, 7, 7, 7, 10, 10, 8, 8, 8, 12, 12, 13, 13, 14, 14, 14, 14, 17, 17, 17, 17, 14, 6, 3, 3]","13","13","13","0.0019989013671875","0.002000093460083008"
"536","95","107","35","True","True","95","107","35","True","True","95","107","35","True","True","0.0","0.0","13","13","13","46","46","46","[1, 1, 1, 1, 1, 1, 1, 2, 3, 6, 7, 7, 7, 7, 2, 10, 10, 12, 12, 9, 11, 22, 22, 22, 22, 11, 11, 34, 34, 34, 34, 9, 2, 1, 1]","[1, 1, 1, 1, 1, 1, 1, 2, 3, 6, 7, 7, 7, 7, 2, 10, 10, 12, 12, 9, 11, 22, 22, 22, 22, 11, 11, 34, 34, 34, 34, 9, 2, 1, 1]","[1, 1, 1, 1, 1, 1, 1, 2, 3, 6, 7, 7, 7, 7, 2, 10, 10, 12, 12, 9, 11, 22, 22, 22, 22, 11, 11, 34, 34, 34, 34, 9, 2, 1, 1]","13","13","13","0.0019996166229248047","0.002000570297241211"
"537","108","126","35","True","False","90","99","35","False","True","95","103","35","True","False","0.06154466525933411","0.08888423559680769","19","7","8","53","42","42","[1, 1, 1, 1, 1, 2, 2, 2, 2, 1, 1, 4, 4, 8, 8, 8, 8, 30, 30, 8, 9, 36, 36, 28, 9, 4, 4, 9, 9, 5, 5, 9, 9, 9, 1]","[1, 1, 1, 1, 1, 2, 2, 2, 2, 1, 1, 1, 1, 1, 1, 1, 1, 1, 2, 4, 4, 4, 4, 4, 2, 2, 2, 3, 3, 3, 7, 8, 8, 9, 9]","[1, 1, 1, 1, 1, 2, 2, 2, 2, 1, 1, 1, 1, 2, 2, 2, 2, 6, 6, 2, 2, 8, 8, 6, 2, 1, 1, 2, 2, 1, 1, 2, 2, 2, 1]","19","7","8","8.177593469619751","0.3434104919433594"
"538","95","107","35","True","True","95","107","35","True","True","95","107","35","True","True","0.0","0.0","13","13","13","46","46","46","[1, 1, 1, 1, 1, 3, 3, 4, 4, 4, 5, 5, 4, 11, 11, 4, 4, 4, 4, 4, 4, 4, 3, 12, 12, 24, 24, 48, 48, 40, 40, 40, 20, 16, 16]","[1, 1, 1, 1, 1, 3, 3, 4, 4, 4, 5, 5, 4, 11, 11, 4, 4, 4, 4, 4, 4, 4, 3, 12, 12, 24, 24, 48, 48, 40, 40, 40, 20, 16, 16]","[1, 1, 1, 1, 1, 3, 3, 4, 4, 4, 5, 5, 4, 11, 11, 4, 4, 4, 4, 4, 4, 4, 3, 12, 12, 24, 24, 48, 48, 40, 40, 40, 20, 16, 16]","13","13","13","0.0009984970092773438","0.0019996166229248047"
"539","95","107","35","True","True","95","107","35","True","True","95","107","35","True","True","0.0","0.0","13","13","13","46","46","46","[1, 1, 1, 1, 2, 2, 2, 1, 1, 1, 1, 2, 3, 3, 7, 8, 9, 10, 10, 9, 1, 1, 1, 1, 1, 1, 1, 1, 1, 3, 3, 16, 16, 16, 2]","[1, 1, 1, 1, 2, 2, 2, 1, 1, 1, 1, 2, 3, 3, 7, 8, 9, 10, 10, 9, 1, 1, 1, 1, 1, 1, 1, 1, 1, 3, 3, 16, 16, 16, 2]","[1, 1, 1, 1, 2, 2, 2, 1, 1, 1, 1, 2, 3, 3, 7, 8, 9, 10, 10, 9, 1, 1, 1, 1, 1, 1, 1, 1, 1, 3, 3, 16, 16, 16, 2]","13","13","13","0.0021164417266845703","0.002000093460083008"
"540","102","120","35","True","False","101","120","35","True","False","101","120","35","True","False","0.0","0.0","15","15","15","51","51","51","[1, 1, 2, 2, 3, 3, 7, 7, 7, 7, 3, 22, 22, 3, 3, 3, 3, 3, 2, 2, 2, 6, 30, 30, 1, 1, 1, 1, 1, 3, 4, 4, 26, 26, 26]","[1, 1, 2, 2, 2, 2, 6, 6, 6, 6, 2, 18, 18, 2, 2, 2, 2, 2, 2, 2, 2, 6, 26, 26, 1, 1, 1, 1, 1, 3, 4, 4, 22, 22, 22]","[1, 1, 2, 2, 2, 2, 6, 6, 6, 6, 2, 18, 18, 2, 2, 2, 2, 2, 2, 2, 2, 6, 26, 26, 1, 1, 1, 1, 1, 3, 4, 4, 22, 22, 22]","15","15","15","0.2795412540435791","0.019299745559692383"
"541","100","118","35","True","True","100","118","35","True","True","100","118","35","True","True","0.0","0.0","13","13","13","51","51","51","[1, 1, 1, 1, 1, 1, 1, 1, 1, 1, 1, 1, 3, 4, 5, 5, 4, 6, 6, 6, 8, 8, 8, 8, 8, 8, 2, 2, 2, 3, 4, 4, 1, 1, 1]","[1, 1, 1, 1, 1, 1, 1, 1, 1, 1, 1, 1, 3, 4, 5, 5, 4, 6, 6, 6, 8, 8, 8, 8, 8, 8, 2, 2, 2, 3, 4, 4, 1, 1, 1]","[1, 1, 1, 1, 1, 1, 1, 1, 1, 1, 1, 1, 3, 4, 5, 5, 4, 6, 6, 6, 8, 8, 8, 8, 8, 8, 2, 2, 2, 3, 4, 4, 1, 1, 1]","13","13","13","0.0020003318786621094","0.0010001659393310547"
"542","108","126","35","True","False","96","109","35","False","True","100","112","35","True","True","0.03537380028088499","0.0564850687760482","19","10","12","53","45","46","[1, 1, 2, 4, 4, 3, 1, 1, 1, 3, 3, 1, 1, 1, 1, 3, 3, 3, 2, 7, 13, 11, 11, 11, 11, 8, 11, 11, 8, 3, 5, 5, 5, 5, 5]","[1, 1, 2, 4, 4, 3, 1, 1, 1, 2, 3, 3, 3, 3, 3, 3, 1, 1, 1, 1, 1, 1, 1, 1, 1, 2, 2, 2, 3, 3, 3, 3, 3, 3, 5]","[1, 1, 2, 4, 4, 3, 1, 1, 1, 1, 1, 1, 1, 1, 1, 1, 1, 1, 2, 2, 4, 3, 3, 3, 3, 2, 3, 3, 2, 3, 3, 3, 3, 3, 3]","19","11","12","0.6292524337768555","0.15463018417358398"
"543","102","120","35","True","False","101","119","35","True","False","101","119","35","True","False","0.003826957749403004","0.003826957749403004","15","15","15","51","50","50","[1, 1, 1, 1, 1, 2, 3, 3, 6, 6, 6, 6, 6, 6, 6, 6, 3, 3, 3, 15, 15, 3, 2, 2, 2, 5, 48, 48, 48, 21, 27, 27, 27, 2, 1]","[1, 1, 1, 1, 1, 2, 3, 3, 6, 6, 6, 6, 6, 6, 6, 6, 3, 3, 3, 15, 15, 3, 2, 2, 2, 5, 48, 48, 48, 21, 27, 27, 27, 2, 1]","[1, 1, 1, 1, 1, 2, 3, 3, 6, 6, 6, 6, 6, 6, 6, 6, 3, 3, 3, 15, 15, 3, 2, 2, 2, 5, 48, 48, 48, 21, 27, 27, 27, 2, 1]","15","15","15","0.23346614837646484","0.021432161331176758"
"544","95","107","35","True","True","95","107","35","True","True","95","107","35","True","True","0.0","0.0","13","13","13","46","46","46","[1, 1, 1, 1, 1, 1, 1, 1, 3, 3, 3, 3, 3, 3, 3, 3, 7, 8, 9, 9, 7, 4, 6, 7, 7, 7, 6, 6, 21, 21, 21, 10, 3, 3, 3]","[1, 1, 1, 1, 1, 1, 1, 1, 3, 3, 3, 3, 3, 3, 3, 3, 7, 8, 9, 9, 7, 4, 6, 7, 7, 7, 6, 6, 21, 21, 21, 10, 3, 3, 3]","[1, 1, 1, 1, 1, 1, 1, 1, 3, 3, 3, 3, 3, 3, 3, 3, 7, 8, 9, 9, 7, 4, 6, 7, 7, 7, 6, 6, 21, 21, 21, 10, 3, 3, 3]","13","13","13","0.0019998550415039062","0.0010006427764892578"
"545","95","108","35","True","True","95","108","35","True","True","95","108","35","True","True","0.0","0.0","13","13","13","47","47","47","[1, 1, 1, 1, 1, 1, 1, 1, 2, 3, 3, 3, 3, 3, 3, 3, 6, 6, 6, 3, 3, 2, 2, 8, 8, 8, 10, 18, 32, 32, 32, 18, 4, 4, 1]","[1, 1, 1, 1, 1, 1, 1, 1, 2, 3, 3, 3, 3, 3, 3, 3, 6, 6, 6, 3, 3, 2, 2, 8, 8, 8, 10, 18, 32, 32, 32, 18, 4, 4, 1]","[1, 1, 1, 1, 1, 1, 1, 1, 2, 3, 3, 3, 3, 3, 3, 3, 6, 6, 6, 3, 3, 2, 2, 8, 8, 8, 10, 18, 32, 32, 32, 18, 4, 4, 1]","13","13","13","0.0019989013671875","0.002001047134399414"
"546","108","126","35","True","False","89","96","35","True","True","103","117","35","True","True","0.024149103440086916","0.09753230651847344","19","8","15","53","41","48","[1, 1, 1, 1, 1, 2, 3, 3, 6, 6, 6, 16, 16, 16, 8, 6, 3, 3, 6, 9, 9, 3, 2, 2, 1, 10, 10, 15, 37, 50, 50, 50, 21, 21, 1]","[1, 1, 1, 1, 1, 1, 1, 1, 1, 1, 1, 1, 1, 1, 1, 2, 2, 2, 2, 2, 3, 4, 4, 4, 4, 5, 6, 6, 6, 7, 7, 13, 18, 18, 18]","[1, 1, 1, 1, 1, 1, 1, 1, 2, 2, 2, 6, 6, 6, 3, 2, 1, 1, 2, 4, 4, 1, 1, 1, 1, 4, 4, 5, 13, 18, 18, 18, 7, 7, 1]","19","8","15","4.807175397872925","0.6680443286895752"
"547","100","118","35","True","True","100","118","35","True","True","100","118","35","True","True","0.0","0.0","13","13","13","51","51","51","[1, 1, 1, 1, 1, 1, 1, 2, 3, 3, 3, 4, 4, 2, 2, 2, 2, 3, 3, 2, 4, 4, 9, 9, 10, 10, 15, 15, 11, 2, 2, 2, 2, 1, 1]","[1, 1, 1, 1, 1, 1, 1, 2, 3, 3, 3, 4, 4, 2, 2, 2, 2, 3, 3, 2, 4, 4, 9, 9, 10, 10, 15, 15, 11, 2, 2, 2, 2, 1, 1]","[1, 1, 1, 1, 1, 1, 1, 2, 3, 3, 3, 4, 4, 2, 2, 2, 2, 3, 3, 2, 4, 4, 9, 9, 10, 10, 15, 15, 11, 2, 2, 2, 2, 1, 1]","13","13","13","0.0020723342895507812","0.0019986629486083984"
"548","95","108","35","True","True","95","108","35","True","True","95","108","35","True","True","0.0","0.0","13","13","13","47","47","47","[1, 1, 1, 1, 1, 1, 1, 1, 1, 1, 1, 3, 6, 6, 6, 6, 2, 2, 2, 10, 10, 10, 10, 10, 10, 11, 11, 10, 2, 1, 8, 8, 8, 2, 1]","[1, 1, 1, 1, 1, 1, 1, 1, 1, 1, 1, 3, 6, 6, 6, 6, 2, 2, 2, 10, 10, 10, 10, 10, 10, 11, 11, 10, 2, 1, 8, 8, 8, 2, 1]","[1, 1, 1, 1, 1, 1, 1, 1, 1, 1, 1, 3, 6, 6, 6, 6, 2, 2, 2, 10, 10, 10, 10, 10, 10, 11, 11, 10, 2, 1, 8, 8, 8, 2, 1]","13","13","13","0.001989603042602539","0.0020148754119873047"
"549","95","108","35","True","True","95","108","35","True","True","95","108","35","True","True","0.0","0.0","13","13","13","47","47","47","[1, 1, 1, 1, 1, 2, 2, 2, 2, 2, 2, 1, 3, 3, 3, 3, 12, 12, 12, 12, 6, 15, 15, 16, 16, 16, 1, 1, 1, 17, 19, 19, 1, 1, 1]","[1, 1, 1, 1, 1, 2, 2, 2, 2, 2, 2, 1, 3, 3, 3, 3, 12, 12, 12, 12, 6, 15, 15, 16, 16, 16, 1, 1, 1, 17, 19, 19, 1, 1, 1]","[1, 1, 1, 1, 1, 2, 2, 2, 2, 2, 2, 1, 3, 3, 3, 3, 12, 12, 12, 12, 6, 15, 15, 16, 16, 16, 1, 1, 1, 17, 19, 19, 1, 1, 1]","13","13","13","0.0019960403442382812","0.002164602279663086"
"550","100","118","35","True","True","100","118","35","True","True","100","118","35","True","True","0.0","0.0","13","13","13","51","51","51","[1, 1, 1, 1, 1, 1, 2, 2, 2, 2, 3, 3, 2, 4, 8, 8, 9, 9, 9, 10, 11, 11, 11, 8, 7, 10, 23, 23, 23, 10, 1, 1, 1, 1, 1]","[1, 1, 1, 1, 1, 1, 2, 2, 2, 2, 3, 3, 2, 4, 8, 8, 9, 9, 9, 10, 11, 11, 11, 8, 7, 10, 23, 23, 23, 10, 1, 1, 1, 1, 1]","[1, 1, 1, 1, 1, 1, 2, 2, 2, 2, 3, 3, 2, 4, 8, 8, 9, 9, 9, 10, 11, 11, 11, 8, 7, 10, 23, 23, 23, 10, 1, 1, 1, 1, 1]","13","13","13","0.0019953250885009766","0.002996683120727539"
"551","95","108","35","True","True","95","108","35","True","True","95","108","35","True","True","0.0","0.0","13","13","13","47","47","47","[1, 1, 2, 2, 2, 2, 4, 4, 2, 2, 2, 2, 4, 6, 6, 6, 6, 6, 4, 4, 4, 2, 3, 3, 3, 3, 12, 12, 6, 6, 3, 8, 8, 8, 3]","[1, 1, 2, 2, 2, 2, 4, 4, 2, 2, 2, 2, 4, 6, 6, 6, 6, 6, 4, 4, 4, 2, 3, 3, 3, 3, 12, 12, 6, 6, 3, 8, 8, 8, 3]","[1, 1, 2, 2, 2, 2, 4, 4, 2, 2, 2, 2, 4, 6, 6, 6, 6, 6, 4, 4, 4, 2, 3, 3, 3, 3, 12, 12, 6, 6, 3, 8, 8, 8, 3]","13","13","13","0.001996278762817383","0.0020008087158203125"
"552","95","107","35","True","True","95","107","35","True","True","95","107","35","True","True","0.0","0.0","13","13","13","46","46","46","[1, 1, 2, 2, 2, 2, 2, 2, 2, 2, 2, 2, 2, 2, 2, 4, 4, 8, 14, 14, 16, 24, 38, 38, 38, 10, 10, 12, 12, 26, 26, 8, 4, 2, 2]","[1, 1, 2, 2, 2, 2, 2, 2, 2, 2, 2, 2, 2, 2, 2, 4, 4, 8, 14, 14, 16, 24, 38, 38, 38, 10, 10, 12, 12, 26, 26, 8, 4, 2, 2]","[1, 1, 2, 2, 2, 2, 2, 2, 2, 2, 2, 2, 2, 2, 2, 4, 4, 8, 14, 14, 16, 24, 38, 38, 38, 10, 10, 12, 12, 26, 26, 8, 4, 2, 2]","13","13","13","0.0019958019256591797","0.002091646194458008"
"553","95","108","35","True","True","95","108","35","True","True","95","108","35","True","True","0.0","0.0","13","13","13","47","47","47","[1, 1, 1, 1, 1, 1, 4, 4, 2, 2, 3, 3, 3, 4, 4, 3, 3, 1, 1, 4, 7, 7, 11, 11, 11, 3, 3, 1, 1, 1, 1, 1, 2, 2, 2]","[1, 1, 1, 1, 1, 1, 4, 4, 2, 2, 3, 3, 3, 4, 4, 3, 3, 1, 1, 4, 7, 7, 11, 11, 11, 3, 3, 1, 1, 1, 1, 1, 2, 2, 2]","[1, 1, 1, 1, 1, 1, 4, 4, 2, 2, 3, 3, 3, 4, 4, 3, 3, 1, 1, 4, 7, 7, 11, 11, 11, 3, 3, 1, 1, 1, 1, 1, 2, 2, 2]","13","13","13","0.0019991397857666016","0.0020003318786621094"
"554","95","108","35","True","True","95","108","35","True","True","95","108","35","True","True","0.0","0.0","13","13","13","47","47","47","[1, 1, 1, 1, 2, 3, 3, 3, 3, 1, 1, 1, 1, 1, 1, 1, 1, 3, 9, 9, 9, 11, 11, 9, 6, 6, 17, 17, 6, 6, 2, 2, 1, 1, 1]","[1, 1, 1, 1, 2, 3, 3, 3, 3, 1, 1, 1, 1, 1, 1, 1, 1, 3, 9, 9, 9, 11, 11, 9, 6, 6, 17, 17, 6, 6, 2, 2, 1, 1, 1]","[1, 1, 1, 1, 2, 3, 3, 3, 3, 1, 1, 1, 1, 1, 1, 1, 1, 3, 9, 9, 9, 11, 11, 9, 6, 6, 17, 17, 6, 6, 2, 2, 1, 1, 1]","13","13","13","0.0019996166229248047","0.0019996166229248047"
"555","108","126","35","True","False","95","105","35","True","True","97","106","36","True","True","0.05208365189193065","0.06408687192326679","19","7","8","53","42","45","[1, 1, 1, 1, 1, 1, 1, 1, 2, 12, 12, 12, 3, 3, 3, 3, 3, 3, 1, 2, 4, 5, 8, 9, 9, 5, 5, 8, 8, 3, 9, 5, 10, 10, 10]","[0, 0, 0, 0, 0, 0, 0, 0, 0, 0, 0, 0, 0, 0, 0, 0, 1, 1, 1, 1, 1, 1, 1, 1, 1, 1, 1, 1, 1, 1, 1, 2, 2, 2, 2]","[1, 1, 1, 1, 1, 1, 1, 1, 2, 6, 6, 6, 3, 3, 3, 3, 3, 3, 1, 2, 3, 4, 3, 3, 3, 4, 4, 3, 3, 2, 6, 3, 3, 3, 3, 2]","19","7","8","0.31444597244262695","0.12500905990600586"
"556","108","126","35","True","False","95","104","35","True","False","99","110","35","True","False","0.04083623005865722","0.06159010677645427","19","9","11","53","43","45","[1, 1, 1, 1, 3, 3, 3, 3, 4, 4, 45, 45, 4, 4, 4, 7, 9, 10, 10, 10, 10, 12, 12, 15, 15, 30, 30, 19, 19, 15, 3, 31, 1, 1, 1]","[1, 1, 1, 1, 2, 2, 2, 2, 3, 3, 3, 3, 3, 5, 2, 1, 1, 1, 6, 6, 6, 6, 6, 6, 6, 6, 6, 6, 6, 6, 12, 12, 18, 18, 18]","[1, 1, 1, 1, 2, 2, 2, 2, 3, 3, 18, 18, 3, 3, 3, 5, 6, 6, 6, 6, 6, 6, 6, 6, 6, 12, 12, 6, 6, 6, 2, 18, 1, 1, 1]","19","9","11","0.6607208251953125","0.2046504020690918"
"557","95","108","35","True","True","95","108","35","True","True","95","108","35","True","True","0.0","0.0","13","13","13","47","47","47","[1, 1, 1, 1, 1, 1, 1, 2, 4, 4, 4, 2, 2, 3, 3, 3, 3, 5, 5, 3, 3, 2, 2, 6, 6, 8, 8, 11, 14, 14, 15, 17, 17, 17, 3]","[1, 1, 1, 1, 1, 1, 1, 2, 4, 4, 4, 2, 2, 3, 3, 3, 3, 5, 5, 3, 3, 2, 2, 6, 6, 8, 8, 11, 14, 14, 15, 17, 17, 17, 3]","[1, 1, 1, 1, 1, 1, 1, 2, 4, 4, 4, 2, 2, 3, 3, 3, 3, 5, 5, 3, 3, 2, 2, 6, 6, 8, 8, 11, 14, 14, 15, 17, 17, 17, 3]","13","13","13","0.002000093460083008","0.0009996891021728516"
"558","95","108","35","True","True","95","108","35","True","True","95","108","35","True","True","0.0","0.0","13","13","13","47","47","47","[1, 1, 1, 1, 2, 5, 7, 9, 10, 10, 20, 20, 20, 10, 2, 2, 2, 2, 12, 14, 14, 1, 1, 1, 1, 11, 12, 12, 12, 12, 12, 1, 1, 1, 1]","[1, 1, 1, 1, 2, 5, 7, 9, 10, 10, 20, 20, 20, 10, 2, 2, 2, 2, 12, 14, 14, 1, 1, 1, 1, 11, 12, 12, 12, 12, 12, 1, 1, 1, 1]","[1, 1, 1, 1, 2, 5, 7, 9, 10, 10, 20, 20, 20, 10, 2, 2, 2, 2, 12, 14, 14, 1, 1, 1, 1, 11, 12, 12, 12, 12, 12, 1, 1, 1, 1]","13","13","13","0.0010018348693847656","0.001998424530029297"
"559","95","108","35","True","True","95","108","35","True","True","95","108","35","True","True","0.0","0.0","13","13","13","47","47","47","[1, 1, 1, 1, 2, 2, 2, 2, 2, 2, 2, 2, 2, 2, 2, 1, 1, 1, 1, 1, 1, 3, 3, 3, 5, 5, 4, 6, 6, 6, 9, 9, 12, 12, 12]","[1, 1, 1, 1, 2, 2, 2, 2, 2, 2, 2, 2, 2, 2, 2, 1, 1, 1, 1, 1, 1, 3, 3, 3, 5, 5, 4, 6, 6, 6, 9, 9, 12, 12, 12]","[1, 1, 1, 1, 2, 2, 2, 2, 2, 2, 2, 2, 2, 2, 2, 1, 1, 1, 1, 1, 1, 3, 3, 3, 5, 5, 4, 6, 6, 6, 9, 9, 12, 12, 12]","13","13","13","0.0009996891021728516","0.002000570297241211"
"560","102","120","35","True","False","101","119","35","True","False","101","119","35","True","False","0.003826957749403004","0.003826957749403004","15","15","15","51","50","50","[1, 1, 1, 1, 2, 2, 2, 2, 2, 2, 2, 2, 2, 2, 3, 3, 3, 5, 10, 10, 19, 19, 50, 50, 48, 23, 3, 3, 3, 3, 3, 2, 2, 1, 1]","[1, 1, 1, 1, 2, 2, 2, 2, 2, 2, 2, 2, 2, 2, 3, 3, 3, 5, 10, 10, 19, 19, 50, 50, 48, 23, 3, 3, 3, 3, 3, 2, 2, 1, 1]","[1, 1, 1, 1, 2, 2, 2, 2, 2, 2, 2, 2, 2, 2, 3, 3, 3, 5, 10, 10, 19, 19, 50, 50, 48, 23, 3, 3, 3, 3, 3, 2, 2, 1, 1]","15","15","15","0.23961472511291504","0.018239498138427734"
"561","95","108","35","True","True","95","108","35","True","True","95","108","35","True","True","0.0","0.0","13","13","13","47","47","47","[1, 2, 2, 2, 2, 2, 2, 2, 2, 2, 2, 2, 2, 3, 3, 5, 5, 3, 7, 7, 9, 9, 15, 32, 32, 19, 13, 5, 5, 2, 2, 2, 2, 2, 1]","[1, 2, 2, 2, 2, 2, 2, 2, 2, 2, 2, 2, 2, 3, 3, 5, 5, 3, 7, 7, 9, 9, 15, 32, 32, 19, 13, 5, 5, 2, 2, 2, 2, 2, 1]","[1, 2, 2, 2, 2, 2, 2, 2, 2, 2, 2, 2, 2, 3, 3, 5, 5, 3, 7, 7, 9, 9, 15, 32, 32, 19, 13, 5, 5, 2, 2, 2, 2, 2, 1]","13","13","13","0.0019998550415039062","0.002000570297241211"
"562","108","126","35","True","False","93","102","35","True","True","97","106","35","True","True","0.05098173610375056","0.07273172258959315","19","7","9","53","41","43","[1, 1, 1, 1, 2, 2, 3, 3, 3, 3, 15, 3, 3, 3, 3, 3, 3, 3, 3, 3, 2, 2, 5, 9, 9, 5, 5, 8, 29, 37, 40, 40, 40, 40, 5]","[1, 1, 1, 1, 1, 1, 2, 2, 2, 2, 2, 2, 2, 2, 2, 1, 1, 2, 3, 3, 3, 3, 3, 3, 3, 3, 3, 3, 4, 8, 11, 10, 10, 11, 11]","[1, 1, 1, 1, 1, 1, 2, 2, 2, 2, 4, 2, 2, 2, 2, 2, 2, 2, 2, 2, 1, 1, 2, 2, 2, 2, 2, 2, 8, 10, 10, 10, 10, 10, 2]","19","7","9","0.6557989120483398","0.1854548454284668"
"563","108","126","35","True","False","91","98","35","True","True","99","110","35","True","True","0.04031789883724002","0.0829313994202826","19","6","11","53","40","45","[1, 1, 1, 1, 1, 1, 3, 3, 3, 2, 3, 3, 3, 2, 3, 3, 2, 13, 36, 36, 13, 14, 14, 32, 32, 32, 32, 32, 16, 17, 17, 16, 14, 1, 1]","[1, 1, 1, 1, 1, 1, 1, 1, 1, 1, 2, 2, 2, 2, 2, 2, 2, 2, 2, 2, 2, 3, 3, 3, 4, 4, 5, 5, 8, 8, 8, 8, 8, 9, 9]","[1, 1, 1, 1, 1, 1, 1, 1, 1, 1, 1, 1, 1, 1, 1, 1, 1, 4, 13, 13, 4, 5, 5, 12, 12, 12, 12, 12, 6, 7, 7, 6, 5, 1, 1]","19","6","11","3.24436354637146","0.6045138835906982"
"564","95","108","35","True","True","95","108","35","True","True","95","108","35","True","True","0.0","0.0","13","13","13","47","47","47","[1, 1, 1, 1, 1, 1, 1, 1, 1, 1, 2, 2, 2, 2, 3, 4, 5, 5, 4, 1, 1, 1, 1, 4, 5, 7, 12, 12, 13, 13, 4, 4, 1, 1, 1]","[1, 1, 1, 1, 1, 1, 1, 1, 1, 1, 2, 2, 2, 2, 3, 4, 5, 5, 4, 1, 1, 1, 1, 4, 5, 7, 12, 12, 13, 13, 4, 4, 1, 1, 1]","[1, 1, 1, 1, 1, 1, 1, 1, 1, 1, 2, 2, 2, 2, 3, 4, 5, 5, 4, 1, 1, 1, 1, 4, 5, 7, 12, 12, 13, 13, 4, 4, 1, 1, 1]","13","13","13","0.0020017623901367188","0.0021278858184814453"
"565","100","117","35","True","True","100","117","35","True","True","100","117","35","True","True","0.0","0.0","13","13","13","50","50","50","[1, 1, 1, 1, 1, 1, 1, 1, 1, 1, 2, 4, 5, 5, 4, 7, 7, 6, 6, 10, 10, 6, 5, 5, 5, 4, 4, 8, 10, 10, 3, 1, 1, 1, 1]","[1, 1, 1, 1, 1, 1, 1, 1, 1, 1, 2, 4, 5, 5, 4, 7, 7, 6, 6, 10, 10, 6, 5, 5, 5, 4, 4, 8, 10, 10, 3, 1, 1, 1, 1]","[1, 1, 1, 1, 1, 1, 1, 1, 1, 1, 2, 4, 5, 5, 4, 7, 7, 6, 6, 10, 10, 6, 5, 5, 5, 4, 4, 8, 10, 10, 3, 1, 1, 1, 1]","13","13","13","0.0020008087158203125","0.00099945068359375"
"566","95","108","35","True","True","95","108","35","True","True","95","108","35","True","True","0.0","0.0","13","13","13","47","47","47","[1, 1, 1, 1, 1, 1, 1, 1, 2, 2, 2, 2, 3, 3, 3, 3, 5, 5, 6, 6, 4, 7, 8, 10, 10, 10, 10, 10, 11, 11, 11, 11, 10, 1, 1]","[1, 1, 1, 1, 1, 1, 1, 1, 2, 2, 2, 2, 3, 3, 3, 3, 5, 5, 6, 6, 4, 7, 8, 10, 10, 10, 10, 10, 11, 11, 11, 11, 10, 1, 1]","[1, 1, 1, 1, 1, 1, 1, 1, 2, 2, 2, 2, 3, 3, 3, 3, 5, 5, 6, 6, 4, 7, 8, 10, 10, 10, 10, 10, 11, 11, 11, 11, 10, 1, 1]","13","13","13","0.0019965171813964844","0.0019998550415039062"
"567","100","118","35","True","True","100","118","35","True","True","100","118","35","True","True","0.0","0.0","13","13","13","51","51","51","[1, 1, 1, 1, 1, 1, 3, 3, 2, 1, 1, 3, 3, 3, 3, 3, 7, 7, 3, 5, 5, 5, 5, 4, 4, 4, 10, 10, 7, 7, 7, 5, 2, 1, 1]","[1, 1, 1, 1, 1, 1, 3, 3, 2, 1, 1, 3, 3, 3, 3, 3, 7, 7, 3, 5, 5, 5, 5, 4, 4, 4, 10, 10, 7, 7, 7, 5, 2, 1, 1]","[1, 1, 1, 1, 1, 1, 3, 3, 2, 1, 1, 3, 3, 3, 3, 3, 7, 7, 3, 5, 5, 5, 5, 4, 4, 4, 10, 10, 7, 7, 7, 5, 2, 1, 1]","13","13","13","0.0021877288818359375","0.002002239227294922"
"568","95","107","35","True","True","95","107","35","True","True","95","107","35","True","True","0.0","0.0","13","13","13","46","46","46","[1, 1, 1, 1, 1, 1, 1, 1, 1, 1, 1, 1, 1, 1, 1, 1, 2, 2, 3, 3, 3, 5, 5, 5, 6, 14, 17, 17, 21, 21, 16, 16, 6, 6, 4]","[1, 1, 1, 1, 1, 1, 1, 1, 1, 1, 1, 1, 1, 1, 1, 1, 2, 2, 3, 3, 3, 5, 5, 5, 6, 14, 17, 17, 21, 21, 16, 16, 6, 6, 4]","[1, 1, 1, 1, 1, 1, 1, 1, 1, 1, 1, 1, 1, 1, 1, 1, 2, 2, 3, 3, 3, 5, 5, 5, 6, 14, 17, 17, 21, 21, 16, 16, 6, 6, 4]","13","13","13","0.002000570297241211","0.002007722854614258"
"569","95","108","35","True","True","95","108","35","True","True","95","108","35","True","True","0.0","0.0","13","13","13","47","47","47","[1, 1, 1, 1, 1, 3, 3, 3, 6, 6, 3, 3, 3, 6, 6, 6, 3, 3, 6, 6, 6, 6, 3, 6, 6, 12, 27, 27, 21, 12, 2, 1, 4, 4, 4]","[1, 1, 1, 1, 1, 3, 3, 3, 6, 6, 3, 3, 3, 6, 6, 6, 3, 3, 6, 6, 6, 6, 3, 6, 6, 12, 27, 27, 21, 12, 2, 1, 4, 4, 4]","[1, 1, 1, 1, 1, 3, 3, 3, 6, 6, 3, 3, 3, 6, 6, 6, 3, 3, 6, 6, 6, 6, 3, 6, 6, 12, 27, 27, 21, 12, 2, 1, 4, 4, 4]","13","13","13","0.0010008811950683594","0.001996755599975586"
"570","95","107","35","True","True","95","107","35","True","True","95","107","35","True","True","0.0","0.0","13","13","13","46","46","46","[1, 1, 1, 1, 1, 1, 2, 2, 2, 2, 3, 3, 4, 7, 19, 19, 19, 29, 29, 29, 9, 10, 10, 10, 9, 6, 22, 22, 2, 2, 2, 1, 30, 30, 30]","[1, 1, 1, 1, 1, 1, 2, 2, 2, 2, 3, 3, 4, 7, 19, 19, 19, 29, 29, 29, 9, 10, 10, 10, 9, 6, 22, 22, 2, 2, 2, 1, 30, 30, 30]","[1, 1, 1, 1, 1, 1, 2, 2, 2, 2, 3, 3, 4, 7, 19, 19, 19, 29, 29, 29, 9, 10, 10, 10, 9, 6, 22, 22, 2, 2, 2, 1, 30, 30, 30]","13","13","13","0.0019996166229248047","0.0020003318786621094"
"571","95","108","35","True","True","95","108","35","True","True","95","108","35","True","True","0.0","0.0","13","13","13","47","47","47","[1, 1, 2, 2, 2, 2, 2, 2, 2, 2, 6, 8, 8, 8, 4, 4, 4, 6, 6, 6, 6, 6, 6, 6, 6, 16, 16, 14, 14, 14, 14, 2, 8, 8, 8]","[1, 1, 2, 2, 2, 2, 2, 2, 2, 2, 6, 8, 8, 8, 4, 4, 4, 6, 6, 6, 6, 6, 6, 6, 6, 16, 16, 14, 14, 14, 14, 2, 8, 8, 8]","[1, 1, 2, 2, 2, 2, 2, 2, 2, 2, 6, 8, 8, 8, 4, 4, 4, 6, 6, 6, 6, 6, 6, 6, 6, 16, 16, 14, 14, 14, 14, 2, 8, 8, 8]","13","13","13","0.0009984970092773438","0.001999378204345703"
"572","95","107","35","True","True","95","107","35","True","True","95","107","35","True","True","0.0","0.0","13","13","13","46","46","46","[1, 1, 1, 2, 2, 2, 3, 3, 2, 2, 4, 4, 2, 2, 3, 3, 3, 3, 3, 3, 3, 2, 2, 7, 14, 14, 14, 1, 20, 20, 20, 4, 11, 11, 11]","[1, 1, 1, 2, 2, 2, 3, 3, 2, 2, 4, 4, 2, 2, 3, 3, 3, 3, 3, 3, 3, 2, 2, 7, 14, 14, 14, 1, 20, 20, 20, 4, 11, 11, 11]","[1, 1, 1, 2, 2, 2, 3, 3, 2, 2, 4, 4, 2, 2, 3, 3, 3, 3, 3, 3, 3, 2, 2, 7, 14, 14, 14, 1, 20, 20, 20, 4, 11, 11, 11]","13","13","13","0.0010700225830078125","0.002000093460083008"
"573","95","108","35","True","True","95","108","35","True","True","95","108","35","True","True","0.0","0.0","13","13","13","47","47","47","[1, 1, 1, 1, 1, 1, 2, 4, 4, 2, 2, 2, 2, 2, 2, 4, 4, 9, 10, 10, 5, 2, 5, 8, 8, 10, 10, 5, 8, 8, 8, 1, 1, 1, 1]","[1, 1, 1, 1, 1, 1, 2, 4, 4, 2, 2, 2, 2, 2, 2, 4, 4, 9, 10, 10, 5, 2, 5, 8, 8, 10, 10, 5, 8, 8, 8, 1, 1, 1, 1]","[1, 1, 1, 1, 1, 1, 2, 4, 4, 2, 2, 2, 2, 2, 2, 4, 4, 9, 10, 10, 5, 2, 5, 8, 8, 10, 10, 5, 8, 8, 8, 1, 1, 1, 1]","13","13","13","0.0019996166229248047","0.002110004425048828"
"574","95","107","35","True","True","95","107","35","True","True","95","107","35","True","True","0.0","0.0","13","13","13","46","46","46","[1, 1, 1, 1, 1, 1, 2, 2, 2, 4, 4, 2, 3, 3, 3, 4, 4, 3, 3, 7, 7, 8, 8, 8, 4, 9, 9, 8, 15, 15, 7, 7, 4, 4, 4]","[1, 1, 1, 1, 1, 1, 2, 2, 2, 4, 4, 2, 3, 3, 3, 4, 4, 3, 3, 7, 7, 8, 8, 8, 4, 9, 9, 8, 15, 15, 7, 7, 4, 4, 4]","[1, 1, 1, 1, 1, 1, 2, 2, 2, 4, 4, 2, 3, 3, 3, 4, 4, 3, 3, 7, 7, 8, 8, 8, 4, 9, 9, 8, 15, 15, 7, 7, 4, 4, 4]","13","13","13","0.0021343231201171875","0.0019998550415039062"
"575","95","108","35","True","True","95","108","35","True","True","95","108","35","True","True","0.0","0.0","13","13","13","47","47","47","[1, 1, 1, 2, 2, 2, 2, 2, 2, 2, 2, 2, 2, 2, 4, 4, 5, 10, 10, 7, 7, 5, 5, 8, 8, 9, 15, 15, 7, 1, 1, 1, 1, 1, 1]","[1, 1, 1, 2, 2, 2, 2, 2, 2, 2, 2, 2, 2, 2, 4, 4, 5, 10, 10, 7, 7, 5, 5, 8, 8, 9, 15, 15, 7, 1, 1, 1, 1, 1, 1]","[1, 1, 1, 2, 2, 2, 2, 2, 2, 2, 2, 2, 2, 2, 4, 4, 5, 10, 10, 7, 7, 5, 5, 8, 8, 9, 15, 15, 7, 1, 1, 1, 1, 1, 1]","13","13","13","0.0010075569152832031","0.001996278762817383"
"576","95","108","35","True","True","95","108","35","True","True","95","108","35","True","True","0.0","0.0","13","13","13","47","47","47","[1, 1, 1, 2, 2, 2, 1, 1, 1, 1, 2, 3, 3, 4, 4, 2, 2, 1, 1, 2, 2, 1, 4, 4, 3, 7, 7, 7, 8, 8, 8, 2, 1, 1, 1]","[1, 1, 1, 2, 2, 2, 1, 1, 1, 1, 2, 3, 3, 4, 4, 2, 2, 1, 1, 2, 2, 1, 4, 4, 3, 7, 7, 7, 8, 8, 8, 2, 1, 1, 1]","[1, 1, 1, 2, 2, 2, 1, 1, 1, 1, 2, 3, 3, 4, 4, 2, 2, 1, 1, 2, 2, 1, 4, 4, 3, 7, 7, 7, 8, 8, 8, 2, 1, 1, 1]","13","13","13","0.0020036697387695312","0.0020034313201904297"
"577","102","120","35","True","False","101","120","35","True","False","101","120","35","True","False","0.0","0.0","15","15","15","51","51","51","[1, 1, 1, 1, 1, 1, 1, 2, 2, 3, 3, 2, 1, 2, 3, 3, 4, 4, 4, 5, 5, 4, 5, 5, 7, 9, 9, 9, 9, 10, 23, 23, 23, 43, 1]","[1, 1, 1, 1, 1, 1, 1, 2, 2, 3, 3, 2, 1, 2, 2, 2, 3, 3, 3, 4, 4, 3, 4, 4, 6, 8, 8, 8, 8, 9, 20, 20, 20, 37, 1]","[1, 1, 1, 1, 1, 1, 1, 2, 2, 3, 3, 2, 1, 2, 2, 2, 3, 3, 3, 4, 4, 3, 4, 4, 6, 8, 8, 8, 8, 9, 20, 20, 20, 37, 1]","15","15","15","0.2357192039489746","0.018402576446533203"
"578","102","120","35","True","False","101","119","35","True","False","101","119","35","True","False","0.004391355390180762","0.004391355390180762","15","15","15","51","50","50","[1, 1, 1, 1, 1, 1, 2, 2, 2, 3, 3, 3, 3, 2, 2, 5, 5, 1, 3, 3, 3, 3, 9, 9, 9, 11, 12, 25, 38, 38, 25, 11, 3, 1, 1]","[1, 1, 1, 1, 1, 1, 2, 2, 2, 3, 3, 3, 3, 2, 2, 5, 5, 1, 3, 3, 3, 3, 9, 9, 9, 11, 12, 25, 38, 38, 25, 11, 3, 1, 1]","[1, 1, 1, 1, 1, 1, 2, 2, 2, 3, 3, 3, 3, 2, 2, 5, 5, 1, 3, 3, 3, 3, 9, 9, 9, 11, 12, 25, 38, 38, 25, 11, 3, 1, 1]","15","15","15","0.22457623481750488","0.01931929588317871"
"579","108","126","35","True","False","87","93","35","False","True","101","113","36","True","True","0.035589877175452034","0.10935765332339953","19","6","13","53","40","47","[1, 1, 1, 1, 1, 1, 1, 2, 3, 3, 3, 3, 3, 3, 3, 4, 4, 5, 5, 5, 10, 10, 10, 10, 10, 46, 46, 50, 50, 15, 15, 20, 20, 20, 5]","[1, 1, 1, 1, 1, 1, 1, 1, 1, 1, 1, 1, 1, 1, 1, 1, 1, 1, 1, 1, 1, 2, 2, 2, 2, 2, 3, 3, 5, 5, 5, 12, 12, 14, 14]","[1, 1, 1, 1, 1, 1, 1, 1, 1, 1, 1, 1, 1, 1, 1, 1, 1, 1, 1, 1, 2, 2, 2, 2, 2, 10, 10, 12, 12, 3, 3, 4, 4, 4, 1, 1]","19","7","13","5.0621724128723145","0.4105525016784668"
"580","95","107","35","True","True","95","107","35","True","True","95","107","35","True","True","0.0","0.0","13","13","13","46","46","46","[1, 1, 1, 1, 1, 1, 1, 1, 1, 1, 1, 3, 3, 7, 7, 9, 9, 9, 2, 2, 3, 3, 5, 5, 5, 3, 10, 11, 15, 15, 15, 15, 1, 1, 1]","[1, 1, 1, 1, 1, 1, 1, 1, 1, 1, 1, 3, 3, 7, 7, 9, 9, 9, 2, 2, 3, 3, 5, 5, 5, 3, 10, 11, 15, 15, 15, 15, 1, 1, 1]","[1, 1, 1, 1, 1, 1, 1, 1, 1, 1, 1, 3, 3, 7, 7, 9, 9, 9, 2, 2, 3, 3, 5, 5, 5, 3, 10, 11, 15, 15, 15, 15, 1, 1, 1]","13","13","13","0.0019996166229248047","0.0020003318786621094"
"581","95","108","35","True","True","95","108","35","True","True","95","108","35","True","True","0.0","0.0","13","13","13","47","47","47","[1, 1, 1, 1, 1, 1, 1, 1, 1, 1, 1, 2, 2, 1, 2, 3, 5, 5, 8, 8, 8, 8, 8, 10, 10, 10, 10, 14, 14, 14, 16, 16, 16, 3, 3]","[1, 1, 1, 1, 1, 1, 1, 1, 1, 1, 1, 2, 2, 1, 2, 3, 5, 5, 8, 8, 8, 8, 8, 10, 10, 10, 10, 14, 14, 14, 16, 16, 16, 3, 3]","[1, 1, 1, 1, 1, 1, 1, 1, 1, 1, 1, 2, 2, 1, 2, 3, 5, 5, 8, 8, 8, 8, 8, 10, 10, 10, 10, 14, 14, 14, 16, 16, 16, 3, 3]","13","13","13","0.001995086669921875","0.0019991397857666016"
"582","100","118","35","True","True","100","118","35","True","True","100","118","35","True","True","0.0","0.0","13","13","13","51","51","51","[1, 1, 1, 1, 1, 1, 3, 3, 1, 3, 3, 3, 3, 3, 3, 3, 5, 5, 5, 5, 3, 3, 6, 6, 3, 4, 4, 4, 6, 6, 1, 1, 1, 1, 1]","[1, 1, 1, 1, 1, 1, 3, 3, 1, 3, 3, 3, 3, 3, 3, 3, 5, 5, 5, 5, 3, 3, 6, 6, 3, 4, 4, 4, 6, 6, 1, 1, 1, 1, 1]","[1, 1, 1, 1, 1, 1, 3, 3, 1, 3, 3, 3, 3, 3, 3, 3, 5, 5, 5, 5, 3, 3, 6, 6, 3, 4, 4, 4, 6, 6, 1, 1, 1, 1, 1]","13","13","13","0.0029954910278320312","0.002155780792236328"
"583","95","108","35","True","True","95","108","35","True","True","95","108","35","True","True","0.0","0.0","13","13","13","47","47","47","[1, 1, 1, 1, 1, 1, 1, 1, 1, 2, 2, 2, 2, 2, 5, 8, 8, 8, 2, 2, 2, 3, 11, 11, 7, 7, 6, 9, 9, 7, 2, 2, 2, 1, 1]","[1, 1, 1, 1, 1, 1, 1, 1, 1, 2, 2, 2, 2, 2, 5, 8, 8, 8, 2, 2, 2, 3, 11, 11, 7, 7, 6, 9, 9, 7, 2, 2, 2, 1, 1]","[1, 1, 1, 1, 1, 1, 1, 1, 1, 2, 2, 2, 2, 2, 5, 8, 8, 8, 2, 2, 2, 3, 11, 11, 7, 7, 6, 9, 9, 7, 2, 2, 2, 1, 1]","13","13","13","0.0019974708557128906","0.0019969940185546875"
"584","102","120","35","True","False","101","120","35","True","False","101","120","35","True","False","0.0","0.0","15","15","15","51","51","51","[1, 1, 1, 1, 1, 1, 1, 1, 2, 2, 1, 1, 2, 4, 4, 2, 1, 1, 1, 1, 1, 7, 7, 6, 6, 6, 6, 6, 7, 23, 4, 2, 4, 4, 4]","[1, 1, 1, 1, 1, 1, 1, 1, 1, 1, 1, 1, 2, 4, 4, 2, 1, 1, 1, 1, 1, 7, 7, 6, 6, 6, 6, 6, 7, 23, 4, 2, 4, 4, 4]","[1, 1, 1, 1, 1, 1, 1, 1, 1, 1, 1, 1, 2, 4, 4, 2, 1, 1, 1, 1, 1, 7, 7, 6, 6, 6, 6, 6, 7, 23, 4, 2, 4, 4, 4]","15","15","15","0.2488253116607666","0.020421981811523438"
"585","95","107","35","True","True","95","107","35","True","True","95","107","35","True","True","0.0","0.0","13","13","13","46","46","46","[1, 1, 1, 2, 2, 2, 2, 1, 1, 1, 1, 1, 3, 4, 4, 4, 5, 6, 10, 11, 13, 13, 6, 5, 5, 5, 4, 1, 1, 1, 3, 8, 8, 8, 3]","[1, 1, 1, 2, 2, 2, 2, 1, 1, 1, 1, 1, 3, 4, 4, 4, 5, 6, 10, 11, 13, 13, 6, 5, 5, 5, 4, 1, 1, 1, 3, 8, 8, 8, 3]","[1, 1, 1, 2, 2, 2, 2, 1, 1, 1, 1, 1, 3, 4, 4, 4, 5, 6, 10, 11, 13, 13, 6, 5, 5, 5, 4, 1, 1, 1, 3, 8, 8, 8, 3]","13","13","13","0.0019991397857666016","0.0009984970092773438"
"586","95","107","35","True","True","95","107","35","True","True","95","107","35","True","True","0.0","0.0","13","13","13","46","46","46","[1, 1, 1, 1, 1, 1, 1, 1, 2, 2, 2, 3, 3, 7, 7, 3, 1, 1, 1, 1, 1, 2, 2, 1, 2, 2, 2, 6, 7, 12, 12, 12, 2, 1, 1]","[1, 1, 1, 1, 1, 1, 1, 1, 2, 2, 2, 3, 3, 7, 7, 3, 1, 1, 1, 1, 1, 2, 2, 1, 2, 2, 2, 6, 7, 12, 12, 12, 2, 1, 1]","[1, 1, 1, 1, 1, 1, 1, 1, 2, 2, 2, 3, 3, 7, 7, 3, 1, 1, 1, 1, 1, 2, 2, 1, 2, 2, 2, 6, 7, 12, 12, 12, 2, 1, 1]","13","13","13","0.0009961128234863281","0.002000570297241211"
"587","108","126","35","True","False","94","106","35","False","True","102","116","35","True","True","0.024666931019898697","0.06708251923971553","19","10","14","53","45","48","[1, 1, 1, 1, 2, 3, 3, 3, 3, 3, 3, 7, 9, 9, 9, 9, 9, 57, 57, 14, 14, 35, 35, 35, 42, 45, 83, 42, 35, 35, 14, 14, 7, 2, 1]","[1, 1, 1, 1, 1, 1, 1, 1, 1, 1, 2, 2, 2, 2, 2, 3, 3, 3, 3, 3, 4, 4, 4, 4, 10, 10, 10, 10, 10, 12, 12, 13, 17, 17, 25]","[1, 1, 1, 1, 1, 1, 1, 1, 1, 1, 1, 2, 3, 3, 3, 3, 3, 17, 17, 4, 4, 10, 10, 10, 12, 13, 24, 12, 10, 10, 4, 4, 2, 1, 1]","19","11","14","4.556656837463379","0.8744692802429199"
"588","108","126","35","True","False","89","94","35","True","True","97","105","35","True","True","0.056358844598810354","0.09936312634150335","19","5","9","53","39","43","[1, 1, 1, 1, 1, 1, 13, 3, 3, 3, 3, 3, 6, 6, 7, 7, 11, 11, 10, 3, 3, 2, 1, 39, 39, 39, 39, 17, 28, 28, 28, 14, 15, 15, 15]","[1, 1, 1, 1, 1, 1, 3, 3, 3, 3, 3, 3, 2, 1, 3, 4, 4, 4, 4, 4, 4, 4, 6, 6, 6, 6, 6, 6, 12, 12, 12, 15, 15, 15, 15]","[1, 1, 1, 1, 1, 1, 6, 3, 3, 3, 3, 3, 3, 3, 3, 3, 3, 3, 3, 3, 3, 2, 1, 15, 15, 15, 15, 6, 12, 12, 12, 6, 6, 6, 6]","19","5","9","0.8347022533416748","0.2600088119506836"
"589","95","108","35","True","True","95","108","35","True","True","95","108","35","True","True","0.0","0.0","13","13","13","47","47","47","[1, 1, 1, 1, 1, 1, 2, 4, 14, 14, 14, 18, 18, 18, 18, 32, 50, 50, 14, 14, 13, 13, 9, 2, 4, 4, 4, 4, 40, 40, 2, 1, 1, 1, 1]","[1, 1, 1, 1, 1, 1, 2, 4, 14, 14, 14, 18, 18, 18, 18, 32, 50, 50, 14, 14, 13, 13, 9, 2, 4, 4, 4, 4, 40, 40, 2, 1, 1, 1, 1]","[1, 1, 1, 1, 1, 1, 2, 4, 14, 14, 14, 18, 18, 18, 18, 32, 50, 50, 14, 14, 13, 13, 9, 2, 4, 4, 4, 4, 40, 40, 2, 1, 1, 1, 1]","13","13","13","0.002000093460083008","0.0020008087158203125"
"590","108","126","35","True","False","90","97","35","False","True","98","108","36","True","True","0.04694930991357249","0.08904554112897956","19","6","10","53","40","45","[1, 2, 2, 2, 2, 4, 6, 6, 4, 4, 15, 15, 15, 4, 5, 5, 4, 4, 4, 1, 7, 7, 7, 14, 14, 14, 21, 22, 22, 27, 27, 1, 1, 1, 1]","[0, 0, 0, 0, 0, 0, 1, 1, 1, 1, 2, 2, 2, 2, 2, 2, 2, 2, 2, 2, 2, 2, 3, 3, 5, 5, 5, 7, 7, 7, 8, 8, 8, 9, 9]","[1, 1, 1, 1, 1, 2, 3, 3, 2, 2, 8, 8, 8, 2, 2, 2, 2, 2, 2, 1, 2, 2, 2, 5, 5, 5, 7, 7, 7, 9, 9, 1, 1, 1, 1, 0]","19","7","10","4.017860651016235","0.5068738460540771"
"591","95","108","35","True","True","95","108","35","True","True","95","108","35","True","True","0.0","0.0","13","13","13","47","47","47","[1, 1, 1, 1, 1, 1, 2, 2, 2, 2, 2, 2, 2, 3, 3, 5, 5, 5, 3, 8, 8, 4, 4, 2, 3, 3, 3, 3, 3, 3, 1, 2, 2, 1, 1]","[1, 1, 1, 1, 1, 1, 2, 2, 2, 2, 2, 2, 2, 3, 3, 5, 5, 5, 3, 8, 8, 4, 4, 2, 3, 3, 3, 3, 3, 3, 1, 2, 2, 1, 1]","[1, 1, 1, 1, 1, 1, 2, 2, 2, 2, 2, 2, 2, 3, 3, 5, 5, 5, 3, 8, 8, 4, 4, 2, 3, 3, 3, 3, 3, 3, 1, 2, 2, 1, 1]","13","13","13","0.0020093917846679688","0.0019903182983398438"
"592","95","108","35","True","True","95","108","35","True","True","95","108","35","True","True","0.0","0.0","13","13","13","47","47","47","[1, 1, 1, 1, 1, 1, 2, 2, 1, 1, 2, 2, 2, 2, 6, 6, 6, 5, 5, 2, 2, 2, 2, 2, 3, 7, 7, 3, 1, 3, 3, 1, 1, 1, 1]","[1, 1, 1, 1, 1, 1, 2, 2, 1, 1, 2, 2, 2, 2, 6, 6, 6, 5, 5, 2, 2, 2, 2, 2, 3, 7, 7, 3, 1, 3, 3, 1, 1, 1, 1]","[1, 1, 1, 1, 1, 1, 2, 2, 1, 1, 2, 2, 2, 2, 6, 6, 6, 5, 5, 2, 2, 2, 2, 2, 3, 7, 7, 3, 1, 3, 3, 1, 1, 1, 1]","13","13","13","0.0010960102081298828","0.0019998550415039062"
"593","102","120","35","True","False","101","120","35","True","False","101","120","35","True","False","0.0","0.0","15","15","15","51","51","51","[1, 1, 1, 1, 2, 2, 2, 1, 1, 2, 2, 1, 1, 1, 3, 6, 8, 8, 20, 21, 21, 21, 20, 21, 21, 21, 2, 2, 22, 22, 2, 1, 1, 1, 1]","[1, 1, 1, 1, 1, 1, 1, 1, 1, 2, 2, 1, 1, 1, 3, 6, 8, 8, 20, 20, 20, 20, 20, 21, 21, 21, 2, 2, 22, 22, 2, 1, 1, 1, 1]","[1, 1, 1, 1, 1, 1, 1, 1, 1, 2, 2, 1, 1, 1, 3, 6, 8, 8, 20, 20, 20, 20, 20, 21, 21, 21, 2, 2, 22, 22, 2, 1, 1, 1, 1]","15","15","15","0.2788991928100586","0.019296884536743164"
"594","95","108","35","True","True","95","108","35","True","True","95","108","35","True","True","0.0","0.0","13","13","13","47","47","47","[1, 1, 1, 1, 1, 1, 1, 4, 4, 2, 3, 4, 4, 3, 4, 4, 7, 7, 7, 7, 15, 15, 7, 28, 32, 34, 34, 34, 32, 7, 7, 7, 4, 1, 1]","[1, 1, 1, 1, 1, 1, 1, 4, 4, 2, 3, 4, 4, 3, 4, 4, 7, 7, 7, 7, 15, 15, 7, 28, 32, 34, 34, 34, 32, 7, 7, 7, 4, 1, 1]","[1, 1, 1, 1, 1, 1, 1, 4, 4, 2, 3, 4, 4, 3, 4, 4, 7, 7, 7, 7, 15, 15, 7, 28, 32, 34, 34, 34, 32, 7, 7, 7, 4, 1, 1]","13","13","13","0.0020003318786621094","0.0019996166229248047"
"595","95","107","35","True","True","95","107","35","True","True","95","107","35","True","True","0.0","0.0","13","13","13","46","46","46","[1, 1, 1, 1, 2, 2, 2, 2, 2, 2, 3, 4, 4, 2, 2, 6, 6, 2, 4, 4, 2, 1, 4, 4, 4, 1, 5, 5, 1, 1, 2, 2, 2, 2, 1]","[1, 1, 1, 1, 2, 2, 2, 2, 2, 2, 3, 4, 4, 2, 2, 6, 6, 2, 4, 4, 2, 1, 4, 4, 4, 1, 5, 5, 1, 1, 2, 2, 2, 2, 1]","[1, 1, 1, 1, 2, 2, 2, 2, 2, 2, 3, 4, 4, 2, 2, 6, 6, 2, 4, 4, 2, 1, 4, 4, 4, 1, 5, 5, 1, 1, 2, 2, 2, 2, 1]","13","13","13","0.0010004043579101562","0.0020003318786621094"
"596","95","107","35","True","True","95","107","35","True","True","95","107","35","True","True","0.0","0.0","13","13","13","46","46","46","[1, 1, 1, 1, 1, 1, 1, 1, 1, 2, 4, 4, 5, 5, 8, 8, 8, 4, 5, 5, 5, 5, 7, 7, 9, 9, 1, 1, 8, 14, 14, 9, 6, 1, 1]","[1, 1, 1, 1, 1, 1, 1, 1, 1, 2, 4, 4, 5, 5, 8, 8, 8, 4, 5, 5, 5, 5, 7, 7, 9, 9, 1, 1, 8, 14, 14, 9, 6, 1, 1]","[1, 1, 1, 1, 1, 1, 1, 1, 1, 2, 4, 4, 5, 5, 8, 8, 8, 4, 5, 5, 5, 5, 7, 7, 9, 9, 1, 1, 8, 14, 14, 9, 6, 1, 1]","13","13","13","0.002000570297241211","0.0019996166229248047"
"597","95","108","35","True","True","95","108","35","True","True","95","108","35","True","True","0.0","0.0","13","13","13","47","47","47","[1, 1, 1, 1, 1, 2, 2, 3, 5, 5, 2, 2, 5, 5, 5, 9, 9, 9, 2, 16, 16, 11, 11, 4, 6, 6, 6, 6, 4, 4, 4, 4, 4, 1, 1]","[1, 1, 1, 1, 1, 2, 2, 3, 5, 5, 2, 2, 5, 5, 5, 9, 9, 9, 2, 16, 16, 11, 11, 4, 6, 6, 6, 6, 4, 4, 4, 4, 4, 1, 1]","[1, 1, 1, 1, 1, 2, 2, 3, 5, 5, 2, 2, 5, 5, 5, 9, 9, 9, 2, 16, 16, 11, 11, 4, 6, 6, 6, 6, 4, 4, 4, 4, 4, 1, 1]","13","13","13","0.0020933151245117188","0.0019979476928710938"
"598","100","117","35","True","True","100","117","35","True","True","100","117","35","True","True","0.0","0.0","13","13","13","50","50","50","[1, 1, 1, 1, 1, 1, 1, 2, 2, 1, 1, 1, 2, 2, 3, 3, 3, 3, 3, 8, 11, 11, 3, 6, 11, 11, 10, 10, 10, 1, 4, 4, 4, 4, 1]","[1, 1, 1, 1, 1, 1, 1, 2, 2, 1, 1, 1, 2, 2, 3, 3, 3, 3, 3, 8, 11, 11, 3, 6, 11, 11, 10, 10, 10, 1, 4, 4, 4, 4, 1]","[1, 1, 1, 1, 1, 1, 1, 2, 2, 1, 1, 1, 2, 2, 3, 3, 3, 3, 3, 8, 11, 11, 3, 6, 11, 11, 10, 10, 10, 1, 4, 4, 4, 4, 1]","13","13","13","0.0020020008087158203","0.0009980201721191406"
"599","102","120","35","True","False","101","119","35","True","False","101","119","35","True","False","0.004391355390180762","0.004391355390180762","15","15","15","51","50","50","[1, 1, 1, 1, 1, 1, 1, 1, 1, 1, 1, 1, 1, 1, 2, 2, 2, 2, 2, 2, 2, 4, 5, 5, 6, 16, 17, 17, 95, 19, 23, 46, 46, 46, 14]","[1, 1, 1, 1, 1, 1, 1, 1, 1, 1, 1, 1, 1, 1, 2, 2, 2, 2, 2, 2, 2, 4, 5, 5, 6, 16, 17, 17, 95, 19, 23, 46, 46, 46, 14]","[1, 1, 1, 1, 1, 1, 1, 1, 1, 1, 1, 1, 1, 1, 2, 2, 2, 2, 2, 2, 2, 4, 5, 5, 6, 16, 17, 17, 95, 19, 23, 46, 46, 46, 14]","15","15","15","0.2600712776184082","0.0213625431060791"
